▲ Next.js 16.2.12 (Turbopack)
- Local:         http://localhost:3000
- Network:       http://192.168.1.9:3000
✓ Ready in 531ms

[browser] ⨯ unhandledRejection: TypeError: Failed to fetch
    at request (lib/base44Client.js:38:28)
    at Object.get (lib/base44Client.js:64:32)
    at Object.list (lib/base44Client.js:75:27)
    at Home.useEffect (app/(home)/page.js:14:1)
  36 |     if (token) headers["Authorization"] = `Bearer ${token}`;
  37 |
> 38 |     const response = await fetch(url, {
     |                            ^
  39 |       method: config.method || "GET",
  40 |       headers,
  41 |       body: config.data ? JSON.stringify(config.data) : undefined,
 GET /worker.js 404 in 777ms (next.js: 479ms, application-code: 297ms)
 GET / 200 in 129ms (next.js: 32ms, application-code: 97ms)
 GET / 200 in 69ms (next.js: 3ms, application-code: 66ms)
 GET / 200 in 72ms (next.js: 5ms, application-code: 66ms)
 GET /api/products 404 in 87ms (next.js: 7ms, application-code: 81ms)
 GET /worker.js 404 in 65ms (next.js: 5ms, application-code: 61ms)
✓ Compiled in 454ms
 GET / 200 in 658ms (next.js: 83ms, application-code: 575ms)
 GET / 200 in 491ms (next.js: 9ms, application-code: 482ms)
 GET / 200 in 439ms (next.js: 48ms, application-code: 391ms)
 GET / 200 in 208ms (next.js: 13ms, application-code: 195ms)
 GET / 200 in 472ms (next.js: 14ms, application-code: 458ms)
 GET / 200 in 184ms (next.js: 10ms, application-code: 174ms)
 GET /worker.js 404 in 132ms (next.js: 27ms, application-code: 105ms)
 GET /api/products 404 in 129ms (next.js: 7ms, application-code: 122ms)
 GET /worker.js 404 in 72ms (next.js: 4ms, application-code: 67ms)
 GET /worker.js 404 in 65ms (next.js: 5ms, application-code: 60ms)
⨯ ./components/ui/context-menu.jsx:2:1
Module not found: Can't resolve '@radix-ui/react-context-menu'
  [90m1 |[0m [36mimport[0m * [36mas[0m [33mReact[0m [36mfrom[0m [32m"react"[0m
[31m[1m>[0m [90m2 |[0m [36mimport[0m * [36mas[0m [33mContextMenuPrimitive[0m [36mfrom[0m [32m"@radix-ui/react-context-menu"[0m
  [90m  |[0m [31m[1m^^^^^^^^^^^^^^^^^^^^^^^^^^^^^^^^^^^^^^^^^^^^^^^^^^^^^^^^^^^^^^^^^^^^[0m
  [90m3 |[0m [36mimport[0m { [33mCheck[0m, [33mChevronRight[0m, [33mCircle[0m } [36mfrom[0m [32m"lucide-react"[0m
  [90m4 |[0m
  [90m5 |[0m [36mimport[0m { cn } [36mfrom[0m [32m"@/lib/utils"[0m



Import traces:
  Client Component Browser:
    ./components/ui/context-menu.jsx [Client Component Browser]
    ./components/MenuItemCard.jsx [Client Component Browser]
    ./app/(home)/page.js [Client Component Browser]
    ./app/(home)/page.js [Server Component]

  Client Component SSR:
    ./components/ui/context-menu.jsx [Client Component SSR]
    ./components/MenuItemCard.jsx [Client Component SSR]
    ./app/(home)/page.js [Client Component SSR]
    ./app/(home)/page.js [Server Component]

https://nextjs.org/docs/messages/module-not-found


⨯ ./components/ui/context-menu.jsx:2:1
Module not found: Can't resolve '@radix-ui/react-context-menu'
  [90m1 |[0m [36mimport[0m * [36mas[0m [33mReact[0m [36mfrom[0m [32m"react"[0m
[31m[1m>[0m [90m2 |[0m [36mimport[0m * [36mas[0m [33mContextMenuPrimitive[0m [36mfrom[0m [32m"@radix-ui/react-context-menu"[0m
  [90m  |[0m [31m[1m^^^^^^^^^^^^^^^^^^^^^^^^^^^^^^^^^^^^^^^^^^^^^^^^^^^^^^^^^^^^^^^^^^^^[0m
  [90m3 |[0m [36mimport[0m { [33mCheck[0m, [33mChevronRight[0m, [33mCircle[0m } [36mfrom[0m [32m"lucide-react"[0m
  [90m4 |[0m
  [90m5 |[0m [36mimport[0m { cn } [36mfrom[0m [32m"@/lib/utils"[0m



Import traces:
  Client Component Browser:
    ./components/ui/context-menu.jsx [Client Component Browser]
    ./components/MenuItemCard.jsx [Client Component Browser]
    ./app/(home)/page.js [Client Component Browser]
    ./app/(home)/page.js [Server Component]

  Client Component SSR:
    ./components/ui/context-menu.jsx [Client Component SSR]
    ./components/MenuItemCard.jsx [Client Component SSR]
    ./app/(home)/page.js [Client Component SSR]
    ./app/(home)/page.js [Server Component]

https://nextjs.org/docs/messages/module-not-found


⨯ ./components/ui/context-menu.jsx:2:1
Module not found: Can't resolve '@radix-ui/react-context-menu'
  [90m1 |[0m [36mimport[0m * [36mas[0m [33mReact[0m [36mfrom[0m [32m"react"[0m
[31m[1m>[0m [90m2 |[0m [36mimport[0m * [36mas[0m [33mContextMenuPrimitive[0m [36mfrom[0m [32m"@radix-ui/react-context-menu"[0m
  [90m  |[0m [31m[1m^^^^^^^^^^^^^^^^^^^^^^^^^^^^^^^^^^^^^^^^^^^^^^^^^^^^^^^^^^^^^^^^^^^^[0m
  [90m3 |[0m [36mimport[0m { [33mCheck[0m, [33mChevronRight[0m, [33mCircle[0m } [36mfrom[0m [32m"lucide-react"[0m
  [90m4 |[0m
  [90m5 |[0m [36mimport[0m { cn } [36mfrom[0m [32m"@/lib/utils"[0m



Import traces:
  Client Component Browser:
    ./components/ui/context-menu.jsx [Client Component Browser]
    ./components/MenuItemCard.jsx [Client Component Browser]
    ./app/(home)/page.js [Client Component Browser]
    ./app/(home)/page.js [Server Component]

  Client Component SSR:
    ./components/ui/context-menu.jsx [Client Component SSR]
    ./components/MenuItemCard.jsx [Client Component SSR]
    ./app/(home)/page.js [Client Component SSR]
    ./app/(home)/page.js [Server Component]

https://nextjs.org/docs/messages/module-not-found


⨯ ./components/ui/context-menu.jsx:2:1
Module not found: Can't resolve '@radix-ui/react-context-menu'
  [90m1 |[0m [36mimport[0m * [36mas[0m [33mReact[0m [36mfrom[0m [32m"react"[0m
[31m[1m>[0m [90m2 |[0m [36mimport[0m * [36mas[0m [33mContextMenuPrimitive[0m [36mfrom[0m [32m"@radix-ui/react-context-menu"[0m
  [90m  |[0m [31m[1m^^^^^^^^^^^^^^^^^^^^^^^^^^^^^^^^^^^^^^^^^^^^^^^^^^^^^^^^^^^^^^^^^^^^[0m
  [90m3 |[0m [36mimport[0m { [33mCheck[0m, [33mChevronRight[0m, [33mCircle[0m } [36mfrom[0m [32m"lucide-react"[0m
  [90m4 |[0m
  [90m5 |[0m [36mimport[0m { cn } [36mfrom[0m [32m"@/lib/utils"[0m



Import traces:
  Client Component Browser:
    ./components/ui/context-menu.jsx [Client Component Browser]
    ./components/MenuItemCard.jsx [Client Component Browser]
    ./app/(home)/page.js [Client Component Browser]
    ./app/(home)/page.js [Server Component]

  Client Component SSR:
    ./components/ui/context-menu.jsx [Client Component SSR]
    ./components/MenuItemCard.jsx [Client Component SSR]
    ./app/(home)/page.js [Client Component SSR]
    ./app/(home)/page.js [Server Component]

https://nextjs.org/docs/messages/module-not-found


⨯ ./components/ui/context-menu.jsx:2:1
Module not found: Can't resolve '@radix-ui/react-context-menu'
  [90m1 |[0m [36mimport[0m * [36mas[0m [33mReact[0m [36mfrom[0m [32m"react"[0m
[31m[1m>[0m [90m2 |[0m [36mimport[0m * [36mas[0m [33mContextMenuPrimitive[0m [36mfrom[0m [32m"@radix-ui/react-context-menu"[0m
  [90m  |[0m [31m[1m^^^^^^^^^^^^^^^^^^^^^^^^^^^^^^^^^^^^^^^^^^^^^^^^^^^^^^^^^^^^^^^^^^^^[0m
  [90m3 |[0m [36mimport[0m { [33mCheck[0m, [33mChevronRight[0m, [33mCircle[0m } [36mfrom[0m [32m"lucide-react"[0m
  [90m4 |[0m
  [90m5 |[0m [36mimport[0m { cn } [36mfrom[0m [32m"@/lib/utils"[0m



Import traces:
  Client Component Browser:
    ./components/ui/context-menu.jsx [Client Component Browser]
    ./components/MenuItemCard.jsx [Client Component Browser]
    ./app/(home)/page.js [Client Component Browser]
    ./app/(home)/page.js [Server Component]

  Client Component SSR:
    ./components/ui/context-menu.jsx [Client Component SSR]
    ./components/MenuItemCard.jsx [Client Component SSR]
    ./app/(home)/page.js [Client Component SSR]
    ./app/(home)/page.js [Server Component]

https://nextjs.org/docs/messages/module-not-found


⨯ ./components/ui/context-menu.jsx:2:1
Module not found: Can't resolve '@radix-ui/react-context-menu'
  [90m1 |[0m [36mimport[0m * [36mas[0m [33mReact[0m [36mfrom[0m [32m"react"[0m
[31m[1m>[0m [90m2 |[0m [36mimport[0m * [36mas[0m [33mContextMenuPrimitive[0m [36mfrom[0m [32m"@radix-ui/react-context-menu"[0m
  [90m  |[0m [31m[1m^^^^^^^^^^^^^^^^^^^^^^^^^^^^^^^^^^^^^^^^^^^^^^^^^^^^^^^^^^^^^^^^^^^^[0m
  [90m3 |[0m [36mimport[0m { [33mCheck[0m, [33mChevronRight[0m, [33mCircle[0m } [36mfrom[0m [32m"lucide-react"[0m
  [90m4 |[0m
  [90m5 |[0m [36mimport[0m { cn } [36mfrom[0m [32m"@/lib/utils"[0m



Import traces:
  Client Component Browser:
    ./components/ui/context-menu.jsx [Client Component Browser]
    ./components/MenuItemCard.jsx [Client Component Browser]
    ./app/(home)/page.js [Client Component Browser]
    ./app/(home)/page.js [Server Component]

  Client Component SSR:
    ./components/ui/context-menu.jsx [Client Component SSR]
    ./components/MenuItemCard.jsx [Client Component SSR]
    ./app/(home)/page.js [Client Component SSR]
    ./app/(home)/page.js [Server Component]

https://nextjs.org/docs/messages/module-not-found


⨯ ./components/ui/context-menu.jsx:2:1
Module not found: Can't resolve '@radix-ui/react-context-menu'
  [90m1 |[0m [36mimport[0m * [36mas[0m [33mReact[0m [36mfrom[0m [32m"react"[0m
[31m[1m>[0m [90m2 |[0m [36mimport[0m * [36mas[0m [33mContextMenuPrimitive[0m [36mfrom[0m [32m"@radix-ui/react-context-menu"[0m
  [90m  |[0m [31m[1m^^^^^^^^^^^^^^^^^^^^^^^^^^^^^^^^^^^^^^^^^^^^^^^^^^^^^^^^^^^^^^^^^^^^[0m
  [90m3 |[0m [36mimport[0m { [33mCheck[0m, [33mChevronRight[0m, [33mCircle[0m } [36mfrom[0m [32m"lucide-react"[0m
  [90m4 |[0m
  [90m5 |[0m [36mimport[0m { cn } [36mfrom[0m [32m"@/lib/utils"[0m



Import traces:
  Client Component Browser:
    ./components/ui/context-menu.jsx [Client Component Browser]
    ./components/MenuItemCard.jsx [Client Component Browser]
    ./app/(home)/page.js [Client Component Browser]
    ./app/(home)/page.js [Server Component]

  Client Component SSR:
    ./components/ui/context-menu.jsx [Client Component SSR]
    ./components/MenuItemCard.jsx [Client Component SSR]
    ./app/(home)/page.js [Client Component SSR]
    ./app/(home)/page.js [Server Component]

https://nextjs.org/docs/messages/module-not-found


⨯ ./components/ui/context-menu.jsx:2:1
Module not found: Can't resolve '@radix-ui/react-context-menu'
  [90m1 |[0m [36mimport[0m * [36mas[0m [33mReact[0m [36mfrom[0m [32m"react"[0m
[31m[1m>[0m [90m2 |[0m [36mimport[0m * [36mas[0m [33mContextMenuPrimitive[0m [36mfrom[0m [32m"@radix-ui/react-context-menu"[0m
  [90m  |[0m [31m[1m^^^^^^^^^^^^^^^^^^^^^^^^^^^^^^^^^^^^^^^^^^^^^^^^^^^^^^^^^^^^^^^^^^^^[0m
  [90m3 |[0m [36mimport[0m { [33mCheck[0m, [33mChevronRight[0m, [33mCircle[0m } [36mfrom[0m [32m"lucide-react"[0m
  [90m4 |[0m
  [90m5 |[0m [36mimport[0m { cn } [36mfrom[0m [32m"@/lib/utils"[0m



Import traces:
  Client Component Browser:
    ./components/ui/context-menu.jsx [Client Component Browser]
    ./components/MenuItemCard.jsx [Client Component Browser]
    ./app/(home)/page.js [Client Component Browser]
    ./app/(home)/page.js [Server Component]

  Client Component SSR:
    ./components/ui/context-menu.jsx [Client Component SSR]
    ./components/MenuItemCard.jsx [Client Component SSR]
    ./app/(home)/page.js [Client Component SSR]
    ./app/(home)/page.js [Server Component]

https://nextjs.org/docs/messages/module-not-found


⨯ ./components/ui/context-menu.jsx:2:1
Module not found: Can't resolve '@radix-ui/react-context-menu'
  [90m1 |[0m [36mimport[0m * [36mas[0m [33mReact[0m [36mfrom[0m [32m"react"[0m
[31m[1m>[0m [90m2 |[0m [36mimport[0m * [36mas[0m [33mContextMenuPrimitive[0m [36mfrom[0m [32m"@radix-ui/react-context-menu"[0m
  [90m  |[0m [31m[1m^^^^^^^^^^^^^^^^^^^^^^^^^^^^^^^^^^^^^^^^^^^^^^^^^^^^^^^^^^^^^^^^^^^^[0m
  [90m3 |[0m [36mimport[0m { [33mCheck[0m, [33mChevronRight[0m, [33mCircle[0m } [36mfrom[0m [32m"lucide-react"[0m
  [90m4 |[0m
  [90m5 |[0m [36mimport[0m { cn } [36mfrom[0m [32m"@/lib/utils"[0m



Import traces:
  Client Component Browser:
    ./components/ui/context-menu.jsx [Client Component Browser]
    ./components/MenuItemCard.jsx [Client Component Browser]
    ./app/(home)/page.js [Client Component Browser]
    ./app/(home)/page.js [Server Component]

  Client Component SSR:
    ./components/ui/context-menu.jsx [Client Component SSR]
    ./components/MenuItemCard.jsx [Client Component SSR]
    ./app/(home)/page.js [Client Component SSR]
    ./app/(home)/page.js [Server Component]

https://nextjs.org/docs/messages/module-not-found


⨯ ./components/ui/context-menu.jsx:2:1
Module not found: Can't resolve '@radix-ui/react-context-menu'
  [90m1 |[0m [36mimport[0m * [36mas[0m [33mReact[0m [36mfrom[0m [32m"react"[0m
[31m[1m>[0m [90m2 |[0m [36mimport[0m * [36mas[0m [33mContextMenuPrimitive[0m [36mfrom[0m [32m"@radix-ui/react-context-menu"[0m
  [90m  |[0m [31m[1m^^^^^^^^^^^^^^^^^^^^^^^^^^^^^^^^^^^^^^^^^^^^^^^^^^^^^^^^^^^^^^^^^^^^[0m
  [90m3 |[0m [36mimport[0m { [33mCheck[0m, [33mChevronRight[0m, [33mCircle[0m } [36mfrom[0m [32m"lucide-react"[0m
  [90m4 |[0m
  [90m5 |[0m [36mimport[0m { cn } [36mfrom[0m [32m"@/lib/utils"[0m



Import traces:
  Client Component Browser:
    ./components/ui/context-menu.jsx [Client Component Browser]
    ./components/MenuItemCard.jsx [Client Component Browser]
    ./app/(home)/page.js [Client Component Browser]
    ./app/(home)/page.js [Server Component]

  Client Component SSR:
    ./components/ui/context-menu.jsx [Client Component SSR]
    ./components/MenuItemCard.jsx [Client Component SSR]
    ./app/(home)/page.js [Client Component SSR]
    ./app/(home)/page.js [Server Component]

https://nextjs.org/docs/messages/module-not-found


⨯ ./components/ui/context-menu.jsx:2:1
Module not found: Can't resolve '@radix-ui/react-context-menu'
  [90m1 |[0m [36mimport[0m * [36mas[0m [33mReact[0m [36mfrom[0m [32m"react"[0m
[31m[1m>[0m [90m2 |[0m [36mimport[0m * [36mas[0m [33mContextMenuPrimitive[0m [36mfrom[0m [32m"@radix-ui/react-context-menu"[0m
  [90m  |[0m [31m[1m^^^^^^^^^^^^^^^^^^^^^^^^^^^^^^^^^^^^^^^^^^^^^^^^^^^^^^^^^^^^^^^^^^^^[0m
  [90m3 |[0m [36mimport[0m { [33mCheck[0m, [33mChevronRight[0m, [33mCircle[0m } [36mfrom[0m [32m"lucide-react"[0m
  [90m4 |[0m
  [90m5 |[0m [36mimport[0m { cn } [36mfrom[0m [32m"@/lib/utils"[0m



Import traces:
  Client Component Browser:
    ./components/ui/context-menu.jsx [Client Component Browser]
    ./components/MenuItemCard.jsx [Client Component Browser]
    ./app/(home)/page.js [Client Component Browser]
    ./app/(home)/page.js [Server Component]

  Client Component SSR:
    ./components/ui/context-menu.jsx [Client Component SSR]
    ./components/MenuItemCard.jsx [Client Component SSR]
    ./app/(home)/page.js [Client Component SSR]
    ./app/(home)/page.js [Server Component]

https://nextjs.org/docs/messages/module-not-found


⨯ ./components/ui/context-menu.jsx:2:1
Module not found: Can't resolve '@radix-ui/react-context-menu'
  [90m1 |[0m [36mimport[0m * [36mas[0m [33mReact[0m [36mfrom[0m [32m"react"[0m
[31m[1m>[0m [90m2 |[0m [36mimport[0m * [36mas[0m [33mContextMenuPrimitive[0m [36mfrom[0m [32m"@radix-ui/react-context-menu"[0m
  [90m  |[0m [31m[1m^^^^^^^^^^^^^^^^^^^^^^^^^^^^^^^^^^^^^^^^^^^^^^^^^^^^^^^^^^^^^^^^^^^^[0m
  [90m3 |[0m [36mimport[0m { [33mCheck[0m, [33mChevronRight[0m, [33mCircle[0m } [36mfrom[0m [32m"lucide-react"[0m
  [90m4 |[0m
  [90m5 |[0m [36mimport[0m { cn } [36mfrom[0m [32m"@/lib/utils"[0m



Import traces:
  Client Component Browser:
    ./components/ui/context-menu.jsx [Client Component Browser]
    ./components/MenuItemCard.jsx [Client Component Browser]
    ./app/(home)/page.js [Client Component Browser]
    ./app/(home)/page.js [Server Component]

  Client Component SSR:
    ./components/ui/context-menu.jsx [Client Component SSR]
    ./components/MenuItemCard.jsx [Client Component SSR]
    ./app/(home)/page.js [Client Component SSR]
    ./app/(home)/page.js [Server Component]

https://nextjs.org/docs/messages/module-not-found


⨯ ./components/ui/context-menu.jsx:2:1
Module not found: Can't resolve '@radix-ui/react-context-menu'
  [90m1 |[0m [36mimport[0m * [36mas[0m [33mReact[0m [36mfrom[0m [32m"react"[0m
[31m[1m>[0m [90m2 |[0m [36mimport[0m * [36mas[0m [33mContextMenuPrimitive[0m [36mfrom[0m [32m"@radix-ui/react-context-menu"[0m
  [90m  |[0m [31m[1m^^^^^^^^^^^^^^^^^^^^^^^^^^^^^^^^^^^^^^^^^^^^^^^^^^^^^^^^^^^^^^^^^^^^[0m
  [90m3 |[0m [36mimport[0m { [33mCheck[0m, [33mChevronRight[0m, [33mCircle[0m } [36mfrom[0m [32m"lucide-react"[0m
  [90m4 |[0m
  [90m5 |[0m [36mimport[0m { cn } [36mfrom[0m [32m"@/lib/utils"[0m



Import traces:
  Client Component Browser:
    ./components/ui/context-menu.jsx [Client Component Browser]
    ./components/MenuItemCard.jsx [Client Component Browser]
    ./app/(home)/page.js [Client Component Browser]
    ./app/(home)/page.js [Server Component]

  Client Component SSR:
    ./components/ui/context-menu.jsx [Client Component SSR]
    ./components/MenuItemCard.jsx [Client Component SSR]
    ./app/(home)/page.js [Client Component SSR]
    ./app/(home)/page.js [Server Component]

https://nextjs.org/docs/messages/module-not-found


⨯ ./components/ui/context-menu.jsx:2:1
Module not found: Can't resolve '@radix-ui/react-context-menu'
  [90m1 |[0m [36mimport[0m * [36mas[0m [33mReact[0m [36mfrom[0m [32m"react"[0m
[31m[1m>[0m [90m2 |[0m [36mimport[0m * [36mas[0m [33mContextMenuPrimitive[0m [36mfrom[0m [32m"@radix-ui/react-context-menu"[0m
  [90m  |[0m [31m[1m^^^^^^^^^^^^^^^^^^^^^^^^^^^^^^^^^^^^^^^^^^^^^^^^^^^^^^^^^^^^^^^^^^^^[0m
  [90m3 |[0m [36mimport[0m { [33mCheck[0m, [33mChevronRight[0m, [33mCircle[0m } [36mfrom[0m [32m"lucide-react"[0m
  [90m4 |[0m
  [90m5 |[0m [36mimport[0m { cn } [36mfrom[0m [32m"@/lib/utils"[0m



Import traces:
  Client Component Browser:
    ./components/ui/context-menu.jsx [Client Component Browser]
    ./components/MenuItemCard.jsx [Client Component Browser]
    ./app/(home)/page.js [Client Component Browser]
    ./app/(home)/page.js [Server Component]

  Client Component SSR:
    ./components/ui/context-menu.jsx [Client Component SSR]
    ./components/MenuItemCard.jsx [Client Component SSR]
    ./app/(home)/page.js [Client Component SSR]
    ./app/(home)/page.js [Server Component]

https://nextjs.org/docs/messages/module-not-found


⨯ ./components/ui/context-menu.jsx:2:1
Module not found: Can't resolve '@radix-ui/react-context-menu'
  [90m1 |[0m [36mimport[0m * [36mas[0m [33mReact[0m [36mfrom[0m [32m"react"[0m
[31m[1m>[0m [90m2 |[0m [36mimport[0m * [36mas[0m [33mContextMenuPrimitive[0m [36mfrom[0m [32m"@radix-ui/react-context-menu"[0m
  [90m  |[0m [31m[1m^^^^^^^^^^^^^^^^^^^^^^^^^^^^^^^^^^^^^^^^^^^^^^^^^^^^^^^^^^^^^^^^^^^^[0m
  [90m3 |[0m [36mimport[0m { [33mCheck[0m, [33mChevronRight[0m, [33mCircle[0m } [36mfrom[0m [32m"lucide-react"[0m
  [90m4 |[0m
  [90m5 |[0m [36mimport[0m { cn } [36mfrom[0m [32m"@/lib/utils"[0m



Import traces:
  Client Component Browser:
    ./components/ui/context-menu.jsx [Client Component Browser]
    ./components/MenuItemCard.jsx [Client Component Browser]
    ./app/(home)/page.js [Client Component Browser]
    ./app/(home)/page.js [Server Component]

  Client Component SSR:
    ./components/ui/context-menu.jsx [Client Component SSR]
    ./components/MenuItemCard.jsx [Client Component SSR]
    ./app/(home)/page.js [Client Component SSR]
    ./app/(home)/page.js [Server Component]

https://nextjs.org/docs/messages/module-not-found


⨯ ./components/ui/context-menu.jsx:2:1
Module not found: Can't resolve '@radix-ui/react-context-menu'
  [90m1 |[0m [36mimport[0m * [36mas[0m [33mReact[0m [36mfrom[0m [32m"react"[0m
[31m[1m>[0m [90m2 |[0m [36mimport[0m * [36mas[0m [33mContextMenuPrimitive[0m [36mfrom[0m [32m"@radix-ui/react-context-menu"[0m
  [90m  |[0m [31m[1m^^^^^^^^^^^^^^^^^^^^^^^^^^^^^^^^^^^^^^^^^^^^^^^^^^^^^^^^^^^^^^^^^^^^[0m
  [90m3 |[0m [36mimport[0m { [33mCheck[0m, [33mChevronRight[0m, [33mCircle[0m } [36mfrom[0m [32m"lucide-react"[0m
  [90m4 |[0m
  [90m5 |[0m [36mimport[0m { cn } [36mfrom[0m [32m"@/lib/utils"[0m



Import traces:
  Client Component Browser:
    ./components/ui/context-menu.jsx [Client Component Browser]
    ./components/MenuItemCard.jsx [Client Component Browser]
    ./app/(home)/page.js [Client Component Browser]
    ./app/(home)/page.js [Server Component]

  Client Component SSR:
    ./components/ui/context-menu.jsx [Client Component SSR]
    ./components/MenuItemCard.jsx [Client Component SSR]
    ./app/(home)/page.js [Client Component SSR]
    ./app/(home)/page.js [Server Component]

https://nextjs.org/docs/messages/module-not-found


⨯ ./components/ui/context-menu.jsx:2:1
Module not found: Can't resolve '@radix-ui/react-context-menu'
  [90m1 |[0m [36mimport[0m * [36mas[0m [33mReact[0m [36mfrom[0m [32m"react"[0m
[31m[1m>[0m [90m2 |[0m [36mimport[0m * [36mas[0m [33mContextMenuPrimitive[0m [36mfrom[0m [32m"@radix-ui/react-context-menu"[0m
  [90m  |[0m [31m[1m^^^^^^^^^^^^^^^^^^^^^^^^^^^^^^^^^^^^^^^^^^^^^^^^^^^^^^^^^^^^^^^^^^^^[0m
  [90m3 |[0m [36mimport[0m { [33mCheck[0m, [33mChevronRight[0m, [33mCircle[0m } [36mfrom[0m [32m"lucide-react"[0m
  [90m4 |[0m
  [90m5 |[0m [36mimport[0m { cn } [36mfrom[0m [32m"@/lib/utils"[0m



Import traces:
  Client Component Browser:
    ./components/ui/context-menu.jsx [Client Component Browser]
    ./components/MenuItemCard.jsx [Client Component Browser]
    ./app/(home)/page.js [Client Component Browser]
    ./app/(home)/page.js [Server Component]

  Client Component SSR:
    ./components/ui/context-menu.jsx [Client Component SSR]
    ./components/MenuItemCard.jsx [Client Component SSR]
    ./app/(home)/page.js [Client Component SSR]
    ./app/(home)/page.js [Server Component]

https://nextjs.org/docs/messages/module-not-found


⨯ ./components/ui/context-menu.jsx:2:1
Module not found: Can't resolve '@radix-ui/react-context-menu'
  [90m1 |[0m [36mimport[0m * [36mas[0m [33mReact[0m [36mfrom[0m [32m"react"[0m
[31m[1m>[0m [90m2 |[0m [36mimport[0m * [36mas[0m [33mContextMenuPrimitive[0m [36mfrom[0m [32m"@radix-ui/react-context-menu"[0m
  [90m  |[0m [31m[1m^^^^^^^^^^^^^^^^^^^^^^^^^^^^^^^^^^^^^^^^^^^^^^^^^^^^^^^^^^^^^^^^^^^^[0m
  [90m3 |[0m [36mimport[0m { [33mCheck[0m, [33mChevronRight[0m, [33mCircle[0m } [36mfrom[0m [32m"lucide-react"[0m
  [90m4 |[0m
  [90m5 |[0m [36mimport[0m { cn } [36mfrom[0m [32m"@/lib/utils"[0m



Import traces:
  Client Component Browser:
    ./components/ui/context-menu.jsx [Client Component Browser]
    ./components/MenuItemCard.jsx [Client Component Browser]
    ./app/(home)/page.js [Client Component Browser]
    ./app/(home)/page.js [Server Component]

  Client Component SSR:
    ./components/ui/context-menu.jsx [Client Component SSR]
    ./components/MenuItemCard.jsx [Client Component SSR]
    ./app/(home)/page.js [Client Component SSR]
    ./app/(home)/page.js [Server Component]

https://nextjs.org/docs/messages/module-not-found


⨯ ./components/ui/context-menu.jsx:2:1
Module not found: Can't resolve '@radix-ui/react-context-menu'
  [90m1 |[0m [36mimport[0m * [36mas[0m [33mReact[0m [36mfrom[0m [32m"react"[0m
[31m[1m>[0m [90m2 |[0m [36mimport[0m * [36mas[0m [33mContextMenuPrimitive[0m [36mfrom[0m [32m"@radix-ui/react-context-menu"[0m
  [90m  |[0m [31m[1m^^^^^^^^^^^^^^^^^^^^^^^^^^^^^^^^^^^^^^^^^^^^^^^^^^^^^^^^^^^^^^^^^^^^[0m
  [90m3 |[0m [36mimport[0m { [33mCheck[0m, [33mChevronRight[0m, [33mCircle[0m } [36mfrom[0m [32m"lucide-react"[0m
  [90m4 |[0m
  [90m5 |[0m [36mimport[0m { cn } [36mfrom[0m [32m"@/lib/utils"[0m



Import traces:
  Client Component Browser:
    ./components/ui/context-menu.jsx [Client Component Browser]
    ./components/MenuItemCard.jsx [Client Component Browser]
    ./app/(home)/page.js [Client Component Browser]
    ./app/(home)/page.js [Server Component]

  Client Component SSR:
    ./components/ui/context-menu.jsx [Client Component SSR]
    ./components/MenuItemCard.jsx [Client Component SSR]
    ./app/(home)/page.js [Client Component SSR]
    ./app/(home)/page.js [Server Component]

https://nextjs.org/docs/messages/module-not-found


⨯ ./components/ui/context-menu.jsx:2:1
Module not found: Can't resolve '@radix-ui/react-context-menu'
  [90m1 |[0m [36mimport[0m * [36mas[0m [33mReact[0m [36mfrom[0m [32m"react"[0m
[31m[1m>[0m [90m2 |[0m [36mimport[0m * [36mas[0m [33mContextMenuPrimitive[0m [36mfrom[0m [32m"@radix-ui/react-context-menu"[0m
  [90m  |[0m [31m[1m^^^^^^^^^^^^^^^^^^^^^^^^^^^^^^^^^^^^^^^^^^^^^^^^^^^^^^^^^^^^^^^^^^^^[0m
  [90m3 |[0m [36mimport[0m { [33mCheck[0m, [33mChevronRight[0m, [33mCircle[0m } [36mfrom[0m [32m"lucide-react"[0m
  [90m4 |[0m
  [90m5 |[0m [36mimport[0m { cn } [36mfrom[0m [32m"@/lib/utils"[0m



Import traces:
  Client Component Browser:
    ./components/ui/context-menu.jsx [Client Component Browser]
    ./components/MenuItemCard.jsx [Client Component Browser]
    ./app/(home)/page.js [Client Component Browser]
    ./app/(home)/page.js [Server Component]

  Client Component SSR:
    ./components/ui/context-menu.jsx [Client Component SSR]
    ./components/MenuItemCard.jsx [Client Component SSR]
    ./app/(home)/page.js [Client Component SSR]
    ./app/(home)/page.js [Server Component]

https://nextjs.org/docs/messages/module-not-found


⨯ ./components/ui/context-menu.jsx:2:1
Module not found: Can't resolve '@radix-ui/react-context-menu'
  [90m1 |[0m [36mimport[0m * [36mas[0m [33mReact[0m [36mfrom[0m [32m"react"[0m
[31m[1m>[0m [90m2 |[0m [36mimport[0m * [36mas[0m [33mContextMenuPrimitive[0m [36mfrom[0m [32m"@radix-ui/react-context-menu"[0m
  [90m  |[0m [31m[1m^^^^^^^^^^^^^^^^^^^^^^^^^^^^^^^^^^^^^^^^^^^^^^^^^^^^^^^^^^^^^^^^^^^^[0m
  [90m3 |[0m [36mimport[0m { [33mCheck[0m, [33mChevronRight[0m, [33mCircle[0m } [36mfrom[0m [32m"lucide-react"[0m
  [90m4 |[0m
  [90m5 |[0m [36mimport[0m { cn } [36mfrom[0m [32m"@/lib/utils"[0m



Import traces:
  Client Component Browser:
    ./components/ui/context-menu.jsx [Client Component Browser]
    ./components/MenuItemCard.jsx [Client Component Browser]
    ./app/(home)/page.js [Client Component Browser]
    ./app/(home)/page.js [Server Component]

  Client Component SSR:
    ./components/ui/context-menu.jsx [Client Component SSR]
    ./components/MenuItemCard.jsx [Client Component SSR]
    ./app/(home)/page.js [Client Component SSR]
    ./app/(home)/page.js [Server Component]

https://nextjs.org/docs/messages/module-not-found


⨯ ./components/ui/context-menu.jsx:2:1
Module not found: Can't resolve '@radix-ui/react-context-menu'
  [90m1 |[0m [36mimport[0m * [36mas[0m [33mReact[0m [36mfrom[0m [32m"react"[0m
[31m[1m>[0m [90m2 |[0m [36mimport[0m * [36mas[0m [33mContextMenuPrimitive[0m [36mfrom[0m [32m"@radix-ui/react-context-menu"[0m
  [90m  |[0m [31m[1m^^^^^^^^^^^^^^^^^^^^^^^^^^^^^^^^^^^^^^^^^^^^^^^^^^^^^^^^^^^^^^^^^^^^[0m
  [90m3 |[0m [36mimport[0m { [33mCheck[0m, [33mChevronRight[0m, [33mCircle[0m } [36mfrom[0m [32m"lucide-react"[0m
  [90m4 |[0m
  [90m5 |[0m [36mimport[0m { cn } [36mfrom[0m [32m"@/lib/utils"[0m



Import traces:
  Client Component Browser:
    ./components/ui/context-menu.jsx [Client Component Browser]
    ./components/MenuItemCard.jsx [Client Component Browser]
    ./app/(home)/page.js [Client Component Browser]
    ./app/(home)/page.js [Server Component]

  Client Component SSR:
    ./components/ui/context-menu.jsx [Client Component SSR]
    ./components/MenuItemCard.jsx [Client Component SSR]
    ./app/(home)/page.js [Client Component SSR]
    ./app/(home)/page.js [Server Component]

https://nextjs.org/docs/messages/module-not-found


⨯ ./components/ui/context-menu.jsx:2:1
Module not found: Can't resolve '@radix-ui/react-context-menu'
  [90m1 |[0m [36mimport[0m * [36mas[0m [33mReact[0m [36mfrom[0m [32m"react"[0m
[31m[1m>[0m [90m2 |[0m [36mimport[0m * [36mas[0m [33mContextMenuPrimitive[0m [36mfrom[0m [32m"@radix-ui/react-context-menu"[0m
  [90m  |[0m [31m[1m^^^^^^^^^^^^^^^^^^^^^^^^^^^^^^^^^^^^^^^^^^^^^^^^^^^^^^^^^^^^^^^^^^^^[0m
  [90m3 |[0m [36mimport[0m { [33mCheck[0m, [33mChevronRight[0m, [33mCircle[0m } [36mfrom[0m [32m"lucide-react"[0m
  [90m4 |[0m
  [90m5 |[0m [36mimport[0m { cn } [36mfrom[0m [32m"@/lib/utils"[0m



Import traces:
  Client Component Browser:
    ./components/ui/context-menu.jsx [Client Component Browser]
    ./components/MenuItemCard.jsx [Client Component Browser]
    ./app/(home)/page.js [Client Component Browser]
    ./app/(home)/page.js [Server Component]

  Client Component SSR:
    ./components/ui/context-menu.jsx [Client Component SSR]
    ./components/MenuItemCard.jsx [Client Component SSR]
    ./app/(home)/page.js [Client Component SSR]
    ./app/(home)/page.js [Server Component]

https://nextjs.org/docs/messages/module-not-found


⨯ ./components/ui/context-menu.jsx:2:1
Module not found: Can't resolve '@radix-ui/react-context-menu'
  [90m1 |[0m [36mimport[0m * [36mas[0m [33mReact[0m [36mfrom[0m [32m"react"[0m
[31m[1m>[0m [90m2 |[0m [36mimport[0m * [36mas[0m [33mContextMenuPrimitive[0m [36mfrom[0m [32m"@radix-ui/react-context-menu"[0m
  [90m  |[0m [31m[1m^^^^^^^^^^^^^^^^^^^^^^^^^^^^^^^^^^^^^^^^^^^^^^^^^^^^^^^^^^^^^^^^^^^^[0m
  [90m3 |[0m [36mimport[0m { [33mCheck[0m, [33mChevronRight[0m, [33mCircle[0m } [36mfrom[0m [32m"lucide-react"[0m
  [90m4 |[0m
  [90m5 |[0m [36mimport[0m { cn } [36mfrom[0m [32m"@/lib/utils"[0m



Import traces:
  Client Component Browser:
    ./components/ui/context-menu.jsx [Client Component Browser]
    ./components/MenuItemCard.jsx [Client Component Browser]
    ./app/(home)/page.js [Client Component Browser]
    ./app/(home)/page.js [Server Component]

  Client Component SSR:
    ./components/ui/context-menu.jsx [Client Component SSR]
    ./components/MenuItemCard.jsx [Client Component SSR]
    ./app/(home)/page.js [Client Component SSR]
    ./app/(home)/page.js [Server Component]

https://nextjs.org/docs/messages/module-not-found


⨯ ./components/ui/context-menu.jsx:2:1
Module not found: Can't resolve '@radix-ui/react-context-menu'
  [90m1 |[0m [36mimport[0m * [36mas[0m [33mReact[0m [36mfrom[0m [32m"react"[0m
[31m[1m>[0m [90m2 |[0m [36mimport[0m * [36mas[0m [33mContextMenuPrimitive[0m [36mfrom[0m [32m"@radix-ui/react-context-menu"[0m
  [90m  |[0m [31m[1m^^^^^^^^^^^^^^^^^^^^^^^^^^^^^^^^^^^^^^^^^^^^^^^^^^^^^^^^^^^^^^^^^^^^[0m
  [90m3 |[0m [36mimport[0m { [33mCheck[0m, [33mChevronRight[0m, [33mCircle[0m } [36mfrom[0m [32m"lucide-react"[0m
  [90m4 |[0m
  [90m5 |[0m [36mimport[0m { cn } [36mfrom[0m [32m"@/lib/utils"[0m



Import traces:
  Client Component Browser:
    ./components/ui/context-menu.jsx [Client Component Browser]
    ./components/MenuItemCard.jsx [Client Component Browser]
    ./app/(home)/page.js [Client Component Browser]
    ./app/(home)/page.js [Server Component]

  Client Component SSR:
    ./components/ui/context-menu.jsx [Client Component SSR]
    ./components/MenuItemCard.jsx [Client Component SSR]
    ./app/(home)/page.js [Client Component SSR]
    ./app/(home)/page.js [Server Component]

https://nextjs.org/docs/messages/module-not-found


⨯ ./components/ui/context-menu.jsx:2:1
Module not found: Can't resolve '@radix-ui/react-context-menu'
  [90m1 |[0m [36mimport[0m * [36mas[0m [33mReact[0m [36mfrom[0m [32m"react"[0m
[31m[1m>[0m [90m2 |[0m [36mimport[0m * [36mas[0m [33mContextMenuPrimitive[0m [36mfrom[0m [32m"@radix-ui/react-context-menu"[0m
  [90m  |[0m [31m[1m^^^^^^^^^^^^^^^^^^^^^^^^^^^^^^^^^^^^^^^^^^^^^^^^^^^^^^^^^^^^^^^^^^^^[0m
  [90m3 |[0m [36mimport[0m { [33mCheck[0m, [33mChevronRight[0m, [33mCircle[0m } [36mfrom[0m [32m"lucide-react"[0m
  [90m4 |[0m
  [90m5 |[0m [36mimport[0m { cn } [36mfrom[0m [32m"@/lib/utils"[0m



Import traces:
  Client Component Browser:
    ./components/ui/context-menu.jsx [Client Component Browser]
    ./components/MenuItemCard.jsx [Client Component Browser]
    ./app/(home)/page.js [Client Component Browser]
    ./app/(home)/page.js [Server Component]

  Client Component SSR:
    ./components/ui/context-menu.jsx [Client Component SSR]
    ./components/MenuItemCard.jsx [Client Component SSR]
    ./app/(home)/page.js [Client Component SSR]
    ./app/(home)/page.js [Server Component]

https://nextjs.org/docs/messages/module-not-found


⨯ ./components/ui/context-menu.jsx:2:1
Module not found: Can't resolve '@radix-ui/react-context-menu'
  [90m1 |[0m [36mimport[0m * [36mas[0m [33mReact[0m [36mfrom[0m [32m"react"[0m
[31m[1m>[0m [90m2 |[0m [36mimport[0m * [36mas[0m [33mContextMenuPrimitive[0m [36mfrom[0m [32m"@radix-ui/react-context-menu"[0m
  [90m  |[0m [31m[1m^^^^^^^^^^^^^^^^^^^^^^^^^^^^^^^^^^^^^^^^^^^^^^^^^^^^^^^^^^^^^^^^^^^^[0m
  [90m3 |[0m [36mimport[0m { [33mCheck[0m, [33mChevronRight[0m, [33mCircle[0m } [36mfrom[0m [32m"lucide-react"[0m
  [90m4 |[0m
  [90m5 |[0m [36mimport[0m { cn } [36mfrom[0m [32m"@/lib/utils"[0m



Import traces:
  Client Component Browser:
    ./components/ui/context-menu.jsx [Client Component Browser]
    ./components/MenuItemCard.jsx [Client Component Browser]
    ./app/(home)/page.js [Client Component Browser]
    ./app/(home)/page.js [Server Component]

  Client Component SSR:
    ./components/ui/context-menu.jsx [Client Component SSR]
    ./components/MenuItemCard.jsx [Client Component SSR]
    ./app/(home)/page.js [Client Component SSR]
    ./app/(home)/page.js [Server Component]

https://nextjs.org/docs/messages/module-not-found


⨯ ./components/ui/context-menu.jsx:2:1
Module not found: Can't resolve '@radix-ui/react-context-menu'
  [90m1 |[0m [36mimport[0m * [36mas[0m [33mReact[0m [36mfrom[0m [32m"react"[0m
[31m[1m>[0m [90m2 |[0m [36mimport[0m * [36mas[0m [33mContextMenuPrimitive[0m [36mfrom[0m [32m"@radix-ui/react-context-menu"[0m
  [90m  |[0m [31m[1m^^^^^^^^^^^^^^^^^^^^^^^^^^^^^^^^^^^^^^^^^^^^^^^^^^^^^^^^^^^^^^^^^^^^[0m
  [90m3 |[0m [36mimport[0m { [33mCheck[0m, [33mChevronRight[0m, [33mCircle[0m } [36mfrom[0m [32m"lucide-react"[0m
  [90m4 |[0m
  [90m5 |[0m [36mimport[0m { cn } [36mfrom[0m [32m"@/lib/utils"[0m



Import traces:
  Client Component Browser:
    ./components/ui/context-menu.jsx [Client Component Browser]
    ./components/MenuItemCard.jsx [Client Component Browser]
    ./app/(home)/page.js [Client Component Browser]
    ./app/(home)/page.js [Server Component]

  Client Component SSR:
    ./components/ui/context-menu.jsx [Client Component SSR]
    ./components/MenuItemCard.jsx [Client Component SSR]
    ./app/(home)/page.js [Client Component SSR]
    ./app/(home)/page.js [Server Component]

https://nextjs.org/docs/messages/module-not-found


⨯ ./components/ui/context-menu.jsx:2:1
Module not found: Can't resolve '@radix-ui/react-context-menu'
  [90m1 |[0m [36mimport[0m * [36mas[0m [33mReact[0m [36mfrom[0m [32m"react"[0m
[31m[1m>[0m [90m2 |[0m [36mimport[0m * [36mas[0m [33mContextMenuPrimitive[0m [36mfrom[0m [32m"@radix-ui/react-context-menu"[0m
  [90m  |[0m [31m[1m^^^^^^^^^^^^^^^^^^^^^^^^^^^^^^^^^^^^^^^^^^^^^^^^^^^^^^^^^^^^^^^^^^^^[0m
  [90m3 |[0m [36mimport[0m { [33mCheck[0m, [33mChevronRight[0m, [33mCircle[0m } [36mfrom[0m [32m"lucide-react"[0m
  [90m4 |[0m
  [90m5 |[0m [36mimport[0m { cn } [36mfrom[0m [32m"@/lib/utils"[0m



Import traces:
  Client Component Browser:
    ./components/ui/context-menu.jsx [Client Component Browser]
    ./components/MenuItemCard.jsx [Client Component Browser]
    ./app/(home)/page.js [Client Component Browser]
    ./app/(home)/page.js [Server Component]

  Client Component SSR:
    ./components/ui/context-menu.jsx [Client Component SSR]
    ./components/MenuItemCard.jsx [Client Component SSR]
    ./app/(home)/page.js [Client Component SSR]
    ./app/(home)/page.js [Server Component]

https://nextjs.org/docs/messages/module-not-found


⨯ ./components/ui/context-menu.jsx:2:1
Module not found: Can't resolve '@radix-ui/react-context-menu'
  [90m1 |[0m [36mimport[0m * [36mas[0m [33mReact[0m [36mfrom[0m [32m"react"[0m
[31m[1m>[0m [90m2 |[0m [36mimport[0m * [36mas[0m [33mContextMenuPrimitive[0m [36mfrom[0m [32m"@radix-ui/react-context-menu"[0m
  [90m  |[0m [31m[1m^^^^^^^^^^^^^^^^^^^^^^^^^^^^^^^^^^^^^^^^^^^^^^^^^^^^^^^^^^^^^^^^^^^^[0m
  [90m3 |[0m [36mimport[0m { [33mCheck[0m, [33mChevronRight[0m, [33mCircle[0m } [36mfrom[0m [32m"lucide-react"[0m
  [90m4 |[0m
  [90m5 |[0m [36mimport[0m { cn } [36mfrom[0m [32m"@/lib/utils"[0m



Import traces:
  Client Component Browser:
    ./components/ui/context-menu.jsx [Client Component Browser]
    ./components/MenuItemCard.jsx [Client Component Browser]
    ./app/(home)/page.js [Client Component Browser]
    ./app/(home)/page.js [Server Component]

  Client Component SSR:
    ./components/ui/context-menu.jsx [Client Component SSR]
    ./components/MenuItemCard.jsx [Client Component SSR]
    ./app/(home)/page.js [Client Component SSR]
    ./app/(home)/page.js [Server Component]

https://nextjs.org/docs/messages/module-not-found


⨯ ./components/ui/context-menu.jsx:2:1
Module not found: Can't resolve '@radix-ui/react-context-menu'
  [90m1 |[0m [36mimport[0m * [36mas[0m [33mReact[0m [36mfrom[0m [32m"react"[0m
[31m[1m>[0m [90m2 |[0m [36mimport[0m * [36mas[0m [33mContextMenuPrimitive[0m [36mfrom[0m [32m"@radix-ui/react-context-menu"[0m
  [90m  |[0m [31m[1m^^^^^^^^^^^^^^^^^^^^^^^^^^^^^^^^^^^^^^^^^^^^^^^^^^^^^^^^^^^^^^^^^^^^[0m
  [90m3 |[0m [36mimport[0m { [33mCheck[0m, [33mChevronRight[0m, [33mCircle[0m } [36mfrom[0m [32m"lucide-react"[0m
  [90m4 |[0m
  [90m5 |[0m [36mimport[0m { cn } [36mfrom[0m [32m"@/lib/utils"[0m



Import traces:
  Client Component Browser:
    ./components/ui/context-menu.jsx [Client Component Browser]
    ./components/MenuItemCard.jsx [Client Component Browser]
    ./app/(home)/page.js [Client Component Browser]
    ./app/(home)/page.js [Server Component]

  Client Component SSR:
    ./components/ui/context-menu.jsx [Client Component SSR]
    ./components/MenuItemCard.jsx [Client Component SSR]
    ./app/(home)/page.js [Client Component SSR]
    ./app/(home)/page.js [Server Component]

https://nextjs.org/docs/messages/module-not-found


⨯ ./components/ui/context-menu.jsx:2:1
Module not found: Can't resolve '@radix-ui/react-context-menu'
  [90m1 |[0m [36mimport[0m * [36mas[0m [33mReact[0m [36mfrom[0m [32m"react"[0m
[31m[1m>[0m [90m2 |[0m [36mimport[0m * [36mas[0m [33mContextMenuPrimitive[0m [36mfrom[0m [32m"@radix-ui/react-context-menu"[0m
  [90m  |[0m [31m[1m^^^^^^^^^^^^^^^^^^^^^^^^^^^^^^^^^^^^^^^^^^^^^^^^^^^^^^^^^^^^^^^^^^^^[0m
  [90m3 |[0m [36mimport[0m { [33mCheck[0m, [33mChevronRight[0m, [33mCircle[0m } [36mfrom[0m [32m"lucide-react"[0m
  [90m4 |[0m
  [90m5 |[0m [36mimport[0m { cn } [36mfrom[0m [32m"@/lib/utils"[0m



Import traces:
  Client Component Browser:
    ./components/ui/context-menu.jsx [Client Component Browser]
    ./components/MenuItemCard.jsx [Client Component Browser]
    ./app/(home)/page.js [Client Component Browser]
    ./app/(home)/page.js [Server Component]

  Client Component SSR:
    ./components/ui/context-menu.jsx [Client Component SSR]
    ./components/MenuItemCard.jsx [Client Component SSR]
    ./app/(home)/page.js [Client Component SSR]
    ./app/(home)/page.js [Server Component]

https://nextjs.org/docs/messages/module-not-found


⨯ ./components/ui/context-menu.jsx:2:1
Module not found: Can't resolve '@radix-ui/react-context-menu'
  [90m1 |[0m [36mimport[0m * [36mas[0m [33mReact[0m [36mfrom[0m [32m"react"[0m
[31m[1m>[0m [90m2 |[0m [36mimport[0m * [36mas[0m [33mContextMenuPrimitive[0m [36mfrom[0m [32m"@radix-ui/react-context-menu"[0m
  [90m  |[0m [31m[1m^^^^^^^^^^^^^^^^^^^^^^^^^^^^^^^^^^^^^^^^^^^^^^^^^^^^^^^^^^^^^^^^^^^^[0m
  [90m3 |[0m [36mimport[0m { [33mCheck[0m, [33mChevronRight[0m, [33mCircle[0m } [36mfrom[0m [32m"lucide-react"[0m
  [90m4 |[0m
  [90m5 |[0m [36mimport[0m { cn } [36mfrom[0m [32m"@/lib/utils"[0m



Import traces:
  Client Component Browser:
    ./components/ui/context-menu.jsx [Client Component Browser]
    ./components/MenuItemCard.jsx [Client Component Browser]
    ./app/(home)/page.js [Client Component Browser]
    ./app/(home)/page.js [Server Component]

  Client Component SSR:
    ./components/ui/context-menu.jsx [Client Component SSR]
    ./components/MenuItemCard.jsx [Client Component SSR]
    ./app/(home)/page.js [Client Component SSR]
    ./app/(home)/page.js [Server Component]

https://nextjs.org/docs/messages/module-not-found


⨯ ./components/ui/context-menu.jsx:2:1
Module not found: Can't resolve '@radix-ui/react-context-menu'
  [90m1 |[0m [36mimport[0m * [36mas[0m [33mReact[0m [36mfrom[0m [32m"react"[0m
[31m[1m>[0m [90m2 |[0m [36mimport[0m * [36mas[0m [33mContextMenuPrimitive[0m [36mfrom[0m [32m"@radix-ui/react-context-menu"[0m
  [90m  |[0m [31m[1m^^^^^^^^^^^^^^^^^^^^^^^^^^^^^^^^^^^^^^^^^^^^^^^^^^^^^^^^^^^^^^^^^^^^[0m
  [90m3 |[0m [36mimport[0m { [33mCheck[0m, [33mChevronRight[0m, [33mCircle[0m } [36mfrom[0m [32m"lucide-react"[0m
  [90m4 |[0m
  [90m5 |[0m [36mimport[0m { cn } [36mfrom[0m [32m"@/lib/utils"[0m



Import traces:
  Client Component Browser:
    ./components/ui/context-menu.jsx [Client Component Browser]
    ./components/MenuItemCard.jsx [Client Component Browser]
    ./app/(home)/page.js [Client Component Browser]
    ./app/(home)/page.js [Server Component]

  Client Component SSR:
    ./components/ui/context-menu.jsx [Client Component SSR]
    ./components/MenuItemCard.jsx [Client Component SSR]
    ./app/(home)/page.js [Client Component SSR]
    ./app/(home)/page.js [Server Component]

https://nextjs.org/docs/messages/module-not-found


⨯ ./components/ui/context-menu.jsx:2:1
Module not found: Can't resolve '@radix-ui/react-context-menu'
  [90m1 |[0m [36mimport[0m * [36mas[0m [33mReact[0m [36mfrom[0m [32m"react"[0m
[31m[1m>[0m [90m2 |[0m [36mimport[0m * [36mas[0m [33mContextMenuPrimitive[0m [36mfrom[0m [32m"@radix-ui/react-context-menu"[0m
  [90m  |[0m [31m[1m^^^^^^^^^^^^^^^^^^^^^^^^^^^^^^^^^^^^^^^^^^^^^^^^^^^^^^^^^^^^^^^^^^^^[0m
  [90m3 |[0m [36mimport[0m { [33mCheck[0m, [33mChevronRight[0m, [33mCircle[0m } [36mfrom[0m [32m"lucide-react"[0m
  [90m4 |[0m
  [90m5 |[0m [36mimport[0m { cn } [36mfrom[0m [32m"@/lib/utils"[0m



Import traces:
  Client Component Browser:
    ./components/ui/context-menu.jsx [Client Component Browser]
    ./components/MenuItemCard.jsx [Client Component Browser]
    ./app/(home)/page.js [Client Component Browser]
    ./app/(home)/page.js [Server Component]

  Client Component SSR:
    ./components/ui/context-menu.jsx [Client Component SSR]
    ./components/MenuItemCard.jsx [Client Component SSR]
    ./app/(home)/page.js [Client Component SSR]
    ./app/(home)/page.js [Server Component]

https://nextjs.org/docs/messages/module-not-found


⨯ ./components/ui/context-menu.jsx:2:1
Module not found: Can't resolve '@radix-ui/react-context-menu'
  [90m1 |[0m [36mimport[0m * [36mas[0m [33mReact[0m [36mfrom[0m [32m"react"[0m
[31m[1m>[0m [90m2 |[0m [36mimport[0m * [36mas[0m [33mContextMenuPrimitive[0m [36mfrom[0m [32m"@radix-ui/react-context-menu"[0m
  [90m  |[0m [31m[1m^^^^^^^^^^^^^^^^^^^^^^^^^^^^^^^^^^^^^^^^^^^^^^^^^^^^^^^^^^^^^^^^^^^^[0m
  [90m3 |[0m [36mimport[0m { [33mCheck[0m, [33mChevronRight[0m, [33mCircle[0m } [36mfrom[0m [32m"lucide-react"[0m
  [90m4 |[0m
  [90m5 |[0m [36mimport[0m { cn } [36mfrom[0m [32m"@/lib/utils"[0m



Import traces:
  Client Component Browser:
    ./components/ui/context-menu.jsx [Client Component Browser]
    ./components/MenuItemCard.jsx [Client Component Browser]
    ./app/(home)/page.js [Client Component Browser]
    ./app/(home)/page.js [Server Component]

  Client Component SSR:
    ./components/ui/context-menu.jsx [Client Component SSR]
    ./components/MenuItemCard.jsx [Client Component SSR]
    ./app/(home)/page.js [Client Component SSR]
    ./app/(home)/page.js [Server Component]

https://nextjs.org/docs/messages/module-not-found


⨯ ./components/ui/context-menu.jsx:2:1
Module not found: Can't resolve '@radix-ui/react-context-menu'
  [90m1 |[0m [36mimport[0m * [36mas[0m [33mReact[0m [36mfrom[0m [32m"react"[0m
[31m[1m>[0m [90m2 |[0m [36mimport[0m * [36mas[0m [33mContextMenuPrimitive[0m [36mfrom[0m [32m"@radix-ui/react-context-menu"[0m
  [90m  |[0m [31m[1m^^^^^^^^^^^^^^^^^^^^^^^^^^^^^^^^^^^^^^^^^^^^^^^^^^^^^^^^^^^^^^^^^^^^[0m
  [90m3 |[0m [36mimport[0m { [33mCheck[0m, [33mChevronRight[0m, [33mCircle[0m } [36mfrom[0m [32m"lucide-react"[0m
  [90m4 |[0m
  [90m5 |[0m [36mimport[0m { cn } [36mfrom[0m [32m"@/lib/utils"[0m



Import traces:
  Client Component Browser:
    ./components/ui/context-menu.jsx [Client Component Browser]
    ./components/MenuItemCard.jsx [Client Component Browser]
    ./app/(home)/page.js [Client Component Browser]
    ./app/(home)/page.js [Server Component]

  Client Component SSR:
    ./components/ui/context-menu.jsx [Client Component SSR]
    ./components/MenuItemCard.jsx [Client Component SSR]
    ./app/(home)/page.js [Client Component SSR]
    ./app/(home)/page.js [Server Component]

https://nextjs.org/docs/messages/module-not-found


⨯ ./components/ui/context-menu.jsx:2:1
Module not found: Can't resolve '@radix-ui/react-context-menu'
  [90m1 |[0m [36mimport[0m * [36mas[0m [33mReact[0m [36mfrom[0m [32m"react"[0m
[31m[1m>[0m [90m2 |[0m [36mimport[0m * [36mas[0m [33mContextMenuPrimitive[0m [36mfrom[0m [32m"@radix-ui/react-context-menu"[0m
  [90m  |[0m [31m[1m^^^^^^^^^^^^^^^^^^^^^^^^^^^^^^^^^^^^^^^^^^^^^^^^^^^^^^^^^^^^^^^^^^^^[0m
  [90m3 |[0m [36mimport[0m { [33mCheck[0m, [33mChevronRight[0m, [33mCircle[0m } [36mfrom[0m [32m"lucide-react"[0m
  [90m4 |[0m
  [90m5 |[0m [36mimport[0m { cn } [36mfrom[0m [32m"@/lib/utils"[0m



Import traces:
  Client Component Browser:
    ./components/ui/context-menu.jsx [Client Component Browser]
    ./components/MenuItemCard.jsx [Client Component Browser]
    ./app/(home)/page.js [Client Component Browser]
    ./app/(home)/page.js [Server Component]

  Client Component SSR:
    ./components/ui/context-menu.jsx [Client Component SSR]
    ./components/MenuItemCard.jsx [Client Component SSR]
    ./app/(home)/page.js [Client Component SSR]
    ./app/(home)/page.js [Server Component]

https://nextjs.org/docs/messages/module-not-found


⨯ ./components/ui/context-menu.jsx:2:1
Module not found: Can't resolve '@radix-ui/react-context-menu'
  [90m1 |[0m [36mimport[0m * [36mas[0m [33mReact[0m [36mfrom[0m [32m"react"[0m
[31m[1m>[0m [90m2 |[0m [36mimport[0m * [36mas[0m [33mContextMenuPrimitive[0m [36mfrom[0m [32m"@radix-ui/react-context-menu"[0m
  [90m  |[0m [31m[1m^^^^^^^^^^^^^^^^^^^^^^^^^^^^^^^^^^^^^^^^^^^^^^^^^^^^^^^^^^^^^^^^^^^^[0m
  [90m3 |[0m [36mimport[0m { [33mCheck[0m, [33mChevronRight[0m, [33mCircle[0m } [36mfrom[0m [32m"lucide-react"[0m
  [90m4 |[0m
  [90m5 |[0m [36mimport[0m { cn } [36mfrom[0m [32m"@/lib/utils"[0m



Import traces:
  Client Component Browser:
    ./components/ui/context-menu.jsx [Client Component Browser]
    ./components/MenuItemCard.jsx [Client Component Browser]
    ./app/(home)/page.js [Client Component Browser]
    ./app/(home)/page.js [Server Component]

  Client Component SSR:
    ./components/ui/context-menu.jsx [Client Component SSR]
    ./components/MenuItemCard.jsx [Client Component SSR]
    ./app/(home)/page.js [Client Component SSR]
    ./app/(home)/page.js [Server Component]

https://nextjs.org/docs/messages/module-not-found


⨯ ./components/ui/context-menu.jsx:2:1
Module not found: Can't resolve '@radix-ui/react-context-menu'
  [90m1 |[0m [36mimport[0m * [36mas[0m [33mReact[0m [36mfrom[0m [32m"react"[0m
[31m[1m>[0m [90m2 |[0m [36mimport[0m * [36mas[0m [33mContextMenuPrimitive[0m [36mfrom[0m [32m"@radix-ui/react-context-menu"[0m
  [90m  |[0m [31m[1m^^^^^^^^^^^^^^^^^^^^^^^^^^^^^^^^^^^^^^^^^^^^^^^^^^^^^^^^^^^^^^^^^^^^[0m
  [90m3 |[0m [36mimport[0m { [33mCheck[0m, [33mChevronRight[0m, [33mCircle[0m } [36mfrom[0m [32m"lucide-react"[0m
  [90m4 |[0m
  [90m5 |[0m [36mimport[0m { cn } [36mfrom[0m [32m"@/lib/utils"[0m



Import traces:
  Client Component Browser:
    ./components/ui/context-menu.jsx [Client Component Browser]
    ./components/MenuItemCard.jsx [Client Component Browser]
    ./app/(home)/page.js [Client Component Browser]
    ./app/(home)/page.js [Server Component]

  Client Component SSR:
    ./components/ui/context-menu.jsx [Client Component SSR]
    ./components/MenuItemCard.jsx [Client Component SSR]
    ./app/(home)/page.js [Client Component SSR]
    ./app/(home)/page.js [Server Component]

https://nextjs.org/docs/messages/module-not-found


⨯ ./components/ui/context-menu.jsx:2:1
Module not found: Can't resolve '@radix-ui/react-context-menu'
  [90m1 |[0m [36mimport[0m * [36mas[0m [33mReact[0m [36mfrom[0m [32m"react"[0m
[31m[1m>[0m [90m2 |[0m [36mimport[0m * [36mas[0m [33mContextMenuPrimitive[0m [36mfrom[0m [32m"@radix-ui/react-context-menu"[0m
  [90m  |[0m [31m[1m^^^^^^^^^^^^^^^^^^^^^^^^^^^^^^^^^^^^^^^^^^^^^^^^^^^^^^^^^^^^^^^^^^^^[0m
  [90m3 |[0m [36mimport[0m { [33mCheck[0m, [33mChevronRight[0m, [33mCircle[0m } [36mfrom[0m [32m"lucide-react"[0m
  [90m4 |[0m
  [90m5 |[0m [36mimport[0m { cn } [36mfrom[0m [32m"@/lib/utils"[0m



Import traces:
  Client Component Browser:
    ./components/ui/context-menu.jsx [Client Component Browser]
    ./components/MenuItemCard.jsx [Client Component Browser]
    ./app/(home)/page.js [Client Component Browser]
    ./app/(home)/page.js [Server Component]

  Client Component SSR:
    ./components/ui/context-menu.jsx [Client Component SSR]
    ./components/MenuItemCard.jsx [Client Component SSR]
    ./app/(home)/page.js [Client Component SSR]
    ./app/(home)/page.js [Server Component]

https://nextjs.org/docs/messages/module-not-found


⨯ ./components/ui/context-menu.jsx:2:1
Module not found: Can't resolve '@radix-ui/react-context-menu'
  [90m1 |[0m [36mimport[0m * [36mas[0m [33mReact[0m [36mfrom[0m [32m"react"[0m
[31m[1m>[0m [90m2 |[0m [36mimport[0m * [36mas[0m [33mContextMenuPrimitive[0m [36mfrom[0m [32m"@radix-ui/react-context-menu"[0m
  [90m  |[0m [31m[1m^^^^^^^^^^^^^^^^^^^^^^^^^^^^^^^^^^^^^^^^^^^^^^^^^^^^^^^^^^^^^^^^^^^^[0m
  [90m3 |[0m [36mimport[0m { [33mCheck[0m, [33mChevronRight[0m, [33mCircle[0m } [36mfrom[0m [32m"lucide-react"[0m
  [90m4 |[0m
  [90m5 |[0m [36mimport[0m { cn } [36mfrom[0m [32m"@/lib/utils"[0m



Import traces:
  Client Component Browser:
    ./components/ui/context-menu.jsx [Client Component Browser]
    ./components/MenuItemCard.jsx [Client Component Browser]
    ./app/(home)/page.js [Client Component Browser]
    ./app/(home)/page.js [Server Component]

  Client Component SSR:
    ./components/ui/context-menu.jsx [Client Component SSR]
    ./components/MenuItemCard.jsx [Client Component SSR]
    ./app/(home)/page.js [Client Component SSR]
    ./app/(home)/page.js [Server Component]

https://nextjs.org/docs/messages/module-not-found


⨯ ./components/ui/context-menu.jsx:2:1
Module not found: Can't resolve '@radix-ui/react-context-menu'
  [90m1 |[0m [36mimport[0m * [36mas[0m [33mReact[0m [36mfrom[0m [32m"react"[0m
[31m[1m>[0m [90m2 |[0m [36mimport[0m * [36mas[0m [33mContextMenuPrimitive[0m [36mfrom[0m [32m"@radix-ui/react-context-menu"[0m
  [90m  |[0m [31m[1m^^^^^^^^^^^^^^^^^^^^^^^^^^^^^^^^^^^^^^^^^^^^^^^^^^^^^^^^^^^^^^^^^^^^[0m
  [90m3 |[0m [36mimport[0m { [33mCheck[0m, [33mChevronRight[0m, [33mCircle[0m } [36mfrom[0m [32m"lucide-react"[0m
  [90m4 |[0m
  [90m5 |[0m [36mimport[0m { cn } [36mfrom[0m [32m"@/lib/utils"[0m



Import traces:
  Client Component Browser:
    ./components/ui/context-menu.jsx [Client Component Browser]
    ./components/MenuItemCard.jsx [Client Component Browser]
    ./app/(home)/page.js [Client Component Browser]
    ./app/(home)/page.js [Server Component]

  Client Component SSR:
    ./components/ui/context-menu.jsx [Client Component SSR]
    ./components/MenuItemCard.jsx [Client Component SSR]
    ./app/(home)/page.js [Client Component SSR]
    ./app/(home)/page.js [Server Component]

https://nextjs.org/docs/messages/module-not-found


⨯ ./components/ui/context-menu.jsx:2:1
Module not found: Can't resolve '@radix-ui/react-context-menu'
  [90m1 |[0m [36mimport[0m * [36mas[0m [33mReact[0m [36mfrom[0m [32m"react"[0m
[31m[1m>[0m [90m2 |[0m [36mimport[0m * [36mas[0m [33mContextMenuPrimitive[0m [36mfrom[0m [32m"@radix-ui/react-context-menu"[0m
  [90m  |[0m [31m[1m^^^^^^^^^^^^^^^^^^^^^^^^^^^^^^^^^^^^^^^^^^^^^^^^^^^^^^^^^^^^^^^^^^^^[0m
  [90m3 |[0m [36mimport[0m { [33mCheck[0m, [33mChevronRight[0m, [33mCircle[0m } [36mfrom[0m [32m"lucide-react"[0m
  [90m4 |[0m
  [90m5 |[0m [36mimport[0m { cn } [36mfrom[0m [32m"@/lib/utils"[0m



Import traces:
  Client Component Browser:
    ./components/ui/context-menu.jsx [Client Component Browser]
    ./components/MenuItemCard.jsx [Client Component Browser]
    ./app/(home)/page.js [Client Component Browser]
    ./app/(home)/page.js [Server Component]

  Client Component SSR:
    ./components/ui/context-menu.jsx [Client Component SSR]
    ./components/MenuItemCard.jsx [Client Component SSR]
    ./app/(home)/page.js [Client Component SSR]
    ./app/(home)/page.js [Server Component]

https://nextjs.org/docs/messages/module-not-found


⨯ ./components/ui/context-menu.jsx:2:1
Module not found: Can't resolve '@radix-ui/react-context-menu'
  [90m1 |[0m [36mimport[0m * [36mas[0m [33mReact[0m [36mfrom[0m [32m"react"[0m
[31m[1m>[0m [90m2 |[0m [36mimport[0m * [36mas[0m [33mContextMenuPrimitive[0m [36mfrom[0m [32m"@radix-ui/react-context-menu"[0m
  [90m  |[0m [31m[1m^^^^^^^^^^^^^^^^^^^^^^^^^^^^^^^^^^^^^^^^^^^^^^^^^^^^^^^^^^^^^^^^^^^^[0m
  [90m3 |[0m [36mimport[0m { [33mCheck[0m, [33mChevronRight[0m, [33mCircle[0m } [36mfrom[0m [32m"lucide-react"[0m
  [90m4 |[0m
  [90m5 |[0m [36mimport[0m { cn } [36mfrom[0m [32m"@/lib/utils"[0m



Import traces:
  Client Component Browser:
    ./components/ui/context-menu.jsx [Client Component Browser]
    ./components/MenuItemCard.jsx [Client Component Browser]
    ./app/(home)/page.js [Client Component Browser]
    ./app/(home)/page.js [Server Component]

  Client Component SSR:
    ./components/ui/context-menu.jsx [Client Component SSR]
    ./components/MenuItemCard.jsx [Client Component SSR]
    ./app/(home)/page.js [Client Component SSR]
    ./app/(home)/page.js [Server Component]

https://nextjs.org/docs/messages/module-not-found


⨯ ./components/ui/context-menu.jsx:2:1
Module not found: Can't resolve '@radix-ui/react-context-menu'
  [90m1 |[0m [36mimport[0m * [36mas[0m [33mReact[0m [36mfrom[0m [32m"react"[0m
[31m[1m>[0m [90m2 |[0m [36mimport[0m * [36mas[0m [33mContextMenuPrimitive[0m [36mfrom[0m [32m"@radix-ui/react-context-menu"[0m
  [90m  |[0m [31m[1m^^^^^^^^^^^^^^^^^^^^^^^^^^^^^^^^^^^^^^^^^^^^^^^^^^^^^^^^^^^^^^^^^^^^[0m
  [90m3 |[0m [36mimport[0m { [33mCheck[0m, [33mChevronRight[0m, [33mCircle[0m } [36mfrom[0m [32m"lucide-react"[0m
  [90m4 |[0m
  [90m5 |[0m [36mimport[0m { cn } [36mfrom[0m [32m"@/lib/utils"[0m



Import traces:
  Client Component Browser:
    ./components/ui/context-menu.jsx [Client Component Browser]
    ./components/MenuItemCard.jsx [Client Component Browser]
    ./app/(home)/page.js [Client Component Browser]
    ./app/(home)/page.js [Server Component]

  Client Component SSR:
    ./components/ui/context-menu.jsx [Client Component SSR]
    ./components/MenuItemCard.jsx [Client Component SSR]
    ./app/(home)/page.js [Client Component SSR]
    ./app/(home)/page.js [Server Component]

https://nextjs.org/docs/messages/module-not-found


⨯ ./components/ui/context-menu.jsx:2:1
Module not found: Can't resolve '@radix-ui/react-context-menu'
  [90m1 |[0m [36mimport[0m * [36mas[0m [33mReact[0m [36mfrom[0m [32m"react"[0m
[31m[1m>[0m [90m2 |[0m [36mimport[0m * [36mas[0m [33mContextMenuPrimitive[0m [36mfrom[0m [32m"@radix-ui/react-context-menu"[0m
  [90m  |[0m [31m[1m^^^^^^^^^^^^^^^^^^^^^^^^^^^^^^^^^^^^^^^^^^^^^^^^^^^^^^^^^^^^^^^^^^^^[0m
  [90m3 |[0m [36mimport[0m { [33mCheck[0m, [33mChevronRight[0m, [33mCircle[0m } [36mfrom[0m [32m"lucide-react"[0m
  [90m4 |[0m
  [90m5 |[0m [36mimport[0m { cn } [36mfrom[0m [32m"@/lib/utils"[0m



Import traces:
  Client Component Browser:
    ./components/ui/context-menu.jsx [Client Component Browser]
    ./components/MenuItemCard.jsx [Client Component Browser]
    ./app/(home)/page.js [Client Component Browser]
    ./app/(home)/page.js [Server Component]

  Client Component SSR:
    ./components/ui/context-menu.jsx [Client Component SSR]
    ./components/MenuItemCard.jsx [Client Component SSR]
    ./app/(home)/page.js [Client Component SSR]
    ./app/(home)/page.js [Server Component]

https://nextjs.org/docs/messages/module-not-found


⨯ ./components/ui/context-menu.jsx:2:1
Module not found: Can't resolve '@radix-ui/react-context-menu'
  [90m1 |[0m [36mimport[0m * [36mas[0m [33mReact[0m [36mfrom[0m [32m"react"[0m
[31m[1m>[0m [90m2 |[0m [36mimport[0m * [36mas[0m [33mContextMenuPrimitive[0m [36mfrom[0m [32m"@radix-ui/react-context-menu"[0m
  [90m  |[0m [31m[1m^^^^^^^^^^^^^^^^^^^^^^^^^^^^^^^^^^^^^^^^^^^^^^^^^^^^^^^^^^^^^^^^^^^^[0m
  [90m3 |[0m [36mimport[0m { [33mCheck[0m, [33mChevronRight[0m, [33mCircle[0m } [36mfrom[0m [32m"lucide-react"[0m
  [90m4 |[0m
  [90m5 |[0m [36mimport[0m { cn } [36mfrom[0m [32m"@/lib/utils"[0m



Import traces:
  Client Component Browser:
    ./components/ui/context-menu.jsx [Client Component Browser]
    ./components/MenuItemCard.jsx [Client Component Browser]
    ./app/(home)/page.js [Client Component Browser]
    ./app/(home)/page.js [Server Component]

  Client Component SSR:
    ./components/ui/context-menu.jsx [Client Component SSR]
    ./components/MenuItemCard.jsx [Client Component SSR]
    ./app/(home)/page.js [Client Component SSR]
    ./app/(home)/page.js [Server Component]

https://nextjs.org/docs/messages/module-not-found


⨯ ./components/ui/context-menu.jsx:2:1
Module not found: Can't resolve '@radix-ui/react-context-menu'
  [90m1 |[0m [36mimport[0m * [36mas[0m [33mReact[0m [36mfrom[0m [32m"react"[0m
[31m[1m>[0m [90m2 |[0m [36mimport[0m * [36mas[0m [33mContextMenuPrimitive[0m [36mfrom[0m [32m"@radix-ui/react-context-menu"[0m
  [90m  |[0m [31m[1m^^^^^^^^^^^^^^^^^^^^^^^^^^^^^^^^^^^^^^^^^^^^^^^^^^^^^^^^^^^^^^^^^^^^[0m
  [90m3 |[0m [36mimport[0m { [33mCheck[0m, [33mChevronRight[0m, [33mCircle[0m } [36mfrom[0m [32m"lucide-react"[0m
  [90m4 |[0m
  [90m5 |[0m [36mimport[0m { cn } [36mfrom[0m [32m"@/lib/utils"[0m



Import traces:
  Client Component Browser:
    ./components/ui/context-menu.jsx [Client Component Browser]
    ./components/MenuItemCard.jsx [Client Component Browser]
    ./app/(home)/page.js [Client Component Browser]
    ./app/(home)/page.js [Server Component]

  Client Component SSR:
    ./components/ui/context-menu.jsx [Client Component SSR]
    ./components/MenuItemCard.jsx [Client Component SSR]
    ./app/(home)/page.js [Client Component SSR]
    ./app/(home)/page.js [Server Component]

https://nextjs.org/docs/messages/module-not-found


⨯ ./components/ui/context-menu.jsx:2:1
Module not found: Can't resolve '@radix-ui/react-context-menu'
  [90m1 |[0m [36mimport[0m * [36mas[0m [33mReact[0m [36mfrom[0m [32m"react"[0m
[31m[1m>[0m [90m2 |[0m [36mimport[0m * [36mas[0m [33mContextMenuPrimitive[0m [36mfrom[0m [32m"@radix-ui/react-context-menu"[0m
  [90m  |[0m [31m[1m^^^^^^^^^^^^^^^^^^^^^^^^^^^^^^^^^^^^^^^^^^^^^^^^^^^^^^^^^^^^^^^^^^^^[0m
  [90m3 |[0m [36mimport[0m { [33mCheck[0m, [33mChevronRight[0m, [33mCircle[0m } [36mfrom[0m [32m"lucide-react"[0m
  [90m4 |[0m
  [90m5 |[0m [36mimport[0m { cn } [36mfrom[0m [32m"@/lib/utils"[0m



Import traces:
  Client Component Browser:
    ./components/ui/context-menu.jsx [Client Component Browser]
    ./components/MenuItemCard.jsx [Client Component Browser]
    ./app/(home)/page.js [Client Component Browser]
    ./app/(home)/page.js [Server Component]

  Client Component SSR:
    ./components/ui/context-menu.jsx [Client Component SSR]
    ./components/MenuItemCard.jsx [Client Component SSR]
    ./app/(home)/page.js [Client Component SSR]
    ./app/(home)/page.js [Server Component]

https://nextjs.org/docs/messages/module-not-found


⨯ ./components/ui/context-menu.jsx:2:1
Module not found: Can't resolve '@radix-ui/react-context-menu'
  [90m1 |[0m [36mimport[0m * [36mas[0m [33mReact[0m [36mfrom[0m [32m"react"[0m
[31m[1m>[0m [90m2 |[0m [36mimport[0m * [36mas[0m [33mContextMenuPrimitive[0m [36mfrom[0m [32m"@radix-ui/react-context-menu"[0m
  [90m  |[0m [31m[1m^^^^^^^^^^^^^^^^^^^^^^^^^^^^^^^^^^^^^^^^^^^^^^^^^^^^^^^^^^^^^^^^^^^^[0m
  [90m3 |[0m [36mimport[0m { [33mCheck[0m, [33mChevronRight[0m, [33mCircle[0m } [36mfrom[0m [32m"lucide-react"[0m
  [90m4 |[0m
  [90m5 |[0m [36mimport[0m { cn } [36mfrom[0m [32m"@/lib/utils"[0m



Import traces:
  Client Component Browser:
    ./components/ui/context-menu.jsx [Client Component Browser]
    ./components/MenuItemCard.jsx [Client Component Browser]
    ./app/(home)/page.js [Client Component Browser]
    ./app/(home)/page.js [Server Component]

  Client Component SSR:
    ./components/ui/context-menu.jsx [Client Component SSR]
    ./components/MenuItemCard.jsx [Client Component SSR]
    ./app/(home)/page.js [Client Component SSR]
    ./app/(home)/page.js [Server Component]

https://nextjs.org/docs/messages/module-not-found


⨯ ./components/ui/context-menu.jsx:2:1
Module not found: Can't resolve '@radix-ui/react-context-menu'
  [90m1 |[0m [36mimport[0m * [36mas[0m [33mReact[0m [36mfrom[0m [32m"react"[0m
[31m[1m>[0m [90m2 |[0m [36mimport[0m * [36mas[0m [33mContextMenuPrimitive[0m [36mfrom[0m [32m"@radix-ui/react-context-menu"[0m
  [90m  |[0m [31m[1m^^^^^^^^^^^^^^^^^^^^^^^^^^^^^^^^^^^^^^^^^^^^^^^^^^^^^^^^^^^^^^^^^^^^[0m
  [90m3 |[0m [36mimport[0m { [33mCheck[0m, [33mChevronRight[0m, [33mCircle[0m } [36mfrom[0m [32m"lucide-react"[0m
  [90m4 |[0m
  [90m5 |[0m [36mimport[0m { cn } [36mfrom[0m [32m"@/lib/utils"[0m



Import traces:
  Client Component Browser:
    ./components/ui/context-menu.jsx [Client Component Browser]
    ./components/MenuItemCard.jsx [Client Component Browser]
    ./app/(home)/page.js [Client Component Browser]
    ./app/(home)/page.js [Server Component]

  Client Component SSR:
    ./components/ui/context-menu.jsx [Client Component SSR]
    ./components/MenuItemCard.jsx [Client Component SSR]
    ./app/(home)/page.js [Client Component SSR]
    ./app/(home)/page.js [Server Component]

https://nextjs.org/docs/messages/module-not-found


⨯ ./components/ui/context-menu.jsx:2:1
Module not found: Can't resolve '@radix-ui/react-context-menu'
  [90m1 |[0m [36mimport[0m * [36mas[0m [33mReact[0m [36mfrom[0m [32m"react"[0m
[31m[1m>[0m [90m2 |[0m [36mimport[0m * [36mas[0m [33mContextMenuPrimitive[0m [36mfrom[0m [32m"@radix-ui/react-context-menu"[0m
  [90m  |[0m [31m[1m^^^^^^^^^^^^^^^^^^^^^^^^^^^^^^^^^^^^^^^^^^^^^^^^^^^^^^^^^^^^^^^^^^^^[0m
  [90m3 |[0m [36mimport[0m { [33mCheck[0m, [33mChevronRight[0m, [33mCircle[0m } [36mfrom[0m [32m"lucide-react"[0m
  [90m4 |[0m
  [90m5 |[0m [36mimport[0m { cn } [36mfrom[0m [32m"@/lib/utils"[0m



Import traces:
  Client Component Browser:
    ./components/ui/context-menu.jsx [Client Component Browser]
    ./components/MenuItemCard.jsx [Client Component Browser]
    ./app/(home)/page.js [Client Component Browser]
    ./app/(home)/page.js [Server Component]

  Client Component SSR:
    ./components/ui/context-menu.jsx [Client Component SSR]
    ./components/MenuItemCard.jsx [Client Component SSR]
    ./app/(home)/page.js [Client Component SSR]
    ./app/(home)/page.js [Server Component]

https://nextjs.org/docs/messages/module-not-found


⨯ ./components/ui/context-menu.jsx:2:1
Module not found: Can't resolve '@radix-ui/react-context-menu'
  [90m1 |[0m [36mimport[0m * [36mas[0m [33mReact[0m [36mfrom[0m [32m"react"[0m
[31m[1m>[0m [90m2 |[0m [36mimport[0m * [36mas[0m [33mContextMenuPrimitive[0m [36mfrom[0m [32m"@radix-ui/react-context-menu"[0m
  [90m  |[0m [31m[1m^^^^^^^^^^^^^^^^^^^^^^^^^^^^^^^^^^^^^^^^^^^^^^^^^^^^^^^^^^^^^^^^^^^^[0m
  [90m3 |[0m [36mimport[0m { [33mCheck[0m, [33mChevronRight[0m, [33mCircle[0m } [36mfrom[0m [32m"lucide-react"[0m
  [90m4 |[0m
  [90m5 |[0m [36mimport[0m { cn } [36mfrom[0m [32m"@/lib/utils"[0m



Import traces:
  Client Component Browser:
    ./components/ui/context-menu.jsx [Client Component Browser]
    ./components/MenuItemCard.jsx [Client Component Browser]
    ./app/(home)/page.js [Client Component Browser]
    ./app/(home)/page.js [Server Component]

  Client Component SSR:
    ./components/ui/context-menu.jsx [Client Component SSR]
    ./components/MenuItemCard.jsx [Client Component SSR]
    ./app/(home)/page.js [Client Component SSR]
    ./app/(home)/page.js [Server Component]

https://nextjs.org/docs/messages/module-not-found


⨯ ./components/ui/context-menu.jsx:2:1
Module not found: Can't resolve '@radix-ui/react-context-menu'
  [90m1 |[0m [36mimport[0m * [36mas[0m [33mReact[0m [36mfrom[0m [32m"react"[0m
[31m[1m>[0m [90m2 |[0m [36mimport[0m * [36mas[0m [33mContextMenuPrimitive[0m [36mfrom[0m [32m"@radix-ui/react-context-menu"[0m
  [90m  |[0m [31m[1m^^^^^^^^^^^^^^^^^^^^^^^^^^^^^^^^^^^^^^^^^^^^^^^^^^^^^^^^^^^^^^^^^^^^[0m
  [90m3 |[0m [36mimport[0m { [33mCheck[0m, [33mChevronRight[0m, [33mCircle[0m } [36mfrom[0m [32m"lucide-react"[0m
  [90m4 |[0m
  [90m5 |[0m [36mimport[0m { cn } [36mfrom[0m [32m"@/lib/utils"[0m



Import traces:
  Client Component Browser:
    ./components/ui/context-menu.jsx [Client Component Browser]
    ./components/MenuItemCard.jsx [Client Component Browser]
    ./app/(home)/page.js [Client Component Browser]
    ./app/(home)/page.js [Server Component]

  Client Component SSR:
    ./components/ui/context-menu.jsx [Client Component SSR]
    ./components/MenuItemCard.jsx [Client Component SSR]
    ./app/(home)/page.js [Client Component SSR]
    ./app/(home)/page.js [Server Component]

https://nextjs.org/docs/messages/module-not-found


⨯ ./components/ui/context-menu.jsx:2:1
Module not found: Can't resolve '@radix-ui/react-context-menu'
  [90m1 |[0m [36mimport[0m * [36mas[0m [33mReact[0m [36mfrom[0m [32m"react"[0m
[31m[1m>[0m [90m2 |[0m [36mimport[0m * [36mas[0m [33mContextMenuPrimitive[0m [36mfrom[0m [32m"@radix-ui/react-context-menu"[0m
  [90m  |[0m [31m[1m^^^^^^^^^^^^^^^^^^^^^^^^^^^^^^^^^^^^^^^^^^^^^^^^^^^^^^^^^^^^^^^^^^^^[0m
  [90m3 |[0m [36mimport[0m { [33mCheck[0m, [33mChevronRight[0m, [33mCircle[0m } [36mfrom[0m [32m"lucide-react"[0m
  [90m4 |[0m
  [90m5 |[0m [36mimport[0m { cn } [36mfrom[0m [32m"@/lib/utils"[0m



Import traces:
  Client Component Browser:
    ./components/ui/context-menu.jsx [Client Component Browser]
    ./components/MenuItemCard.jsx [Client Component Browser]
    ./app/(home)/page.js [Client Component Browser]
    ./app/(home)/page.js [Server Component]

  Client Component SSR:
    ./components/ui/context-menu.jsx [Client Component SSR]
    ./components/MenuItemCard.jsx [Client Component SSR]
    ./app/(home)/page.js [Client Component SSR]
    ./app/(home)/page.js [Server Component]

https://nextjs.org/docs/messages/module-not-found


⨯ ./components/ui/context-menu.jsx:2:1
Module not found: Can't resolve '@radix-ui/react-context-menu'
  [90m1 |[0m [36mimport[0m * [36mas[0m [33mReact[0m [36mfrom[0m [32m"react"[0m
[31m[1m>[0m [90m2 |[0m [36mimport[0m * [36mas[0m [33mContextMenuPrimitive[0m [36mfrom[0m [32m"@radix-ui/react-context-menu"[0m
  [90m  |[0m [31m[1m^^^^^^^^^^^^^^^^^^^^^^^^^^^^^^^^^^^^^^^^^^^^^^^^^^^^^^^^^^^^^^^^^^^^[0m
  [90m3 |[0m [36mimport[0m { [33mCheck[0m, [33mChevronRight[0m, [33mCircle[0m } [36mfrom[0m [32m"lucide-react"[0m
  [90m4 |[0m
  [90m5 |[0m [36mimport[0m { cn } [36mfrom[0m [32m"@/lib/utils"[0m



Import traces:
  Client Component Browser:
    ./components/ui/context-menu.jsx [Client Component Browser]
    ./components/MenuItemCard.jsx [Client Component Browser]
    ./app/(home)/page.js [Client Component Browser]
    ./app/(home)/page.js [Server Component]

  Client Component SSR:
    ./components/ui/context-menu.jsx [Client Component SSR]
    ./components/MenuItemCard.jsx [Client Component SSR]
    ./app/(home)/page.js [Client Component SSR]
    ./app/(home)/page.js [Server Component]

https://nextjs.org/docs/messages/module-not-found


⨯ ./components/ui/context-menu.jsx:2:1
Module not found: Can't resolve '@radix-ui/react-context-menu'
  [90m1 |[0m [36mimport[0m * [36mas[0m [33mReact[0m [36mfrom[0m [32m"react"[0m
[31m[1m>[0m [90m2 |[0m [36mimport[0m * [36mas[0m [33mContextMenuPrimitive[0m [36mfrom[0m [32m"@radix-ui/react-context-menu"[0m
  [90m  |[0m [31m[1m^^^^^^^^^^^^^^^^^^^^^^^^^^^^^^^^^^^^^^^^^^^^^^^^^^^^^^^^^^^^^^^^^^^^[0m
  [90m3 |[0m [36mimport[0m { [33mCheck[0m, [33mChevronRight[0m, [33mCircle[0m } [36mfrom[0m [32m"lucide-react"[0m
  [90m4 |[0m
  [90m5 |[0m [36mimport[0m { cn } [36mfrom[0m [32m"@/lib/utils"[0m



Import traces:
  Client Component Browser:
    ./components/ui/context-menu.jsx [Client Component Browser]
    ./components/MenuItemCard.jsx [Client Component Browser]
    ./app/(home)/page.js [Client Component Browser]
    ./app/(home)/page.js [Server Component]

  Client Component SSR:
    ./components/ui/context-menu.jsx [Client Component SSR]
    ./components/MenuItemCard.jsx [Client Component SSR]
    ./app/(home)/page.js [Client Component SSR]
    ./app/(home)/page.js [Server Component]

https://nextjs.org/docs/messages/module-not-found


⨯ ./components/ui/context-menu.jsx:2:1
Module not found: Can't resolve '@radix-ui/react-context-menu'
  [90m1 |[0m [36mimport[0m * [36mas[0m [33mReact[0m [36mfrom[0m [32m"react"[0m
[31m[1m>[0m [90m2 |[0m [36mimport[0m * [36mas[0m [33mContextMenuPrimitive[0m [36mfrom[0m [32m"@radix-ui/react-context-menu"[0m
  [90m  |[0m [31m[1m^^^^^^^^^^^^^^^^^^^^^^^^^^^^^^^^^^^^^^^^^^^^^^^^^^^^^^^^^^^^^^^^^^^^[0m
  [90m3 |[0m [36mimport[0m { [33mCheck[0m, [33mChevronRight[0m, [33mCircle[0m } [36mfrom[0m [32m"lucide-react"[0m
  [90m4 |[0m
  [90m5 |[0m [36mimport[0m { cn } [36mfrom[0m [32m"@/lib/utils"[0m



Import traces:
  Client Component Browser:
    ./components/ui/context-menu.jsx [Client Component Browser]
    ./components/MenuItemCard.jsx [Client Component Browser]
    ./app/(home)/page.js [Client Component Browser]
    ./app/(home)/page.js [Server Component]

  Client Component SSR:
    ./components/ui/context-menu.jsx [Client Component SSR]
    ./components/MenuItemCard.jsx [Client Component SSR]
    ./app/(home)/page.js [Client Component SSR]
    ./app/(home)/page.js [Server Component]

https://nextjs.org/docs/messages/module-not-found


⨯ ./components/ui/context-menu.jsx:2:1
Module not found: Can't resolve '@radix-ui/react-context-menu'
  [90m1 |[0m [36mimport[0m * [36mas[0m [33mReact[0m [36mfrom[0m [32m"react"[0m
[31m[1m>[0m [90m2 |[0m [36mimport[0m * [36mas[0m [33mContextMenuPrimitive[0m [36mfrom[0m [32m"@radix-ui/react-context-menu"[0m
  [90m  |[0m [31m[1m^^^^^^^^^^^^^^^^^^^^^^^^^^^^^^^^^^^^^^^^^^^^^^^^^^^^^^^^^^^^^^^^^^^^[0m
  [90m3 |[0m [36mimport[0m { [33mCheck[0m, [33mChevronRight[0m, [33mCircle[0m } [36mfrom[0m [32m"lucide-react"[0m
  [90m4 |[0m
  [90m5 |[0m [36mimport[0m { cn } [36mfrom[0m [32m"@/lib/utils"[0m



Import traces:
  Client Component Browser:
    ./components/ui/context-menu.jsx [Client Component Browser]
    ./components/MenuItemCard.jsx [Client Component Browser]
    ./app/(home)/page.js [Client Component Browser]
    ./app/(home)/page.js [Server Component]

  Client Component SSR:
    ./components/ui/context-menu.jsx [Client Component SSR]
    ./components/MenuItemCard.jsx [Client Component SSR]
    ./app/(home)/page.js [Client Component SSR]
    ./app/(home)/page.js [Server Component]

https://nextjs.org/docs/messages/module-not-found


⨯ ./components/ui/context-menu.jsx:2:1
Module not found: Can't resolve '@radix-ui/react-context-menu'
  [90m1 |[0m [36mimport[0m * [36mas[0m [33mReact[0m [36mfrom[0m [32m"react"[0m
[31m[1m>[0m [90m2 |[0m [36mimport[0m * [36mas[0m [33mContextMenuPrimitive[0m [36mfrom[0m [32m"@radix-ui/react-context-menu"[0m
  [90m  |[0m [31m[1m^^^^^^^^^^^^^^^^^^^^^^^^^^^^^^^^^^^^^^^^^^^^^^^^^^^^^^^^^^^^^^^^^^^^[0m
  [90m3 |[0m [36mimport[0m { [33mCheck[0m, [33mChevronRight[0m, [33mCircle[0m } [36mfrom[0m [32m"lucide-react"[0m
  [90m4 |[0m
  [90m5 |[0m [36mimport[0m { cn } [36mfrom[0m [32m"@/lib/utils"[0m



Import traces:
  Client Component Browser:
    ./components/ui/context-menu.jsx [Client Component Browser]
    ./components/MenuItemCard.jsx [Client Component Browser]
    ./app/(home)/page.js [Client Component Browser]
    ./app/(home)/page.js [Server Component]

  Client Component SSR:
    ./components/ui/context-menu.jsx [Client Component SSR]
    ./components/MenuItemCard.jsx [Client Component SSR]
    ./app/(home)/page.js [Client Component SSR]
    ./app/(home)/page.js [Server Component]

https://nextjs.org/docs/messages/module-not-found


⨯ ./components/ui/context-menu.jsx:2:1
Module not found: Can't resolve '@radix-ui/react-context-menu'
  [90m1 |[0m [36mimport[0m * [36mas[0m [33mReact[0m [36mfrom[0m [32m"react"[0m
[31m[1m>[0m [90m2 |[0m [36mimport[0m * [36mas[0m [33mContextMenuPrimitive[0m [36mfrom[0m [32m"@radix-ui/react-context-menu"[0m
  [90m  |[0m [31m[1m^^^^^^^^^^^^^^^^^^^^^^^^^^^^^^^^^^^^^^^^^^^^^^^^^^^^^^^^^^^^^^^^^^^^[0m
  [90m3 |[0m [36mimport[0m { [33mCheck[0m, [33mChevronRight[0m, [33mCircle[0m } [36mfrom[0m [32m"lucide-react"[0m
  [90m4 |[0m
  [90m5 |[0m [36mimport[0m { cn } [36mfrom[0m [32m"@/lib/utils"[0m



Import traces:
  Client Component Browser:
    ./components/ui/context-menu.jsx [Client Component Browser]
    ./components/MenuItemCard.jsx [Client Component Browser]
    ./app/(home)/page.js [Client Component Browser]
    ./app/(home)/page.js [Server Component]

  Client Component SSR:
    ./components/ui/context-menu.jsx [Client Component SSR]
    ./components/MenuItemCard.jsx [Client Component SSR]
    ./app/(home)/page.js [Client Component SSR]
    ./app/(home)/page.js [Server Component]

https://nextjs.org/docs/messages/module-not-found


⨯ ./components/ui/context-menu.jsx:2:1
Module not found: Can't resolve '@radix-ui/react-context-menu'
  [90m1 |[0m [36mimport[0m * [36mas[0m [33mReact[0m [36mfrom[0m [32m"react"[0m
[31m[1m>[0m [90m2 |[0m [36mimport[0m * [36mas[0m [33mContextMenuPrimitive[0m [36mfrom[0m [32m"@radix-ui/react-context-menu"[0m
  [90m  |[0m [31m[1m^^^^^^^^^^^^^^^^^^^^^^^^^^^^^^^^^^^^^^^^^^^^^^^^^^^^^^^^^^^^^^^^^^^^[0m
  [90m3 |[0m [36mimport[0m { [33mCheck[0m, [33mChevronRight[0m, [33mCircle[0m } [36mfrom[0m [32m"lucide-react"[0m
  [90m4 |[0m
  [90m5 |[0m [36mimport[0m { cn } [36mfrom[0m [32m"@/lib/utils"[0m



Import traces:
  Client Component Browser:
    ./components/ui/context-menu.jsx [Client Component Browser]
    ./components/MenuItemCard.jsx [Client Component Browser]
    ./app/(home)/page.js [Client Component Browser]
    ./app/(home)/page.js [Server Component]

  Client Component SSR:
    ./components/ui/context-menu.jsx [Client Component SSR]
    ./components/MenuItemCard.jsx [Client Component SSR]
    ./app/(home)/page.js [Client Component SSR]
    ./app/(home)/page.js [Server Component]

https://nextjs.org/docs/messages/module-not-found


⨯ ./components/ui/context-menu.jsx:2:1
Module not found: Can't resolve '@radix-ui/react-context-menu'
  [90m1 |[0m [36mimport[0m * [36mas[0m [33mReact[0m [36mfrom[0m [32m"react"[0m
[31m[1m>[0m [90m2 |[0m [36mimport[0m * [36mas[0m [33mContextMenuPrimitive[0m [36mfrom[0m [32m"@radix-ui/react-context-menu"[0m
  [90m  |[0m [31m[1m^^^^^^^^^^^^^^^^^^^^^^^^^^^^^^^^^^^^^^^^^^^^^^^^^^^^^^^^^^^^^^^^^^^^[0m
  [90m3 |[0m [36mimport[0m { [33mCheck[0m, [33mChevronRight[0m, [33mCircle[0m } [36mfrom[0m [32m"lucide-react"[0m
  [90m4 |[0m
  [90m5 |[0m [36mimport[0m { cn } [36mfrom[0m [32m"@/lib/utils"[0m



Import traces:
  Client Component Browser:
    ./components/ui/context-menu.jsx [Client Component Browser]
    ./components/MenuItemCard.jsx [Client Component Browser]
    ./app/(home)/page.js [Client Component Browser]
    ./app/(home)/page.js [Server Component]

  Client Component SSR:
    ./components/ui/context-menu.jsx [Client Component SSR]
    ./components/MenuItemCard.jsx [Client Component SSR]
    ./app/(home)/page.js [Client Component SSR]
    ./app/(home)/page.js [Server Component]

https://nextjs.org/docs/messages/module-not-found


⨯ ./components/ui/context-menu.jsx:2:1
Module not found: Can't resolve '@radix-ui/react-context-menu'
  [90m1 |[0m [36mimport[0m * [36mas[0m [33mReact[0m [36mfrom[0m [32m"react"[0m
[31m[1m>[0m [90m2 |[0m [36mimport[0m * [36mas[0m [33mContextMenuPrimitive[0m [36mfrom[0m [32m"@radix-ui/react-context-menu"[0m
  [90m  |[0m [31m[1m^^^^^^^^^^^^^^^^^^^^^^^^^^^^^^^^^^^^^^^^^^^^^^^^^^^^^^^^^^^^^^^^^^^^[0m
  [90m3 |[0m [36mimport[0m { [33mCheck[0m, [33mChevronRight[0m, [33mCircle[0m } [36mfrom[0m [32m"lucide-react"[0m
  [90m4 |[0m
  [90m5 |[0m [36mimport[0m { cn } [36mfrom[0m [32m"@/lib/utils"[0m



Import traces:
  Client Component Browser:
    ./components/ui/context-menu.jsx [Client Component Browser]
    ./components/MenuItemCard.jsx [Client Component Browser]
    ./app/(home)/page.js [Client Component Browser]
    ./app/(home)/page.js [Server Component]

  Client Component SSR:
    ./components/ui/context-menu.jsx [Client Component SSR]
    ./components/MenuItemCard.jsx [Client Component SSR]
    ./app/(home)/page.js [Client Component SSR]
    ./app/(home)/page.js [Server Component]

https://nextjs.org/docs/messages/module-not-found


⨯ ./components/ui/context-menu.jsx:2:1
Module not found: Can't resolve '@radix-ui/react-context-menu'
  [90m1 |[0m [36mimport[0m * [36mas[0m [33mReact[0m [36mfrom[0m [32m"react"[0m
[31m[1m>[0m [90m2 |[0m [36mimport[0m * [36mas[0m [33mContextMenuPrimitive[0m [36mfrom[0m [32m"@radix-ui/react-context-menu"[0m
  [90m  |[0m [31m[1m^^^^^^^^^^^^^^^^^^^^^^^^^^^^^^^^^^^^^^^^^^^^^^^^^^^^^^^^^^^^^^^^^^^^[0m
  [90m3 |[0m [36mimport[0m { [33mCheck[0m, [33mChevronRight[0m, [33mCircle[0m } [36mfrom[0m [32m"lucide-react"[0m
  [90m4 |[0m
  [90m5 |[0m [36mimport[0m { cn } [36mfrom[0m [32m"@/lib/utils"[0m



Import traces:
  Client Component Browser:
    ./components/ui/context-menu.jsx [Client Component Browser]
    ./components/MenuItemCard.jsx [Client Component Browser]
    ./app/(home)/page.js [Client Component Browser]
    ./app/(home)/page.js [Server Component]

  Client Component SSR:
    ./components/ui/context-menu.jsx [Client Component SSR]
    ./components/MenuItemCard.jsx [Client Component SSR]
    ./app/(home)/page.js [Client Component SSR]
    ./app/(home)/page.js [Server Component]

https://nextjs.org/docs/messages/module-not-found


⨯ ./components/ui/context-menu.jsx:2:1
Module not found: Can't resolve '@radix-ui/react-context-menu'
  [90m1 |[0m [36mimport[0m * [36mas[0m [33mReact[0m [36mfrom[0m [32m"react"[0m
[31m[1m>[0m [90m2 |[0m [36mimport[0m * [36mas[0m [33mContextMenuPrimitive[0m [36mfrom[0m [32m"@radix-ui/react-context-menu"[0m
  [90m  |[0m [31m[1m^^^^^^^^^^^^^^^^^^^^^^^^^^^^^^^^^^^^^^^^^^^^^^^^^^^^^^^^^^^^^^^^^^^^[0m
  [90m3 |[0m [36mimport[0m { [33mCheck[0m, [33mChevronRight[0m, [33mCircle[0m } [36mfrom[0m [32m"lucide-react"[0m
  [90m4 |[0m
  [90m5 |[0m [36mimport[0m { cn } [36mfrom[0m [32m"@/lib/utils"[0m



Import traces:
  Client Component Browser:
    ./components/ui/context-menu.jsx [Client Component Browser]
    ./components/MenuItemCard.jsx [Client Component Browser]
    ./app/(home)/page.js [Client Component Browser]
    ./app/(home)/page.js [Server Component]

  Client Component SSR:
    ./components/ui/context-menu.jsx [Client Component SSR]
    ./components/MenuItemCard.jsx [Client Component SSR]
    ./app/(home)/page.js [Client Component SSR]
    ./app/(home)/page.js [Server Component]

https://nextjs.org/docs/messages/module-not-found


⨯ ./components/ui/context-menu.jsx:2:1
Module not found: Can't resolve '@radix-ui/react-context-menu'
  [90m1 |[0m [36mimport[0m * [36mas[0m [33mReact[0m [36mfrom[0m [32m"react"[0m
[31m[1m>[0m [90m2 |[0m [36mimport[0m * [36mas[0m [33mContextMenuPrimitive[0m [36mfrom[0m [32m"@radix-ui/react-context-menu"[0m
  [90m  |[0m [31m[1m^^^^^^^^^^^^^^^^^^^^^^^^^^^^^^^^^^^^^^^^^^^^^^^^^^^^^^^^^^^^^^^^^^^^[0m
  [90m3 |[0m [36mimport[0m { [33mCheck[0m, [33mChevronRight[0m, [33mCircle[0m } [36mfrom[0m [32m"lucide-react"[0m
  [90m4 |[0m
  [90m5 |[0m [36mimport[0m { cn } [36mfrom[0m [32m"@/lib/utils"[0m



Import traces:
  Client Component Browser:
    ./components/ui/context-menu.jsx [Client Component Browser]
    ./components/MenuItemCard.jsx [Client Component Browser]
    ./app/(home)/page.js [Client Component Browser]
    ./app/(home)/page.js [Server Component]

  Client Component SSR:
    ./components/ui/context-menu.jsx [Client Component SSR]
    ./components/MenuItemCard.jsx [Client Component SSR]
    ./app/(home)/page.js [Client Component SSR]
    ./app/(home)/page.js [Server Component]

https://nextjs.org/docs/messages/module-not-found


⨯ ./components/ui/context-menu.jsx:2:1
Module not found: Can't resolve '@radix-ui/react-context-menu'
  [90m1 |[0m [36mimport[0m * [36mas[0m [33mReact[0m [36mfrom[0m [32m"react"[0m
[31m[1m>[0m [90m2 |[0m [36mimport[0m * [36mas[0m [33mContextMenuPrimitive[0m [36mfrom[0m [32m"@radix-ui/react-context-menu"[0m
  [90m  |[0m [31m[1m^^^^^^^^^^^^^^^^^^^^^^^^^^^^^^^^^^^^^^^^^^^^^^^^^^^^^^^^^^^^^^^^^^^^[0m
  [90m3 |[0m [36mimport[0m { [33mCheck[0m, [33mChevronRight[0m, [33mCircle[0m } [36mfrom[0m [32m"lucide-react"[0m
  [90m4 |[0m
  [90m5 |[0m [36mimport[0m { cn } [36mfrom[0m [32m"@/lib/utils"[0m



Import traces:
  Client Component Browser:
    ./components/ui/context-menu.jsx [Client Component Browser]
    ./components/MenuItemCard.jsx [Client Component Browser]
    ./app/(home)/page.js [Client Component Browser]
    ./app/(home)/page.js [Server Component]

  Client Component SSR:
    ./components/ui/context-menu.jsx [Client Component SSR]
    ./components/MenuItemCard.jsx [Client Component SSR]
    ./app/(home)/page.js [Client Component SSR]
    ./app/(home)/page.js [Server Component]

https://nextjs.org/docs/messages/module-not-found


⨯ ./components/ui/context-menu.jsx:2:1
Module not found: Can't resolve '@radix-ui/react-context-menu'
  [90m1 |[0m [36mimport[0m * [36mas[0m [33mReact[0m [36mfrom[0m [32m"react"[0m
[31m[1m>[0m [90m2 |[0m [36mimport[0m * [36mas[0m [33mContextMenuPrimitive[0m [36mfrom[0m [32m"@radix-ui/react-context-menu"[0m
  [90m  |[0m [31m[1m^^^^^^^^^^^^^^^^^^^^^^^^^^^^^^^^^^^^^^^^^^^^^^^^^^^^^^^^^^^^^^^^^^^^[0m
  [90m3 |[0m [36mimport[0m { [33mCheck[0m, [33mChevronRight[0m, [33mCircle[0m } [36mfrom[0m [32m"lucide-react"[0m
  [90m4 |[0m
  [90m5 |[0m [36mimport[0m { cn } [36mfrom[0m [32m"@/lib/utils"[0m



Import traces:
  Client Component Browser:
    ./components/ui/context-menu.jsx [Client Component Browser]
    ./components/MenuItemCard.jsx [Client Component Browser]
    ./app/(home)/page.js [Client Component Browser]
    ./app/(home)/page.js [Server Component]

  Client Component SSR:
    ./components/ui/context-menu.jsx [Client Component SSR]
    ./components/MenuItemCard.jsx [Client Component SSR]
    ./app/(home)/page.js [Client Component SSR]
    ./app/(home)/page.js [Server Component]

https://nextjs.org/docs/messages/module-not-found


⨯ ./components/ui/context-menu.jsx:2:1
Module not found: Can't resolve '@radix-ui/react-context-menu'
  [90m1 |[0m [36mimport[0m * [36mas[0m [33mReact[0m [36mfrom[0m [32m"react"[0m
[31m[1m>[0m [90m2 |[0m [36mimport[0m * [36mas[0m [33mContextMenuPrimitive[0m [36mfrom[0m [32m"@radix-ui/react-context-menu"[0m
  [90m  |[0m [31m[1m^^^^^^^^^^^^^^^^^^^^^^^^^^^^^^^^^^^^^^^^^^^^^^^^^^^^^^^^^^^^^^^^^^^^[0m
  [90m3 |[0m [36mimport[0m { [33mCheck[0m, [33mChevronRight[0m, [33mCircle[0m } [36mfrom[0m [32m"lucide-react"[0m
  [90m4 |[0m
  [90m5 |[0m [36mimport[0m { cn } [36mfrom[0m [32m"@/lib/utils"[0m



Import traces:
  Client Component Browser:
    ./components/ui/context-menu.jsx [Client Component Browser]
    ./components/MenuItemCard.jsx [Client Component Browser]
    ./app/(home)/page.js [Client Component Browser]
    ./app/(home)/page.js [Server Component]

  Client Component SSR:
    ./components/ui/context-menu.jsx [Client Component SSR]
    ./components/MenuItemCard.jsx [Client Component SSR]
    ./app/(home)/page.js [Client Component SSR]
    ./app/(home)/page.js [Server Component]

https://nextjs.org/docs/messages/module-not-found


⨯ ./components/ui/context-menu.jsx:2:1
Module not found: Can't resolve '@radix-ui/react-context-menu'
  [90m1 |[0m [36mimport[0m * [36mas[0m [33mReact[0m [36mfrom[0m [32m"react"[0m
[31m[1m>[0m [90m2 |[0m [36mimport[0m * [36mas[0m [33mContextMenuPrimitive[0m [36mfrom[0m [32m"@radix-ui/react-context-menu"[0m
  [90m  |[0m [31m[1m^^^^^^^^^^^^^^^^^^^^^^^^^^^^^^^^^^^^^^^^^^^^^^^^^^^^^^^^^^^^^^^^^^^^[0m
  [90m3 |[0m [36mimport[0m { [33mCheck[0m, [33mChevronRight[0m, [33mCircle[0m } [36mfrom[0m [32m"lucide-react"[0m
  [90m4 |[0m
  [90m5 |[0m [36mimport[0m { cn } [36mfrom[0m [32m"@/lib/utils"[0m



Import traces:
  Client Component Browser:
    ./components/ui/context-menu.jsx [Client Component Browser]
    ./components/MenuItemCard.jsx [Client Component Browser]
    ./app/(home)/page.js [Client Component Browser]
    ./app/(home)/page.js [Server Component]

  Client Component SSR:
    ./components/ui/context-menu.jsx [Client Component SSR]
    ./components/MenuItemCard.jsx [Client Component SSR]
    ./app/(home)/page.js [Client Component SSR]
    ./app/(home)/page.js [Server Component]

https://nextjs.org/docs/messages/module-not-found


⨯ ./components/ui/context-menu.jsx:2:1
Module not found: Can't resolve '@radix-ui/react-context-menu'
  [90m1 |[0m [36mimport[0m * [36mas[0m [33mReact[0m [36mfrom[0m [32m"react"[0m
[31m[1m>[0m [90m2 |[0m [36mimport[0m * [36mas[0m [33mContextMenuPrimitive[0m [36mfrom[0m [32m"@radix-ui/react-context-menu"[0m
  [90m  |[0m [31m[1m^^^^^^^^^^^^^^^^^^^^^^^^^^^^^^^^^^^^^^^^^^^^^^^^^^^^^^^^^^^^^^^^^^^^[0m
  [90m3 |[0m [36mimport[0m { [33mCheck[0m, [33mChevronRight[0m, [33mCircle[0m } [36mfrom[0m [32m"lucide-react"[0m
  [90m4 |[0m
  [90m5 |[0m [36mimport[0m { cn } [36mfrom[0m [32m"@/lib/utils"[0m



Import traces:
  Client Component Browser:
    ./components/ui/context-menu.jsx [Client Component Browser]
    ./components/MenuItemCard.jsx [Client Component Browser]
    ./app/(home)/page.js [Client Component Browser]
    ./app/(home)/page.js [Server Component]

  Client Component SSR:
    ./components/ui/context-menu.jsx [Client Component SSR]
    ./components/MenuItemCard.jsx [Client Component SSR]
    ./app/(home)/page.js [Client Component SSR]
    ./app/(home)/page.js [Server Component]

https://nextjs.org/docs/messages/module-not-found


⨯ ./components/ui/context-menu.jsx:2:1
Module not found: Can't resolve '@radix-ui/react-context-menu'
  [90m1 |[0m [36mimport[0m * [36mas[0m [33mReact[0m [36mfrom[0m [32m"react"[0m
[31m[1m>[0m [90m2 |[0m [36mimport[0m * [36mas[0m [33mContextMenuPrimitive[0m [36mfrom[0m [32m"@radix-ui/react-context-menu"[0m
  [90m  |[0m [31m[1m^^^^^^^^^^^^^^^^^^^^^^^^^^^^^^^^^^^^^^^^^^^^^^^^^^^^^^^^^^^^^^^^^^^^[0m
  [90m3 |[0m [36mimport[0m { [33mCheck[0m, [33mChevronRight[0m, [33mCircle[0m } [36mfrom[0m [32m"lucide-react"[0m
  [90m4 |[0m
  [90m5 |[0m [36mimport[0m { cn } [36mfrom[0m [32m"@/lib/utils"[0m



Import traces:
  Client Component Browser:
    ./components/ui/context-menu.jsx [Client Component Browser]
    ./components/MenuItemCard.jsx [Client Component Browser]
    ./app/(home)/page.js [Client Component Browser]
    ./app/(home)/page.js [Server Component]

  Client Component SSR:
    ./components/ui/context-menu.jsx [Client Component SSR]
    ./components/MenuItemCard.jsx [Client Component SSR]
    ./app/(home)/page.js [Client Component SSR]
    ./app/(home)/page.js [Server Component]

https://nextjs.org/docs/messages/module-not-found


⨯ ./components/ui/context-menu.jsx:2:1
Module not found: Can't resolve '@radix-ui/react-context-menu'
  [90m1 |[0m [36mimport[0m * [36mas[0m [33mReact[0m [36mfrom[0m [32m"react"[0m
[31m[1m>[0m [90m2 |[0m [36mimport[0m * [36mas[0m [33mContextMenuPrimitive[0m [36mfrom[0m [32m"@radix-ui/react-context-menu"[0m
  [90m  |[0m [31m[1m^^^^^^^^^^^^^^^^^^^^^^^^^^^^^^^^^^^^^^^^^^^^^^^^^^^^^^^^^^^^^^^^^^^^[0m
  [90m3 |[0m [36mimport[0m { [33mCheck[0m, [33mChevronRight[0m, [33mCircle[0m } [36mfrom[0m [32m"lucide-react"[0m
  [90m4 |[0m
  [90m5 |[0m [36mimport[0m { cn } [36mfrom[0m [32m"@/lib/utils"[0m



Import traces:
  Client Component Browser:
    ./components/ui/context-menu.jsx [Client Component Browser]
    ./components/MenuItemCard.jsx [Client Component Browser]
    ./app/(home)/page.js [Client Component Browser]
    ./app/(home)/page.js [Server Component]

  Client Component SSR:
    ./components/ui/context-menu.jsx [Client Component SSR]
    ./components/MenuItemCard.jsx [Client Component SSR]
    ./app/(home)/page.js [Client Component SSR]
    ./app/(home)/page.js [Server Component]

https://nextjs.org/docs/messages/module-not-found


⨯ ./components/ui/context-menu.jsx:2:1
Module not found: Can't resolve '@radix-ui/react-context-menu'
  [90m1 |[0m [36mimport[0m * [36mas[0m [33mReact[0m [36mfrom[0m [32m"react"[0m
[31m[1m>[0m [90m2 |[0m [36mimport[0m * [36mas[0m [33mContextMenuPrimitive[0m [36mfrom[0m [32m"@radix-ui/react-context-menu"[0m
  [90m  |[0m [31m[1m^^^^^^^^^^^^^^^^^^^^^^^^^^^^^^^^^^^^^^^^^^^^^^^^^^^^^^^^^^^^^^^^^^^^[0m
  [90m3 |[0m [36mimport[0m { [33mCheck[0m, [33mChevronRight[0m, [33mCircle[0m } [36mfrom[0m [32m"lucide-react"[0m
  [90m4 |[0m
  [90m5 |[0m [36mimport[0m { cn } [36mfrom[0m [32m"@/lib/utils"[0m



Import traces:
  Client Component Browser:
    ./components/ui/context-menu.jsx [Client Component Browser]
    ./components/MenuItemCard.jsx [Client Component Browser]
    ./app/(home)/page.js [Client Component Browser]
    ./app/(home)/page.js [Server Component]

  Client Component SSR:
    ./components/ui/context-menu.jsx [Client Component SSR]
    ./components/MenuItemCard.jsx [Client Component SSR]
    ./app/(home)/page.js [Client Component SSR]
    ./app/(home)/page.js [Server Component]

https://nextjs.org/docs/messages/module-not-found


⨯ ./components/ui/context-menu.jsx:2:1
Module not found: Can't resolve '@radix-ui/react-context-menu'
  [90m1 |[0m [36mimport[0m * [36mas[0m [33mReact[0m [36mfrom[0m [32m"react"[0m
[31m[1m>[0m [90m2 |[0m [36mimport[0m * [36mas[0m [33mContextMenuPrimitive[0m [36mfrom[0m [32m"@radix-ui/react-context-menu"[0m
  [90m  |[0m [31m[1m^^^^^^^^^^^^^^^^^^^^^^^^^^^^^^^^^^^^^^^^^^^^^^^^^^^^^^^^^^^^^^^^^^^^[0m
  [90m3 |[0m [36mimport[0m { [33mCheck[0m, [33mChevronRight[0m, [33mCircle[0m } [36mfrom[0m [32m"lucide-react"[0m
  [90m4 |[0m
  [90m5 |[0m [36mimport[0m { cn } [36mfrom[0m [32m"@/lib/utils"[0m



Import traces:
  Client Component Browser:
    ./components/ui/context-menu.jsx [Client Component Browser]
    ./components/MenuItemCard.jsx [Client Component Browser]
    ./app/(home)/page.js [Client Component Browser]
    ./app/(home)/page.js [Server Component]

  Client Component SSR:
    ./components/ui/context-menu.jsx [Client Component SSR]
    ./components/MenuItemCard.jsx [Client Component SSR]
    ./app/(home)/page.js [Client Component SSR]
    ./app/(home)/page.js [Server Component]

https://nextjs.org/docs/messages/module-not-found


⨯ ./components/ui/context-menu.jsx:2:1
Module not found: Can't resolve '@radix-ui/react-context-menu'
  [90m1 |[0m [36mimport[0m * [36mas[0m [33mReact[0m [36mfrom[0m [32m"react"[0m
[31m[1m>[0m [90m2 |[0m [36mimport[0m * [36mas[0m [33mContextMenuPrimitive[0m [36mfrom[0m [32m"@radix-ui/react-context-menu"[0m
  [90m  |[0m [31m[1m^^^^^^^^^^^^^^^^^^^^^^^^^^^^^^^^^^^^^^^^^^^^^^^^^^^^^^^^^^^^^^^^^^^^[0m
  [90m3 |[0m [36mimport[0m { [33mCheck[0m, [33mChevronRight[0m, [33mCircle[0m } [36mfrom[0m [32m"lucide-react"[0m
  [90m4 |[0m
  [90m5 |[0m [36mimport[0m { cn } [36mfrom[0m [32m"@/lib/utils"[0m



Import traces:
  Client Component Browser:
    ./components/ui/context-menu.jsx [Client Component Browser]
    ./components/MenuItemCard.jsx [Client Component Browser]
    ./app/(home)/page.js [Client Component Browser]
    ./app/(home)/page.js [Server Component]

  Client Component SSR:
    ./components/ui/context-menu.jsx [Client Component SSR]
    ./components/MenuItemCard.jsx [Client Component SSR]
    ./app/(home)/page.js [Client Component SSR]
    ./app/(home)/page.js [Server Component]

https://nextjs.org/docs/messages/module-not-found


⨯ ./components/ui/context-menu.jsx:2:1
Module not found: Can't resolve '@radix-ui/react-context-menu'
  [90m1 |[0m [36mimport[0m * [36mas[0m [33mReact[0m [36mfrom[0m [32m"react"[0m
[31m[1m>[0m [90m2 |[0m [36mimport[0m * [36mas[0m [33mContextMenuPrimitive[0m [36mfrom[0m [32m"@radix-ui/react-context-menu"[0m
  [90m  |[0m [31m[1m^^^^^^^^^^^^^^^^^^^^^^^^^^^^^^^^^^^^^^^^^^^^^^^^^^^^^^^^^^^^^^^^^^^^[0m
  [90m3 |[0m [36mimport[0m { [33mCheck[0m, [33mChevronRight[0m, [33mCircle[0m } [36mfrom[0m [32m"lucide-react"[0m
  [90m4 |[0m
  [90m5 |[0m [36mimport[0m { cn } [36mfrom[0m [32m"@/lib/utils"[0m



Import traces:
  Client Component Browser:
    ./components/ui/context-menu.jsx [Client Component Browser]
    ./components/MenuItemCard.jsx [Client Component Browser]
    ./app/(home)/page.js [Client Component Browser]
    ./app/(home)/page.js [Server Component]

  Client Component SSR:
    ./components/ui/context-menu.jsx [Client Component SSR]
    ./components/MenuItemCard.jsx [Client Component SSR]
    ./app/(home)/page.js [Client Component SSR]
    ./app/(home)/page.js [Server Component]

https://nextjs.org/docs/messages/module-not-found


⨯ ./components/ui/context-menu.jsx:2:1
Module not found: Can't resolve '@radix-ui/react-context-menu'
  [90m1 |[0m [36mimport[0m * [36mas[0m [33mReact[0m [36mfrom[0m [32m"react"[0m
[31m[1m>[0m [90m2 |[0m [36mimport[0m * [36mas[0m [33mContextMenuPrimitive[0m [36mfrom[0m [32m"@radix-ui/react-context-menu"[0m
  [90m  |[0m [31m[1m^^^^^^^^^^^^^^^^^^^^^^^^^^^^^^^^^^^^^^^^^^^^^^^^^^^^^^^^^^^^^^^^^^^^[0m
  [90m3 |[0m [36mimport[0m { [33mCheck[0m, [33mChevronRight[0m, [33mCircle[0m } [36mfrom[0m [32m"lucide-react"[0m
  [90m4 |[0m
  [90m5 |[0m [36mimport[0m { cn } [36mfrom[0m [32m"@/lib/utils"[0m



Import traces:
  Client Component Browser:
    ./components/ui/context-menu.jsx [Client Component Browser]
    ./components/MenuItemCard.jsx [Client Component Browser]
    ./app/(home)/page.js [Client Component Browser]
    ./app/(home)/page.js [Server Component]

  Client Component SSR:
    ./components/ui/context-menu.jsx [Client Component SSR]
    ./components/MenuItemCard.jsx [Client Component SSR]
    ./app/(home)/page.js [Client Component SSR]
    ./app/(home)/page.js [Server Component]

https://nextjs.org/docs/messages/module-not-found


⨯ ./components/ui/context-menu.jsx:2:1
Module not found: Can't resolve '@radix-ui/react-context-menu'
  [90m1 |[0m [36mimport[0m * [36mas[0m [33mReact[0m [36mfrom[0m [32m"react"[0m
[31m[1m>[0m [90m2 |[0m [36mimport[0m * [36mas[0m [33mContextMenuPrimitive[0m [36mfrom[0m [32m"@radix-ui/react-context-menu"[0m
  [90m  |[0m [31m[1m^^^^^^^^^^^^^^^^^^^^^^^^^^^^^^^^^^^^^^^^^^^^^^^^^^^^^^^^^^^^^^^^^^^^[0m
  [90m3 |[0m [36mimport[0m { [33mCheck[0m, [33mChevronRight[0m, [33mCircle[0m } [36mfrom[0m [32m"lucide-react"[0m
  [90m4 |[0m
  [90m5 |[0m [36mimport[0m { cn } [36mfrom[0m [32m"@/lib/utils"[0m



Import traces:
  Client Component Browser:
    ./components/ui/context-menu.jsx [Client Component Browser]
    ./components/MenuItemCard.jsx [Client Component Browser]
    ./app/(home)/page.js [Client Component Browser]
    ./app/(home)/page.js [Server Component]

  Client Component SSR:
    ./components/ui/context-menu.jsx [Client Component SSR]
    ./components/MenuItemCard.jsx [Client Component SSR]
    ./app/(home)/page.js [Client Component SSR]
    ./app/(home)/page.js [Server Component]

https://nextjs.org/docs/messages/module-not-found


⨯ ./components/ui/context-menu.jsx:2:1
Module not found: Can't resolve '@radix-ui/react-context-menu'
  [90m1 |[0m [36mimport[0m * [36mas[0m [33mReact[0m [36mfrom[0m [32m"react"[0m
[31m[1m>[0m [90m2 |[0m [36mimport[0m * [36mas[0m [33mContextMenuPrimitive[0m [36mfrom[0m [32m"@radix-ui/react-context-menu"[0m
  [90m  |[0m [31m[1m^^^^^^^^^^^^^^^^^^^^^^^^^^^^^^^^^^^^^^^^^^^^^^^^^^^^^^^^^^^^^^^^^^^^[0m
  [90m3 |[0m [36mimport[0m { [33mCheck[0m, [33mChevronRight[0m, [33mCircle[0m } [36mfrom[0m [32m"lucide-react"[0m
  [90m4 |[0m
  [90m5 |[0m [36mimport[0m { cn } [36mfrom[0m [32m"@/lib/utils"[0m



Import traces:
  Client Component Browser:
    ./components/ui/context-menu.jsx [Client Component Browser]
    ./components/MenuItemCard.jsx [Client Component Browser]
    ./app/(home)/page.js [Client Component Browser]
    ./app/(home)/page.js [Server Component]

  Client Component SSR:
    ./components/ui/context-menu.jsx [Client Component SSR]
    ./components/MenuItemCard.jsx [Client Component SSR]
    ./app/(home)/page.js [Client Component SSR]
    ./app/(home)/page.js [Server Component]

https://nextjs.org/docs/messages/module-not-found


⨯ ./components/ui/context-menu.jsx:2:1
Module not found: Can't resolve '@radix-ui/react-context-menu'
  [90m1 |[0m [36mimport[0m * [36mas[0m [33mReact[0m [36mfrom[0m [32m"react"[0m
[31m[1m>[0m [90m2 |[0m [36mimport[0m * [36mas[0m [33mContextMenuPrimitive[0m [36mfrom[0m [32m"@radix-ui/react-context-menu"[0m
  [90m  |[0m [31m[1m^^^^^^^^^^^^^^^^^^^^^^^^^^^^^^^^^^^^^^^^^^^^^^^^^^^^^^^^^^^^^^^^^^^^[0m
  [90m3 |[0m [36mimport[0m { [33mCheck[0m, [33mChevronRight[0m, [33mCircle[0m } [36mfrom[0m [32m"lucide-react"[0m
  [90m4 |[0m
  [90m5 |[0m [36mimport[0m { cn } [36mfrom[0m [32m"@/lib/utils"[0m



Import traces:
  Client Component Browser:
    ./components/ui/context-menu.jsx [Client Component Browser]
    ./components/MenuItemCard.jsx [Client Component Browser]
    ./app/(home)/page.js [Client Component Browser]
    ./app/(home)/page.js [Server Component]

  Client Component SSR:
    ./components/ui/context-menu.jsx [Client Component SSR]
    ./components/MenuItemCard.jsx [Client Component SSR]
    ./app/(home)/page.js [Client Component SSR]
    ./app/(home)/page.js [Server Component]

https://nextjs.org/docs/messages/module-not-found


⨯ ./components/ui/context-menu.jsx:2:1
Module not found: Can't resolve '@radix-ui/react-context-menu'
  [90m1 |[0m [36mimport[0m * [36mas[0m [33mReact[0m [36mfrom[0m [32m"react"[0m
[31m[1m>[0m [90m2 |[0m [36mimport[0m * [36mas[0m [33mContextMenuPrimitive[0m [36mfrom[0m [32m"@radix-ui/react-context-menu"[0m
  [90m  |[0m [31m[1m^^^^^^^^^^^^^^^^^^^^^^^^^^^^^^^^^^^^^^^^^^^^^^^^^^^^^^^^^^^^^^^^^^^^[0m
  [90m3 |[0m [36mimport[0m { [33mCheck[0m, [33mChevronRight[0m, [33mCircle[0m } [36mfrom[0m [32m"lucide-react"[0m
  [90m4 |[0m
  [90m5 |[0m [36mimport[0m { cn } [36mfrom[0m [32m"@/lib/utils"[0m



Import traces:
  Client Component Browser:
    ./components/ui/context-menu.jsx [Client Component Browser]
    ./components/MenuItemCard.jsx [Client Component Browser]
    ./app/(home)/page.js [Client Component Browser]
    ./app/(home)/page.js [Server Component]

  Client Component SSR:
    ./components/ui/context-menu.jsx [Client Component SSR]
    ./components/MenuItemCard.jsx [Client Component SSR]
    ./app/(home)/page.js [Client Component SSR]
    ./app/(home)/page.js [Server Component]

https://nextjs.org/docs/messages/module-not-found


⨯ ./components/ui/context-menu.jsx:2:1
Module not found: Can't resolve '@radix-ui/react-context-menu'
  [90m1 |[0m [36mimport[0m * [36mas[0m [33mReact[0m [36mfrom[0m [32m"react"[0m
[31m[1m>[0m [90m2 |[0m [36mimport[0m * [36mas[0m [33mContextMenuPrimitive[0m [36mfrom[0m [32m"@radix-ui/react-context-menu"[0m
  [90m  |[0m [31m[1m^^^^^^^^^^^^^^^^^^^^^^^^^^^^^^^^^^^^^^^^^^^^^^^^^^^^^^^^^^^^^^^^^^^^[0m
  [90m3 |[0m [36mimport[0m { [33mCheck[0m, [33mChevronRight[0m, [33mCircle[0m } [36mfrom[0m [32m"lucide-react"[0m
  [90m4 |[0m
  [90m5 |[0m [36mimport[0m { cn } [36mfrom[0m [32m"@/lib/utils"[0m



Import traces:
  Client Component Browser:
    ./components/ui/context-menu.jsx [Client Component Browser]
    ./components/MenuItemCard.jsx [Client Component Browser]
    ./app/(home)/page.js [Client Component Browser]
    ./app/(home)/page.js [Server Component]

  Client Component SSR:
    ./components/ui/context-menu.jsx [Client Component SSR]
    ./components/MenuItemCard.jsx [Client Component SSR]
    ./app/(home)/page.js [Client Component SSR]
    ./app/(home)/page.js [Server Component]

https://nextjs.org/docs/messages/module-not-found


⨯ ./components/ui/context-menu.jsx:2:1
Module not found: Can't resolve '@radix-ui/react-context-menu'
  [90m1 |[0m [36mimport[0m * [36mas[0m [33mReact[0m [36mfrom[0m [32m"react"[0m
[31m[1m>[0m [90m2 |[0m [36mimport[0m * [36mas[0m [33mContextMenuPrimitive[0m [36mfrom[0m [32m"@radix-ui/react-context-menu"[0m
  [90m  |[0m [31m[1m^^^^^^^^^^^^^^^^^^^^^^^^^^^^^^^^^^^^^^^^^^^^^^^^^^^^^^^^^^^^^^^^^^^^[0m
  [90m3 |[0m [36mimport[0m { [33mCheck[0m, [33mChevronRight[0m, [33mCircle[0m } [36mfrom[0m [32m"lucide-react"[0m
  [90m4 |[0m
  [90m5 |[0m [36mimport[0m { cn } [36mfrom[0m [32m"@/lib/utils"[0m



Import traces:
  Client Component Browser:
    ./components/ui/context-menu.jsx [Client Component Browser]
    ./components/MenuItemCard.jsx [Client Component Browser]
    ./app/(home)/page.js [Client Component Browser]
    ./app/(home)/page.js [Server Component]

  Client Component SSR:
    ./components/ui/context-menu.jsx [Client Component SSR]
    ./components/MenuItemCard.jsx [Client Component SSR]
    ./app/(home)/page.js [Client Component SSR]
    ./app/(home)/page.js [Server Component]

https://nextjs.org/docs/messages/module-not-found


⨯ ./components/ui/context-menu.jsx:2:1
Module not found: Can't resolve '@radix-ui/react-context-menu'
  [90m1 |[0m [36mimport[0m * [36mas[0m [33mReact[0m [36mfrom[0m [32m"react"[0m
[31m[1m>[0m [90m2 |[0m [36mimport[0m * [36mas[0m [33mContextMenuPrimitive[0m [36mfrom[0m [32m"@radix-ui/react-context-menu"[0m
  [90m  |[0m [31m[1m^^^^^^^^^^^^^^^^^^^^^^^^^^^^^^^^^^^^^^^^^^^^^^^^^^^^^^^^^^^^^^^^^^^^[0m
  [90m3 |[0m [36mimport[0m { [33mCheck[0m, [33mChevronRight[0m, [33mCircle[0m } [36mfrom[0m [32m"lucide-react"[0m
  [90m4 |[0m
  [90m5 |[0m [36mimport[0m { cn } [36mfrom[0m [32m"@/lib/utils"[0m



Import traces:
  Client Component Browser:
    ./components/ui/context-menu.jsx [Client Component Browser]
    ./components/MenuItemCard.jsx [Client Component Browser]
    ./app/(home)/page.js [Client Component Browser]
    ./app/(home)/page.js [Server Component]

  Client Component SSR:
    ./components/ui/context-menu.jsx [Client Component SSR]
    ./components/MenuItemCard.jsx [Client Component SSR]
    ./app/(home)/page.js [Client Component SSR]
    ./app/(home)/page.js [Server Component]

https://nextjs.org/docs/messages/module-not-found


⨯ ./components/ui/context-menu.jsx:2:1
Module not found: Can't resolve '@radix-ui/react-context-menu'
  [90m1 |[0m [36mimport[0m * [36mas[0m [33mReact[0m [36mfrom[0m [32m"react"[0m
[31m[1m>[0m [90m2 |[0m [36mimport[0m * [36mas[0m [33mContextMenuPrimitive[0m [36mfrom[0m [32m"@radix-ui/react-context-menu"[0m
  [90m  |[0m [31m[1m^^^^^^^^^^^^^^^^^^^^^^^^^^^^^^^^^^^^^^^^^^^^^^^^^^^^^^^^^^^^^^^^^^^^[0m
  [90m3 |[0m [36mimport[0m { [33mCheck[0m, [33mChevronRight[0m, [33mCircle[0m } [36mfrom[0m [32m"lucide-react"[0m
  [90m4 |[0m
  [90m5 |[0m [36mimport[0m { cn } [36mfrom[0m [32m"@/lib/utils"[0m



Import traces:
  Client Component Browser:
    ./components/ui/context-menu.jsx [Client Component Browser]
    ./components/MenuItemCard.jsx [Client Component Browser]
    ./app/(home)/page.js [Client Component Browser]
    ./app/(home)/page.js [Server Component]

  Client Component SSR:
    ./components/ui/context-menu.jsx [Client Component SSR]
    ./components/MenuItemCard.jsx [Client Component SSR]
    ./app/(home)/page.js [Client Component SSR]
    ./app/(home)/page.js [Server Component]

https://nextjs.org/docs/messages/module-not-found


⨯ ./components/ui/context-menu.jsx:2:1
Module not found: Can't resolve '@radix-ui/react-context-menu'
  [90m1 |[0m [36mimport[0m * [36mas[0m [33mReact[0m [36mfrom[0m [32m"react"[0m
[31m[1m>[0m [90m2 |[0m [36mimport[0m * [36mas[0m [33mContextMenuPrimitive[0m [36mfrom[0m [32m"@radix-ui/react-context-menu"[0m
  [90m  |[0m [31m[1m^^^^^^^^^^^^^^^^^^^^^^^^^^^^^^^^^^^^^^^^^^^^^^^^^^^^^^^^^^^^^^^^^^^^[0m
  [90m3 |[0m [36mimport[0m { [33mCheck[0m, [33mChevronRight[0m, [33mCircle[0m } [36mfrom[0m [32m"lucide-react"[0m
  [90m4 |[0m
  [90m5 |[0m [36mimport[0m { cn } [36mfrom[0m [32m"@/lib/utils"[0m



Import traces:
  Client Component Browser:
    ./components/ui/context-menu.jsx [Client Component Browser]
    ./components/MenuItemCard.jsx [Client Component Browser]
    ./app/(home)/page.js [Client Component Browser]
    ./app/(home)/page.js [Server Component]

  Client Component SSR:
    ./components/ui/context-menu.jsx [Client Component SSR]
    ./components/MenuItemCard.jsx [Client Component SSR]
    ./app/(home)/page.js [Client Component SSR]
    ./app/(home)/page.js [Server Component]

https://nextjs.org/docs/messages/module-not-found


⨯ ./components/ui/context-menu.jsx:2:1
Module not found: Can't resolve '@radix-ui/react-context-menu'
  [90m1 |[0m [36mimport[0m * [36mas[0m [33mReact[0m [36mfrom[0m [32m"react"[0m
[31m[1m>[0m [90m2 |[0m [36mimport[0m * [36mas[0m [33mContextMenuPrimitive[0m [36mfrom[0m [32m"@radix-ui/react-context-menu"[0m
  [90m  |[0m [31m[1m^^^^^^^^^^^^^^^^^^^^^^^^^^^^^^^^^^^^^^^^^^^^^^^^^^^^^^^^^^^^^^^^^^^^[0m
  [90m3 |[0m [36mimport[0m { [33mCheck[0m, [33mChevronRight[0m, [33mCircle[0m } [36mfrom[0m [32m"lucide-react"[0m
  [90m4 |[0m
  [90m5 |[0m [36mimport[0m { cn } [36mfrom[0m [32m"@/lib/utils"[0m



Import traces:
  Client Component Browser:
    ./components/ui/context-menu.jsx [Client Component Browser]
    ./components/MenuItemCard.jsx [Client Component Browser]
    ./app/(home)/page.js [Client Component Browser]
    ./app/(home)/page.js [Server Component]

  Client Component SSR:
    ./components/ui/context-menu.jsx [Client Component SSR]
    ./components/MenuItemCard.jsx [Client Component SSR]
    ./app/(home)/page.js [Client Component SSR]
    ./app/(home)/page.js [Server Component]

https://nextjs.org/docs/messages/module-not-found


⨯ ./components/ui/context-menu.jsx:2:1
Module not found: Can't resolve '@radix-ui/react-context-menu'
  [90m1 |[0m [36mimport[0m * [36mas[0m [33mReact[0m [36mfrom[0m [32m"react"[0m
[31m[1m>[0m [90m2 |[0m [36mimport[0m * [36mas[0m [33mContextMenuPrimitive[0m [36mfrom[0m [32m"@radix-ui/react-context-menu"[0m
  [90m  |[0m [31m[1m^^^^^^^^^^^^^^^^^^^^^^^^^^^^^^^^^^^^^^^^^^^^^^^^^^^^^^^^^^^^^^^^^^^^[0m
  [90m3 |[0m [36mimport[0m { [33mCheck[0m, [33mChevronRight[0m, [33mCircle[0m } [36mfrom[0m [32m"lucide-react"[0m
  [90m4 |[0m
  [90m5 |[0m [36mimport[0m { cn } [36mfrom[0m [32m"@/lib/utils"[0m



Import traces:
  Client Component Browser:
    ./components/ui/context-menu.jsx [Client Component Browser]
    ./components/MenuItemCard.jsx [Client Component Browser]
    ./app/(home)/page.js [Client Component Browser]
    ./app/(home)/page.js [Server Component]

  Client Component SSR:
    ./components/ui/context-menu.jsx [Client Component SSR]
    ./components/MenuItemCard.jsx [Client Component SSR]
    ./app/(home)/page.js [Client Component SSR]
    ./app/(home)/page.js [Server Component]

https://nextjs.org/docs/messages/module-not-found


⨯ ./components/ui/context-menu.jsx:2:1
Module not found: Can't resolve '@radix-ui/react-context-menu'
  [90m1 |[0m [36mimport[0m * [36mas[0m [33mReact[0m [36mfrom[0m [32m"react"[0m
[31m[1m>[0m [90m2 |[0m [36mimport[0m * [36mas[0m [33mContextMenuPrimitive[0m [36mfrom[0m [32m"@radix-ui/react-context-menu"[0m
  [90m  |[0m [31m[1m^^^^^^^^^^^^^^^^^^^^^^^^^^^^^^^^^^^^^^^^^^^^^^^^^^^^^^^^^^^^^^^^^^^^[0m
  [90m3 |[0m [36mimport[0m { [33mCheck[0m, [33mChevronRight[0m, [33mCircle[0m } [36mfrom[0m [32m"lucide-react"[0m
  [90m4 |[0m
  [90m5 |[0m [36mimport[0m { cn } [36mfrom[0m [32m"@/lib/utils"[0m



Import traces:
  Client Component Browser:
    ./components/ui/context-menu.jsx [Client Component Browser]
    ./components/MenuItemCard.jsx [Client Component Browser]
    ./app/(home)/page.js [Client Component Browser]
    ./app/(home)/page.js [Server Component]

  Client Component SSR:
    ./components/ui/context-menu.jsx [Client Component SSR]
    ./components/MenuItemCard.jsx [Client Component SSR]
    ./app/(home)/page.js [Client Component SSR]
    ./app/(home)/page.js [Server Component]

https://nextjs.org/docs/messages/module-not-found


⨯ ./components/ui/context-menu.jsx:2:1
Module not found: Can't resolve '@radix-ui/react-context-menu'
  [90m1 |[0m [36mimport[0m * [36mas[0m [33mReact[0m [36mfrom[0m [32m"react"[0m
[31m[1m>[0m [90m2 |[0m [36mimport[0m * [36mas[0m [33mContextMenuPrimitive[0m [36mfrom[0m [32m"@radix-ui/react-context-menu"[0m
  [90m  |[0m [31m[1m^^^^^^^^^^^^^^^^^^^^^^^^^^^^^^^^^^^^^^^^^^^^^^^^^^^^^^^^^^^^^^^^^^^^[0m
  [90m3 |[0m [36mimport[0m { [33mCheck[0m, [33mChevronRight[0m, [33mCircle[0m } [36mfrom[0m [32m"lucide-react"[0m
  [90m4 |[0m
  [90m5 |[0m [36mimport[0m { cn } [36mfrom[0m [32m"@/lib/utils"[0m



Import traces:
  Client Component Browser:
    ./components/ui/context-menu.jsx [Client Component Browser]
    ./components/MenuItemCard.jsx [Client Component Browser]
    ./app/(home)/page.js [Client Component Browser]
    ./app/(home)/page.js [Server Component]

  Client Component SSR:
    ./components/ui/context-menu.jsx [Client Component SSR]
    ./components/MenuItemCard.jsx [Client Component SSR]
    ./app/(home)/page.js [Client Component SSR]
    ./app/(home)/page.js [Server Component]

https://nextjs.org/docs/messages/module-not-found


⨯ ./components/ui/context-menu.jsx:2:1
Module not found: Can't resolve '@radix-ui/react-context-menu'
  [90m1 |[0m [36mimport[0m * [36mas[0m [33mReact[0m [36mfrom[0m [32m"react"[0m
[31m[1m>[0m [90m2 |[0m [36mimport[0m * [36mas[0m [33mContextMenuPrimitive[0m [36mfrom[0m [32m"@radix-ui/react-context-menu"[0m
  [90m  |[0m [31m[1m^^^^^^^^^^^^^^^^^^^^^^^^^^^^^^^^^^^^^^^^^^^^^^^^^^^^^^^^^^^^^^^^^^^^[0m
  [90m3 |[0m [36mimport[0m { [33mCheck[0m, [33mChevronRight[0m, [33mCircle[0m } [36mfrom[0m [32m"lucide-react"[0m
  [90m4 |[0m
  [90m5 |[0m [36mimport[0m { cn } [36mfrom[0m [32m"@/lib/utils"[0m



Import traces:
  Client Component Browser:
    ./components/ui/context-menu.jsx [Client Component Browser]
    ./components/MenuItemCard.jsx [Client Component Browser]
    ./app/(home)/page.js [Client Component Browser]
    ./app/(home)/page.js [Server Component]

  Client Component SSR:
    ./components/ui/context-menu.jsx [Client Component SSR]
    ./components/MenuItemCard.jsx [Client Component SSR]
    ./app/(home)/page.js [Client Component SSR]
    ./app/(home)/page.js [Server Component]

https://nextjs.org/docs/messages/module-not-found


⨯ ./components/ui/context-menu.jsx:2:1
Module not found: Can't resolve '@radix-ui/react-context-menu'
  [90m1 |[0m [36mimport[0m * [36mas[0m [33mReact[0m [36mfrom[0m [32m"react"[0m
[31m[1m>[0m [90m2 |[0m [36mimport[0m * [36mas[0m [33mContextMenuPrimitive[0m [36mfrom[0m [32m"@radix-ui/react-context-menu"[0m
  [90m  |[0m [31m[1m^^^^^^^^^^^^^^^^^^^^^^^^^^^^^^^^^^^^^^^^^^^^^^^^^^^^^^^^^^^^^^^^^^^^[0m
  [90m3 |[0m [36mimport[0m { [33mCheck[0m, [33mChevronRight[0m, [33mCircle[0m } [36mfrom[0m [32m"lucide-react"[0m
  [90m4 |[0m
  [90m5 |[0m [36mimport[0m { cn } [36mfrom[0m [32m"@/lib/utils"[0m



Import traces:
  Client Component Browser:
    ./components/ui/context-menu.jsx [Client Component Browser]
    ./components/MenuItemCard.jsx [Client Component Browser]
    ./app/(home)/page.js [Client Component Browser]
    ./app/(home)/page.js [Server Component]

  Client Component SSR:
    ./components/ui/context-menu.jsx [Client Component SSR]
    ./components/MenuItemCard.jsx [Client Component SSR]
    ./app/(home)/page.js [Client Component SSR]
    ./app/(home)/page.js [Server Component]

https://nextjs.org/docs/messages/module-not-found


⨯ ./components/ui/context-menu.jsx:2:1
Module not found: Can't resolve '@radix-ui/react-context-menu'
  [90m1 |[0m [36mimport[0m * [36mas[0m [33mReact[0m [36mfrom[0m [32m"react"[0m
[31m[1m>[0m [90m2 |[0m [36mimport[0m * [36mas[0m [33mContextMenuPrimitive[0m [36mfrom[0m [32m"@radix-ui/react-context-menu"[0m
  [90m  |[0m [31m[1m^^^^^^^^^^^^^^^^^^^^^^^^^^^^^^^^^^^^^^^^^^^^^^^^^^^^^^^^^^^^^^^^^^^^[0m
  [90m3 |[0m [36mimport[0m { [33mCheck[0m, [33mChevronRight[0m, [33mCircle[0m } [36mfrom[0m [32m"lucide-react"[0m
  [90m4 |[0m
  [90m5 |[0m [36mimport[0m { cn } [36mfrom[0m [32m"@/lib/utils"[0m



Import traces:
  Client Component Browser:
    ./components/ui/context-menu.jsx [Client Component Browser]
    ./components/MenuItemCard.jsx [Client Component Browser]
    ./app/(home)/page.js [Client Component Browser]
    ./app/(home)/page.js [Server Component]

  Client Component SSR:
    ./components/ui/context-menu.jsx [Client Component SSR]
    ./components/MenuItemCard.jsx [Client Component SSR]
    ./app/(home)/page.js [Client Component SSR]
    ./app/(home)/page.js [Server Component]

https://nextjs.org/docs/messages/module-not-found


⨯ ./components/ui/context-menu.jsx:2:1
Module not found: Can't resolve '@radix-ui/react-context-menu'
  [90m1 |[0m [36mimport[0m * [36mas[0m [33mReact[0m [36mfrom[0m [32m"react"[0m
[31m[1m>[0m [90m2 |[0m [36mimport[0m * [36mas[0m [33mContextMenuPrimitive[0m [36mfrom[0m [32m"@radix-ui/react-context-menu"[0m
  [90m  |[0m [31m[1m^^^^^^^^^^^^^^^^^^^^^^^^^^^^^^^^^^^^^^^^^^^^^^^^^^^^^^^^^^^^^^^^^^^^[0m
  [90m3 |[0m [36mimport[0m { [33mCheck[0m, [33mChevronRight[0m, [33mCircle[0m } [36mfrom[0m [32m"lucide-react"[0m
  [90m4 |[0m
  [90m5 |[0m [36mimport[0m { cn } [36mfrom[0m [32m"@/lib/utils"[0m



Import traces:
  Client Component Browser:
    ./components/ui/context-menu.jsx [Client Component Browser]
    ./components/MenuItemCard.jsx [Client Component Browser]
    ./app/(home)/page.js [Client Component Browser]
    ./app/(home)/page.js [Server Component]

  Client Component SSR:
    ./components/ui/context-menu.jsx [Client Component SSR]
    ./components/MenuItemCard.jsx [Client Component SSR]
    ./app/(home)/page.js [Client Component SSR]
    ./app/(home)/page.js [Server Component]

https://nextjs.org/docs/messages/module-not-found


⨯ ./components/ui/context-menu.jsx:2:1
Module not found: Can't resolve '@radix-ui/react-context-menu'
  [90m1 |[0m [36mimport[0m * [36mas[0m [33mReact[0m [36mfrom[0m [32m"react"[0m
[31m[1m>[0m [90m2 |[0m [36mimport[0m * [36mas[0m [33mContextMenuPrimitive[0m [36mfrom[0m [32m"@radix-ui/react-context-menu"[0m
  [90m  |[0m [31m[1m^^^^^^^^^^^^^^^^^^^^^^^^^^^^^^^^^^^^^^^^^^^^^^^^^^^^^^^^^^^^^^^^^^^^[0m
  [90m3 |[0m [36mimport[0m { [33mCheck[0m, [33mChevronRight[0m, [33mCircle[0m } [36mfrom[0m [32m"lucide-react"[0m
  [90m4 |[0m
  [90m5 |[0m [36mimport[0m { cn } [36mfrom[0m [32m"@/lib/utils"[0m



Import traces:
  Client Component Browser:
    ./components/ui/context-menu.jsx [Client Component Browser]
    ./components/MenuItemCard.jsx [Client Component Browser]
    ./app/(home)/page.js [Client Component Browser]
    ./app/(home)/page.js [Server Component]

  Client Component SSR:
    ./components/ui/context-menu.jsx [Client Component SSR]
    ./components/MenuItemCard.jsx [Client Component SSR]
    ./app/(home)/page.js [Client Component SSR]
    ./app/(home)/page.js [Server Component]

https://nextjs.org/docs/messages/module-not-found


⨯ ./components/ui/context-menu.jsx:2:1
Module not found: Can't resolve '@radix-ui/react-context-menu'
  [90m1 |[0m [36mimport[0m * [36mas[0m [33mReact[0m [36mfrom[0m [32m"react"[0m
[31m[1m>[0m [90m2 |[0m [36mimport[0m * [36mas[0m [33mContextMenuPrimitive[0m [36mfrom[0m [32m"@radix-ui/react-context-menu"[0m
  [90m  |[0m [31m[1m^^^^^^^^^^^^^^^^^^^^^^^^^^^^^^^^^^^^^^^^^^^^^^^^^^^^^^^^^^^^^^^^^^^^[0m
  [90m3 |[0m [36mimport[0m { [33mCheck[0m, [33mChevronRight[0m, [33mCircle[0m } [36mfrom[0m [32m"lucide-react"[0m
  [90m4 |[0m
  [90m5 |[0m [36mimport[0m { cn } [36mfrom[0m [32m"@/lib/utils"[0m



Import traces:
  Client Component Browser:
    ./components/ui/context-menu.jsx [Client Component Browser]
    ./components/MenuItemCard.jsx [Client Component Browser]
    ./app/(home)/page.js [Client Component Browser]
    ./app/(home)/page.js [Server Component]

  Client Component SSR:
    ./components/ui/context-menu.jsx [Client Component SSR]
    ./components/MenuItemCard.jsx [Client Component SSR]
    ./app/(home)/page.js [Client Component SSR]
    ./app/(home)/page.js [Server Component]

https://nextjs.org/docs/messages/module-not-found


⨯ ./components/ui/context-menu.jsx:2:1
Module not found: Can't resolve '@radix-ui/react-context-menu'
  [90m1 |[0m [36mimport[0m * [36mas[0m [33mReact[0m [36mfrom[0m [32m"react"[0m
[31m[1m>[0m [90m2 |[0m [36mimport[0m * [36mas[0m [33mContextMenuPrimitive[0m [36mfrom[0m [32m"@radix-ui/react-context-menu"[0m
  [90m  |[0m [31m[1m^^^^^^^^^^^^^^^^^^^^^^^^^^^^^^^^^^^^^^^^^^^^^^^^^^^^^^^^^^^^^^^^^^^^[0m
  [90m3 |[0m [36mimport[0m { [33mCheck[0m, [33mChevronRight[0m, [33mCircle[0m } [36mfrom[0m [32m"lucide-react"[0m
  [90m4 |[0m
  [90m5 |[0m [36mimport[0m { cn } [36mfrom[0m [32m"@/lib/utils"[0m



Import traces:
  Client Component Browser:
    ./components/ui/context-menu.jsx [Client Component Browser]
    ./components/MenuItemCard.jsx [Client Component Browser]
    ./app/(home)/page.js [Client Component Browser]
    ./app/(home)/page.js [Server Component]

  Client Component SSR:
    ./components/ui/context-menu.jsx [Client Component SSR]
    ./components/MenuItemCard.jsx [Client Component SSR]
    ./app/(home)/page.js [Client Component SSR]
    ./app/(home)/page.js [Server Component]

https://nextjs.org/docs/messages/module-not-found


⨯ ./components/ui/context-menu.jsx:2:1
Module not found: Can't resolve '@radix-ui/react-context-menu'
  [90m1 |[0m [36mimport[0m * [36mas[0m [33mReact[0m [36mfrom[0m [32m"react"[0m
[31m[1m>[0m [90m2 |[0m [36mimport[0m * [36mas[0m [33mContextMenuPrimitive[0m [36mfrom[0m [32m"@radix-ui/react-context-menu"[0m
  [90m  |[0m [31m[1m^^^^^^^^^^^^^^^^^^^^^^^^^^^^^^^^^^^^^^^^^^^^^^^^^^^^^^^^^^^^^^^^^^^^[0m
  [90m3 |[0m [36mimport[0m { [33mCheck[0m, [33mChevronRight[0m, [33mCircle[0m } [36mfrom[0m [32m"lucide-react"[0m
  [90m4 |[0m
  [90m5 |[0m [36mimport[0m { cn } [36mfrom[0m [32m"@/lib/utils"[0m



Import traces:
  Client Component Browser:
    ./components/ui/context-menu.jsx [Client Component Browser]
    ./components/MenuItemCard.jsx [Client Component Browser]
    ./app/(home)/page.js [Client Component Browser]
    ./app/(home)/page.js [Server Component]

  Client Component SSR:
    ./components/ui/context-menu.jsx [Client Component SSR]
    ./components/MenuItemCard.jsx [Client Component SSR]
    ./app/(home)/page.js [Client Component SSR]
    ./app/(home)/page.js [Server Component]

https://nextjs.org/docs/messages/module-not-found


⨯ ./components/ui/context-menu.jsx:2:1
Module not found: Can't resolve '@radix-ui/react-context-menu'
  [90m1 |[0m [36mimport[0m * [36mas[0m [33mReact[0m [36mfrom[0m [32m"react"[0m
[31m[1m>[0m [90m2 |[0m [36mimport[0m * [36mas[0m [33mContextMenuPrimitive[0m [36mfrom[0m [32m"@radix-ui/react-context-menu"[0m
  [90m  |[0m [31m[1m^^^^^^^^^^^^^^^^^^^^^^^^^^^^^^^^^^^^^^^^^^^^^^^^^^^^^^^^^^^^^^^^^^^^[0m
  [90m3 |[0m [36mimport[0m { [33mCheck[0m, [33mChevronRight[0m, [33mCircle[0m } [36mfrom[0m [32m"lucide-react"[0m
  [90m4 |[0m
  [90m5 |[0m [36mimport[0m { cn } [36mfrom[0m [32m"@/lib/utils"[0m



Import traces:
  Client Component Browser:
    ./components/ui/context-menu.jsx [Client Component Browser]
    ./components/MenuItemCard.jsx [Client Component Browser]
    ./app/(home)/page.js [Client Component Browser]
    ./app/(home)/page.js [Server Component]

  Client Component SSR:
    ./components/ui/context-menu.jsx [Client Component SSR]
    ./components/MenuItemCard.jsx [Client Component SSR]
    ./app/(home)/page.js [Client Component SSR]
    ./app/(home)/page.js [Server Component]

https://nextjs.org/docs/messages/module-not-found


⨯ ./components/ui/context-menu.jsx:2:1
Module not found: Can't resolve '@radix-ui/react-context-menu'
  [90m1 |[0m [36mimport[0m * [36mas[0m [33mReact[0m [36mfrom[0m [32m"react"[0m
[31m[1m>[0m [90m2 |[0m [36mimport[0m * [36mas[0m [33mContextMenuPrimitive[0m [36mfrom[0m [32m"@radix-ui/react-context-menu"[0m
  [90m  |[0m [31m[1m^^^^^^^^^^^^^^^^^^^^^^^^^^^^^^^^^^^^^^^^^^^^^^^^^^^^^^^^^^^^^^^^^^^^[0m
  [90m3 |[0m [36mimport[0m { [33mCheck[0m, [33mChevronRight[0m, [33mCircle[0m } [36mfrom[0m [32m"lucide-react"[0m
  [90m4 |[0m
  [90m5 |[0m [36mimport[0m { cn } [36mfrom[0m [32m"@/lib/utils"[0m



Import traces:
  Client Component Browser:
    ./components/ui/context-menu.jsx [Client Component Browser]
    ./components/MenuItemCard.jsx [Client Component Browser]
    ./app/(home)/page.js [Client Component Browser]
    ./app/(home)/page.js [Server Component]

  Client Component SSR:
    ./components/ui/context-menu.jsx [Client Component SSR]
    ./components/MenuItemCard.jsx [Client Component SSR]
    ./app/(home)/page.js [Client Component SSR]
    ./app/(home)/page.js [Server Component]

https://nextjs.org/docs/messages/module-not-found


⨯ ./components/ui/context-menu.jsx:2:1
Module not found: Can't resolve '@radix-ui/react-context-menu'
  [90m1 |[0m [36mimport[0m * [36mas[0m [33mReact[0m [36mfrom[0m [32m"react"[0m
[31m[1m>[0m [90m2 |[0m [36mimport[0m * [36mas[0m [33mContextMenuPrimitive[0m [36mfrom[0m [32m"@radix-ui/react-context-menu"[0m
  [90m  |[0m [31m[1m^^^^^^^^^^^^^^^^^^^^^^^^^^^^^^^^^^^^^^^^^^^^^^^^^^^^^^^^^^^^^^^^^^^^[0m
  [90m3 |[0m [36mimport[0m { [33mCheck[0m, [33mChevronRight[0m, [33mCircle[0m } [36mfrom[0m [32m"lucide-react"[0m
  [90m4 |[0m
  [90m5 |[0m [36mimport[0m { cn } [36mfrom[0m [32m"@/lib/utils"[0m



Import traces:
  Client Component Browser:
    ./components/ui/context-menu.jsx [Client Component Browser]
    ./components/MenuItemCard.jsx [Client Component Browser]
    ./app/(home)/page.js [Client Component Browser]
    ./app/(home)/page.js [Server Component]

  Client Component SSR:
    ./components/ui/context-menu.jsx [Client Component SSR]
    ./components/MenuItemCard.jsx [Client Component SSR]
    ./app/(home)/page.js [Client Component SSR]
    ./app/(home)/page.js [Server Component]

https://nextjs.org/docs/messages/module-not-found


⨯ ./components/ui/context-menu.jsx:2:1
Module not found: Can't resolve '@radix-ui/react-context-menu'
  [90m1 |[0m [36mimport[0m * [36mas[0m [33mReact[0m [36mfrom[0m [32m"react"[0m
[31m[1m>[0m [90m2 |[0m [36mimport[0m * [36mas[0m [33mContextMenuPrimitive[0m [36mfrom[0m [32m"@radix-ui/react-context-menu"[0m
  [90m  |[0m [31m[1m^^^^^^^^^^^^^^^^^^^^^^^^^^^^^^^^^^^^^^^^^^^^^^^^^^^^^^^^^^^^^^^^^^^^[0m
  [90m3 |[0m [36mimport[0m { [33mCheck[0m, [33mChevronRight[0m, [33mCircle[0m } [36mfrom[0m [32m"lucide-react"[0m
  [90m4 |[0m
  [90m5 |[0m [36mimport[0m { cn } [36mfrom[0m [32m"@/lib/utils"[0m



Import traces:
  Client Component Browser:
    ./components/ui/context-menu.jsx [Client Component Browser]
    ./components/MenuItemCard.jsx [Client Component Browser]
    ./app/(home)/page.js [Client Component Browser]
    ./app/(home)/page.js [Server Component]

  Client Component SSR:
    ./components/ui/context-menu.jsx [Client Component SSR]
    ./components/MenuItemCard.jsx [Client Component SSR]
    ./app/(home)/page.js [Client Component SSR]
    ./app/(home)/page.js [Server Component]

https://nextjs.org/docs/messages/module-not-found


⨯ ./components/ui/context-menu.jsx:2:1
Module not found: Can't resolve '@radix-ui/react-context-menu'
  [90m1 |[0m [36mimport[0m * [36mas[0m [33mReact[0m [36mfrom[0m [32m"react"[0m
[31m[1m>[0m [90m2 |[0m [36mimport[0m * [36mas[0m [33mContextMenuPrimitive[0m [36mfrom[0m [32m"@radix-ui/react-context-menu"[0m
  [90m  |[0m [31m[1m^^^^^^^^^^^^^^^^^^^^^^^^^^^^^^^^^^^^^^^^^^^^^^^^^^^^^^^^^^^^^^^^^^^^[0m
  [90m3 |[0m [36mimport[0m { [33mCheck[0m, [33mChevronRight[0m, [33mCircle[0m } [36mfrom[0m [32m"lucide-react"[0m
  [90m4 |[0m
  [90m5 |[0m [36mimport[0m { cn } [36mfrom[0m [32m"@/lib/utils"[0m



Import traces:
  Client Component Browser:
    ./components/ui/context-menu.jsx [Client Component Browser]
    ./components/MenuItemCard.jsx [Client Component Browser]
    ./app/(home)/page.js [Client Component Browser]
    ./app/(home)/page.js [Server Component]

  Client Component SSR:
    ./components/ui/context-menu.jsx [Client Component SSR]
    ./components/MenuItemCard.jsx [Client Component SSR]
    ./app/(home)/page.js [Client Component SSR]
    ./app/(home)/page.js [Server Component]

https://nextjs.org/docs/messages/module-not-found


⨯ ./components/ui/context-menu.jsx:2:1
Module not found: Can't resolve '@radix-ui/react-context-menu'
  [90m1 |[0m [36mimport[0m * [36mas[0m [33mReact[0m [36mfrom[0m [32m"react"[0m
[31m[1m>[0m [90m2 |[0m [36mimport[0m * [36mas[0m [33mContextMenuPrimitive[0m [36mfrom[0m [32m"@radix-ui/react-context-menu"[0m
  [90m  |[0m [31m[1m^^^^^^^^^^^^^^^^^^^^^^^^^^^^^^^^^^^^^^^^^^^^^^^^^^^^^^^^^^^^^^^^^^^^[0m
  [90m3 |[0m [36mimport[0m { [33mCheck[0m, [33mChevronRight[0m, [33mCircle[0m } [36mfrom[0m [32m"lucide-react"[0m
  [90m4 |[0m
  [90m5 |[0m [36mimport[0m { cn } [36mfrom[0m [32m"@/lib/utils"[0m



Import traces:
  Client Component Browser:
    ./components/ui/context-menu.jsx [Client Component Browser]
    ./components/MenuItemCard.jsx [Client Component Browser]
    ./app/(home)/page.js [Client Component Browser]
    ./app/(home)/page.js [Server Component]

  Client Component SSR:
    ./components/ui/context-menu.jsx [Client Component SSR]
    ./components/MenuItemCard.jsx [Client Component SSR]
    ./app/(home)/page.js [Client Component SSR]
    ./app/(home)/page.js [Server Component]

https://nextjs.org/docs/messages/module-not-found


⨯ ./components/ui/context-menu.jsx:2:1
Module not found: Can't resolve '@radix-ui/react-context-menu'
  [90m1 |[0m [36mimport[0m * [36mas[0m [33mReact[0m [36mfrom[0m [32m"react"[0m
[31m[1m>[0m [90m2 |[0m [36mimport[0m * [36mas[0m [33mContextMenuPrimitive[0m [36mfrom[0m [32m"@radix-ui/react-context-menu"[0m
  [90m  |[0m [31m[1m^^^^^^^^^^^^^^^^^^^^^^^^^^^^^^^^^^^^^^^^^^^^^^^^^^^^^^^^^^^^^^^^^^^^[0m
  [90m3 |[0m [36mimport[0m { [33mCheck[0m, [33mChevronRight[0m, [33mCircle[0m } [36mfrom[0m [32m"lucide-react"[0m
  [90m4 |[0m
  [90m5 |[0m [36mimport[0m { cn } [36mfrom[0m [32m"@/lib/utils"[0m



Import traces:
  Client Component Browser:
    ./components/ui/context-menu.jsx [Client Component Browser]
    ./components/MenuItemCard.jsx [Client Component Browser]
    ./app/(home)/page.js [Client Component Browser]
    ./app/(home)/page.js [Server Component]

  Client Component SSR:
    ./components/ui/context-menu.jsx [Client Component SSR]
    ./components/MenuItemCard.jsx [Client Component SSR]
    ./app/(home)/page.js [Client Component SSR]
    ./app/(home)/page.js [Server Component]

https://nextjs.org/docs/messages/module-not-found


⨯ ./components/ui/context-menu.jsx:2:1
Module not found: Can't resolve '@radix-ui/react-context-menu'
  [90m1 |[0m [36mimport[0m * [36mas[0m [33mReact[0m [36mfrom[0m [32m"react"[0m
[31m[1m>[0m [90m2 |[0m [36mimport[0m * [36mas[0m [33mContextMenuPrimitive[0m [36mfrom[0m [32m"@radix-ui/react-context-menu"[0m
  [90m  |[0m [31m[1m^^^^^^^^^^^^^^^^^^^^^^^^^^^^^^^^^^^^^^^^^^^^^^^^^^^^^^^^^^^^^^^^^^^^[0m
  [90m3 |[0m [36mimport[0m { [33mCheck[0m, [33mChevronRight[0m, [33mCircle[0m } [36mfrom[0m [32m"lucide-react"[0m
  [90m4 |[0m
  [90m5 |[0m [36mimport[0m { cn } [36mfrom[0m [32m"@/lib/utils"[0m



Import traces:
  Client Component Browser:
    ./components/ui/context-menu.jsx [Client Component Browser]
    ./components/MenuItemCard.jsx [Client Component Browser]
    ./app/(home)/page.js [Client Component Browser]
    ./app/(home)/page.js [Server Component]

  Client Component SSR:
    ./components/ui/context-menu.jsx [Client Component SSR]
    ./components/MenuItemCard.jsx [Client Component SSR]
    ./app/(home)/page.js [Client Component SSR]
    ./app/(home)/page.js [Server Component]

https://nextjs.org/docs/messages/module-not-found


⨯ ./components/ui/context-menu.jsx:2:1
Module not found: Can't resolve '@radix-ui/react-context-menu'
  [90m1 |[0m [36mimport[0m * [36mas[0m [33mReact[0m [36mfrom[0m [32m"react"[0m
[31m[1m>[0m [90m2 |[0m [36mimport[0m * [36mas[0m [33mContextMenuPrimitive[0m [36mfrom[0m [32m"@radix-ui/react-context-menu"[0m
  [90m  |[0m [31m[1m^^^^^^^^^^^^^^^^^^^^^^^^^^^^^^^^^^^^^^^^^^^^^^^^^^^^^^^^^^^^^^^^^^^^[0m
  [90m3 |[0m [36mimport[0m { [33mCheck[0m, [33mChevronRight[0m, [33mCircle[0m } [36mfrom[0m [32m"lucide-react"[0m
  [90m4 |[0m
  [90m5 |[0m [36mimport[0m { cn } [36mfrom[0m [32m"@/lib/utils"[0m



Import traces:
  Client Component Browser:
    ./components/ui/context-menu.jsx [Client Component Browser]
    ./components/MenuItemCard.jsx [Client Component Browser]
    ./app/(home)/page.js [Client Component Browser]
    ./app/(home)/page.js [Server Component]

  Client Component SSR:
    ./components/ui/context-menu.jsx [Client Component SSR]
    ./components/MenuItemCard.jsx [Client Component SSR]
    ./app/(home)/page.js [Client Component SSR]
    ./app/(home)/page.js [Server Component]

https://nextjs.org/docs/messages/module-not-found


⨯ ./components/ui/context-menu.jsx:2:1
Module not found: Can't resolve '@radix-ui/react-context-menu'
  [90m1 |[0m [36mimport[0m * [36mas[0m [33mReact[0m [36mfrom[0m [32m"react"[0m
[31m[1m>[0m [90m2 |[0m [36mimport[0m * [36mas[0m [33mContextMenuPrimitive[0m [36mfrom[0m [32m"@radix-ui/react-context-menu"[0m
  [90m  |[0m [31m[1m^^^^^^^^^^^^^^^^^^^^^^^^^^^^^^^^^^^^^^^^^^^^^^^^^^^^^^^^^^^^^^^^^^^^[0m
  [90m3 |[0m [36mimport[0m { [33mCheck[0m, [33mChevronRight[0m, [33mCircle[0m } [36mfrom[0m [32m"lucide-react"[0m
  [90m4 |[0m
  [90m5 |[0m [36mimport[0m { cn } [36mfrom[0m [32m"@/lib/utils"[0m



Import traces:
  Client Component Browser:
    ./components/ui/context-menu.jsx [Client Component Browser]
    ./components/MenuItemCard.jsx [Client Component Browser]
    ./app/(home)/page.js [Client Component Browser]
    ./app/(home)/page.js [Server Component]

  Client Component SSR:
    ./components/ui/context-menu.jsx [Client Component SSR]
    ./components/MenuItemCard.jsx [Client Component SSR]
    ./app/(home)/page.js [Client Component SSR]
    ./app/(home)/page.js [Server Component]

https://nextjs.org/docs/messages/module-not-found


⨯ ./components/ui/context-menu.jsx:2:1
Module not found: Can't resolve '@radix-ui/react-context-menu'
  [90m1 |[0m [36mimport[0m * [36mas[0m [33mReact[0m [36mfrom[0m [32m"react"[0m
[31m[1m>[0m [90m2 |[0m [36mimport[0m * [36mas[0m [33mContextMenuPrimitive[0m [36mfrom[0m [32m"@radix-ui/react-context-menu"[0m
  [90m  |[0m [31m[1m^^^^^^^^^^^^^^^^^^^^^^^^^^^^^^^^^^^^^^^^^^^^^^^^^^^^^^^^^^^^^^^^^^^^[0m
  [90m3 |[0m [36mimport[0m { [33mCheck[0m, [33mChevronRight[0m, [33mCircle[0m } [36mfrom[0m [32m"lucide-react"[0m
  [90m4 |[0m
  [90m5 |[0m [36mimport[0m { cn } [36mfrom[0m [32m"@/lib/utils"[0m



Import traces:
  Client Component Browser:
    ./components/ui/context-menu.jsx [Client Component Browser]
    ./components/MenuItemCard.jsx [Client Component Browser]
    ./app/(home)/page.js [Client Component Browser]
    ./app/(home)/page.js [Server Component]

  Client Component SSR:
    ./components/ui/context-menu.jsx [Client Component SSR]
    ./components/MenuItemCard.jsx [Client Component SSR]
    ./app/(home)/page.js [Client Component SSR]
    ./app/(home)/page.js [Server Component]

https://nextjs.org/docs/messages/module-not-found


⨯ ./components/ui/context-menu.jsx:2:1
Module not found: Can't resolve '@radix-ui/react-context-menu'
  [90m1 |[0m [36mimport[0m * [36mas[0m [33mReact[0m [36mfrom[0m [32m"react"[0m
[31m[1m>[0m [90m2 |[0m [36mimport[0m * [36mas[0m [33mContextMenuPrimitive[0m [36mfrom[0m [32m"@radix-ui/react-context-menu"[0m
  [90m  |[0m [31m[1m^^^^^^^^^^^^^^^^^^^^^^^^^^^^^^^^^^^^^^^^^^^^^^^^^^^^^^^^^^^^^^^^^^^^[0m
  [90m3 |[0m [36mimport[0m { [33mCheck[0m, [33mChevronRight[0m, [33mCircle[0m } [36mfrom[0m [32m"lucide-react"[0m
  [90m4 |[0m
  [90m5 |[0m [36mimport[0m { cn } [36mfrom[0m [32m"@/lib/utils"[0m



Import traces:
  Client Component Browser:
    ./components/ui/context-menu.jsx [Client Component Browser]
    ./components/MenuItemCard.jsx [Client Component Browser]
    ./app/(home)/page.js [Client Component Browser]
    ./app/(home)/page.js [Server Component]

  Client Component SSR:
    ./components/ui/context-menu.jsx [Client Component SSR]
    ./components/MenuItemCard.jsx [Client Component SSR]
    ./app/(home)/page.js [Client Component SSR]
    ./app/(home)/page.js [Server Component]

https://nextjs.org/docs/messages/module-not-found


⨯ ./components/ui/context-menu.jsx:2:1
Module not found: Can't resolve '@radix-ui/react-context-menu'
  [90m1 |[0m [36mimport[0m * [36mas[0m [33mReact[0m [36mfrom[0m [32m"react"[0m
[31m[1m>[0m [90m2 |[0m [36mimport[0m * [36mas[0m [33mContextMenuPrimitive[0m [36mfrom[0m [32m"@radix-ui/react-context-menu"[0m
  [90m  |[0m [31m[1m^^^^^^^^^^^^^^^^^^^^^^^^^^^^^^^^^^^^^^^^^^^^^^^^^^^^^^^^^^^^^^^^^^^^[0m
  [90m3 |[0m [36mimport[0m { [33mCheck[0m, [33mChevronRight[0m, [33mCircle[0m } [36mfrom[0m [32m"lucide-react"[0m
  [90m4 |[0m
  [90m5 |[0m [36mimport[0m { cn } [36mfrom[0m [32m"@/lib/utils"[0m



Import traces:
  Client Component Browser:
    ./components/ui/context-menu.jsx [Client Component Browser]
    ./components/MenuItemCard.jsx [Client Component Browser]
    ./app/(home)/page.js [Client Component Browser]
    ./app/(home)/page.js [Server Component]

  Client Component SSR:
    ./components/ui/context-menu.jsx [Client Component SSR]
    ./components/MenuItemCard.jsx [Client Component SSR]
    ./app/(home)/page.js [Client Component SSR]
    ./app/(home)/page.js [Server Component]

https://nextjs.org/docs/messages/module-not-found


⨯ ./components/ui/context-menu.jsx:2:1
Module not found: Can't resolve '@radix-ui/react-context-menu'
  [90m1 |[0m [36mimport[0m * [36mas[0m [33mReact[0m [36mfrom[0m [32m"react"[0m
[31m[1m>[0m [90m2 |[0m [36mimport[0m * [36mas[0m [33mContextMenuPrimitive[0m [36mfrom[0m [32m"@radix-ui/react-context-menu"[0m
  [90m  |[0m [31m[1m^^^^^^^^^^^^^^^^^^^^^^^^^^^^^^^^^^^^^^^^^^^^^^^^^^^^^^^^^^^^^^^^^^^^[0m
  [90m3 |[0m [36mimport[0m { [33mCheck[0m, [33mChevronRight[0m, [33mCircle[0m } [36mfrom[0m [32m"lucide-react"[0m
  [90m4 |[0m
  [90m5 |[0m [36mimport[0m { cn } [36mfrom[0m [32m"@/lib/utils"[0m



Import traces:
  Client Component Browser:
    ./components/ui/context-menu.jsx [Client Component Browser]
    ./components/MenuItemCard.jsx [Client Component Browser]
    ./app/(home)/page.js [Client Component Browser]
    ./app/(home)/page.js [Server Component]

  Client Component SSR:
    ./components/ui/context-menu.jsx [Client Component SSR]
    ./components/MenuItemCard.jsx [Client Component SSR]
    ./app/(home)/page.js [Client Component SSR]
    ./app/(home)/page.js [Server Component]

https://nextjs.org/docs/messages/module-not-found


⨯ ./components/ui/context-menu.jsx:2:1
Module not found: Can't resolve '@radix-ui/react-context-menu'
  [90m1 |[0m [36mimport[0m * [36mas[0m [33mReact[0m [36mfrom[0m [32m"react"[0m
[31m[1m>[0m [90m2 |[0m [36mimport[0m * [36mas[0m [33mContextMenuPrimitive[0m [36mfrom[0m [32m"@radix-ui/react-context-menu"[0m
  [90m  |[0m [31m[1m^^^^^^^^^^^^^^^^^^^^^^^^^^^^^^^^^^^^^^^^^^^^^^^^^^^^^^^^^^^^^^^^^^^^[0m
  [90m3 |[0m [36mimport[0m { [33mCheck[0m, [33mChevronRight[0m, [33mCircle[0m } [36mfrom[0m [32m"lucide-react"[0m
  [90m4 |[0m
  [90m5 |[0m [36mimport[0m { cn } [36mfrom[0m [32m"@/lib/utils"[0m



Import traces:
  Client Component Browser:
    ./components/ui/context-menu.jsx [Client Component Browser]
    ./components/MenuItemCard.jsx [Client Component Browser]
    ./app/(home)/page.js [Client Component Browser]
    ./app/(home)/page.js [Server Component]

  Client Component SSR:
    ./components/ui/context-menu.jsx [Client Component SSR]
    ./components/MenuItemCard.jsx [Client Component SSR]
    ./app/(home)/page.js [Client Component SSR]
    ./app/(home)/page.js [Server Component]

https://nextjs.org/docs/messages/module-not-found


⨯ ./components/ui/context-menu.jsx:2:1
Module not found: Can't resolve '@radix-ui/react-context-menu'
  [90m1 |[0m [36mimport[0m * [36mas[0m [33mReact[0m [36mfrom[0m [32m"react"[0m
[31m[1m>[0m [90m2 |[0m [36mimport[0m * [36mas[0m [33mContextMenuPrimitive[0m [36mfrom[0m [32m"@radix-ui/react-context-menu"[0m
  [90m  |[0m [31m[1m^^^^^^^^^^^^^^^^^^^^^^^^^^^^^^^^^^^^^^^^^^^^^^^^^^^^^^^^^^^^^^^^^^^^[0m
  [90m3 |[0m [36mimport[0m { [33mCheck[0m, [33mChevronRight[0m, [33mCircle[0m } [36mfrom[0m [32m"lucide-react"[0m
  [90m4 |[0m
  [90m5 |[0m [36mimport[0m { cn } [36mfrom[0m [32m"@/lib/utils"[0m



Import traces:
  Client Component Browser:
    ./components/ui/context-menu.jsx [Client Component Browser]
    ./components/MenuItemCard.jsx [Client Component Browser]
    ./app/(home)/page.js [Client Component Browser]
    ./app/(home)/page.js [Server Component]

  Client Component SSR:
    ./components/ui/context-menu.jsx [Client Component SSR]
    ./components/MenuItemCard.jsx [Client Component SSR]
    ./app/(home)/page.js [Client Component SSR]
    ./app/(home)/page.js [Server Component]

https://nextjs.org/docs/messages/module-not-found


⨯ ./components/ui/context-menu.jsx:2:1
Module not found: Can't resolve '@radix-ui/react-context-menu'
  [90m1 |[0m [36mimport[0m * [36mas[0m [33mReact[0m [36mfrom[0m [32m"react"[0m
[31m[1m>[0m [90m2 |[0m [36mimport[0m * [36mas[0m [33mContextMenuPrimitive[0m [36mfrom[0m [32m"@radix-ui/react-context-menu"[0m
  [90m  |[0m [31m[1m^^^^^^^^^^^^^^^^^^^^^^^^^^^^^^^^^^^^^^^^^^^^^^^^^^^^^^^^^^^^^^^^^^^^[0m
  [90m3 |[0m [36mimport[0m { [33mCheck[0m, [33mChevronRight[0m, [33mCircle[0m } [36mfrom[0m [32m"lucide-react"[0m
  [90m4 |[0m
  [90m5 |[0m [36mimport[0m { cn } [36mfrom[0m [32m"@/lib/utils"[0m



Import traces:
  Client Component Browser:
    ./components/ui/context-menu.jsx [Client Component Browser]
    ./components/MenuItemCard.jsx [Client Component Browser]
    ./app/(home)/page.js [Client Component Browser]
    ./app/(home)/page.js [Server Component]

  Client Component SSR:
    ./components/ui/context-menu.jsx [Client Component SSR]
    ./components/MenuItemCard.jsx [Client Component SSR]
    ./app/(home)/page.js [Client Component SSR]
    ./app/(home)/page.js [Server Component]

https://nextjs.org/docs/messages/module-not-found


⨯ ./components/ui/context-menu.jsx:2:1
Module not found: Can't resolve '@radix-ui/react-context-menu'
  [90m1 |[0m [36mimport[0m * [36mas[0m [33mReact[0m [36mfrom[0m [32m"react"[0m
[31m[1m>[0m [90m2 |[0m [36mimport[0m * [36mas[0m [33mContextMenuPrimitive[0m [36mfrom[0m [32m"@radix-ui/react-context-menu"[0m
  [90m  |[0m [31m[1m^^^^^^^^^^^^^^^^^^^^^^^^^^^^^^^^^^^^^^^^^^^^^^^^^^^^^^^^^^^^^^^^^^^^[0m
  [90m3 |[0m [36mimport[0m { [33mCheck[0m, [33mChevronRight[0m, [33mCircle[0m } [36mfrom[0m [32m"lucide-react"[0m
  [90m4 |[0m
  [90m5 |[0m [36mimport[0m { cn } [36mfrom[0m [32m"@/lib/utils"[0m



Import traces:
  Client Component Browser:
    ./components/ui/context-menu.jsx [Client Component Browser]
    ./components/MenuItemCard.jsx [Client Component Browser]
    ./app/(home)/page.js [Client Component Browser]
    ./app/(home)/page.js [Server Component]

  Client Component SSR:
    ./components/ui/context-menu.jsx [Client Component SSR]
    ./components/MenuItemCard.jsx [Client Component SSR]
    ./app/(home)/page.js [Client Component SSR]
    ./app/(home)/page.js [Server Component]

https://nextjs.org/docs/messages/module-not-found


⨯ ./components/ui/context-menu.jsx:2:1
Module not found: Can't resolve '@radix-ui/react-context-menu'
  [90m1 |[0m [36mimport[0m * [36mas[0m [33mReact[0m [36mfrom[0m [32m"react"[0m
[31m[1m>[0m [90m2 |[0m [36mimport[0m * [36mas[0m [33mContextMenuPrimitive[0m [36mfrom[0m [32m"@radix-ui/react-context-menu"[0m
  [90m  |[0m [31m[1m^^^^^^^^^^^^^^^^^^^^^^^^^^^^^^^^^^^^^^^^^^^^^^^^^^^^^^^^^^^^^^^^^^^^[0m
  [90m3 |[0m [36mimport[0m { [33mCheck[0m, [33mChevronRight[0m, [33mCircle[0m } [36mfrom[0m [32m"lucide-react"[0m
  [90m4 |[0m
  [90m5 |[0m [36mimport[0m { cn } [36mfrom[0m [32m"@/lib/utils"[0m



Import traces:
  Client Component Browser:
    ./components/ui/context-menu.jsx [Client Component Browser]
    ./components/MenuItemCard.jsx [Client Component Browser]
    ./app/(home)/page.js [Client Component Browser]
    ./app/(home)/page.js [Server Component]

  Client Component SSR:
    ./components/ui/context-menu.jsx [Client Component SSR]
    ./components/MenuItemCard.jsx [Client Component SSR]
    ./app/(home)/page.js [Client Component SSR]
    ./app/(home)/page.js [Server Component]

https://nextjs.org/docs/messages/module-not-found


⨯ ./components/ui/context-menu.jsx:2:1
Module not found: Can't resolve '@radix-ui/react-context-menu'
  [90m1 |[0m [36mimport[0m * [36mas[0m [33mReact[0m [36mfrom[0m [32m"react"[0m
[31m[1m>[0m [90m2 |[0m [36mimport[0m * [36mas[0m [33mContextMenuPrimitive[0m [36mfrom[0m [32m"@radix-ui/react-context-menu"[0m
  [90m  |[0m [31m[1m^^^^^^^^^^^^^^^^^^^^^^^^^^^^^^^^^^^^^^^^^^^^^^^^^^^^^^^^^^^^^^^^^^^^[0m
  [90m3 |[0m [36mimport[0m { [33mCheck[0m, [33mChevronRight[0m, [33mCircle[0m } [36mfrom[0m [32m"lucide-react"[0m
  [90m4 |[0m
  [90m5 |[0m [36mimport[0m { cn } [36mfrom[0m [32m"@/lib/utils"[0m



Import traces:
  Client Component Browser:
    ./components/ui/context-menu.jsx [Client Component Browser]
    ./components/MenuItemCard.jsx [Client Component Browser]
    ./app/(home)/page.js [Client Component Browser]
    ./app/(home)/page.js [Server Component]

  Client Component SSR:
    ./components/ui/context-menu.jsx [Client Component SSR]
    ./components/MenuItemCard.jsx [Client Component SSR]
    ./app/(home)/page.js [Client Component SSR]
    ./app/(home)/page.js [Server Component]

https://nextjs.org/docs/messages/module-not-found


⨯ ./components/ui/context-menu.jsx:2:1
Module not found: Can't resolve '@radix-ui/react-context-menu'
  [90m1 |[0m [36mimport[0m * [36mas[0m [33mReact[0m [36mfrom[0m [32m"react"[0m
[31m[1m>[0m [90m2 |[0m [36mimport[0m * [36mas[0m [33mContextMenuPrimitive[0m [36mfrom[0m [32m"@radix-ui/react-context-menu"[0m
  [90m  |[0m [31m[1m^^^^^^^^^^^^^^^^^^^^^^^^^^^^^^^^^^^^^^^^^^^^^^^^^^^^^^^^^^^^^^^^^^^^[0m
  [90m3 |[0m [36mimport[0m { [33mCheck[0m, [33mChevronRight[0m, [33mCircle[0m } [36mfrom[0m [32m"lucide-react"[0m
  [90m4 |[0m
  [90m5 |[0m [36mimport[0m { cn } [36mfrom[0m [32m"@/lib/utils"[0m



Import traces:
  Client Component Browser:
    ./components/ui/context-menu.jsx [Client Component Browser]
    ./components/MenuItemCard.jsx [Client Component Browser]
    ./app/(home)/page.js [Client Component Browser]
    ./app/(home)/page.js [Server Component]

  Client Component SSR:
    ./components/ui/context-menu.jsx [Client Component SSR]
    ./components/MenuItemCard.jsx [Client Component SSR]
    ./app/(home)/page.js [Client Component SSR]
    ./app/(home)/page.js [Server Component]

https://nextjs.org/docs/messages/module-not-found


⨯ ./components/ui/context-menu.jsx:2:1
Module not found: Can't resolve '@radix-ui/react-context-menu'
  [90m1 |[0m [36mimport[0m * [36mas[0m [33mReact[0m [36mfrom[0m [32m"react"[0m
[31m[1m>[0m [90m2 |[0m [36mimport[0m * [36mas[0m [33mContextMenuPrimitive[0m [36mfrom[0m [32m"@radix-ui/react-context-menu"[0m
  [90m  |[0m [31m[1m^^^^^^^^^^^^^^^^^^^^^^^^^^^^^^^^^^^^^^^^^^^^^^^^^^^^^^^^^^^^^^^^^^^^[0m
  [90m3 |[0m [36mimport[0m { [33mCheck[0m, [33mChevronRight[0m, [33mCircle[0m } [36mfrom[0m [32m"lucide-react"[0m
  [90m4 |[0m
  [90m5 |[0m [36mimport[0m { cn } [36mfrom[0m [32m"@/lib/utils"[0m



Import traces:
  Client Component Browser:
    ./components/ui/context-menu.jsx [Client Component Browser]
    ./components/MenuItemCard.jsx [Client Component Browser]
    ./app/(home)/page.js [Client Component Browser]
    ./app/(home)/page.js [Server Component]

  Client Component SSR:
    ./components/ui/context-menu.jsx [Client Component SSR]
    ./components/MenuItemCard.jsx [Client Component SSR]
    ./app/(home)/page.js [Client Component SSR]
    ./app/(home)/page.js [Server Component]

https://nextjs.org/docs/messages/module-not-found


⨯ ./components/ui/context-menu.jsx:2:1
Module not found: Can't resolve '@radix-ui/react-context-menu'
  [90m1 |[0m [36mimport[0m * [36mas[0m [33mReact[0m [36mfrom[0m [32m"react"[0m
[31m[1m>[0m [90m2 |[0m [36mimport[0m * [36mas[0m [33mContextMenuPrimitive[0m [36mfrom[0m [32m"@radix-ui/react-context-menu"[0m
  [90m  |[0m [31m[1m^^^^^^^^^^^^^^^^^^^^^^^^^^^^^^^^^^^^^^^^^^^^^^^^^^^^^^^^^^^^^^^^^^^^[0m
  [90m3 |[0m [36mimport[0m { [33mCheck[0m, [33mChevronRight[0m, [33mCircle[0m } [36mfrom[0m [32m"lucide-react"[0m
  [90m4 |[0m
  [90m5 |[0m [36mimport[0m { cn } [36mfrom[0m [32m"@/lib/utils"[0m



Import traces:
  Client Component Browser:
    ./components/ui/context-menu.jsx [Client Component Browser]
    ./components/MenuItemCard.jsx [Client Component Browser]
    ./app/(home)/page.js [Client Component Browser]
    ./app/(home)/page.js [Server Component]

  Client Component SSR:
    ./components/ui/context-menu.jsx [Client Component SSR]
    ./components/MenuItemCard.jsx [Client Component SSR]
    ./app/(home)/page.js [Client Component SSR]
    ./app/(home)/page.js [Server Component]

https://nextjs.org/docs/messages/module-not-found


⨯ ./components/ui/context-menu.jsx:2:1
Module not found: Can't resolve '@radix-ui/react-context-menu'
  [90m1 |[0m [36mimport[0m * [36mas[0m [33mReact[0m [36mfrom[0m [32m"react"[0m
[31m[1m>[0m [90m2 |[0m [36mimport[0m * [36mas[0m [33mContextMenuPrimitive[0m [36mfrom[0m [32m"@radix-ui/react-context-menu"[0m
  [90m  |[0m [31m[1m^^^^^^^^^^^^^^^^^^^^^^^^^^^^^^^^^^^^^^^^^^^^^^^^^^^^^^^^^^^^^^^^^^^^[0m
  [90m3 |[0m [36mimport[0m { [33mCheck[0m, [33mChevronRight[0m, [33mCircle[0m } [36mfrom[0m [32m"lucide-react"[0m
  [90m4 |[0m
  [90m5 |[0m [36mimport[0m { cn } [36mfrom[0m [32m"@/lib/utils"[0m



Import traces:
  Client Component Browser:
    ./components/ui/context-menu.jsx [Client Component Browser]
    ./components/MenuItemCard.jsx [Client Component Browser]
    ./app/(home)/page.js [Client Component Browser]
    ./app/(home)/page.js [Server Component]

  Client Component SSR:
    ./components/ui/context-menu.jsx [Client Component SSR]
    ./components/MenuItemCard.jsx [Client Component SSR]
    ./app/(home)/page.js [Client Component SSR]
    ./app/(home)/page.js [Server Component]

https://nextjs.org/docs/messages/module-not-found


⨯ ./components/ui/context-menu.jsx:2:1
Module not found: Can't resolve '@radix-ui/react-context-menu'
  [90m1 |[0m [36mimport[0m * [36mas[0m [33mReact[0m [36mfrom[0m [32m"react"[0m
[31m[1m>[0m [90m2 |[0m [36mimport[0m * [36mas[0m [33mContextMenuPrimitive[0m [36mfrom[0m [32m"@radix-ui/react-context-menu"[0m
  [90m  |[0m [31m[1m^^^^^^^^^^^^^^^^^^^^^^^^^^^^^^^^^^^^^^^^^^^^^^^^^^^^^^^^^^^^^^^^^^^^[0m
  [90m3 |[0m [36mimport[0m { [33mCheck[0m, [33mChevronRight[0m, [33mCircle[0m } [36mfrom[0m [32m"lucide-react"[0m
  [90m4 |[0m
  [90m5 |[0m [36mimport[0m { cn } [36mfrom[0m [32m"@/lib/utils"[0m



Import traces:
  Client Component Browser:
    ./components/ui/context-menu.jsx [Client Component Browser]
    ./components/MenuItemCard.jsx [Client Component Browser]
    ./app/(home)/page.js [Client Component Browser]
    ./app/(home)/page.js [Server Component]

  Client Component SSR:
    ./components/ui/context-menu.jsx [Client Component SSR]
    ./components/MenuItemCard.jsx [Client Component SSR]
    ./app/(home)/page.js [Client Component SSR]
    ./app/(home)/page.js [Server Component]

https://nextjs.org/docs/messages/module-not-found


⨯ ./components/ui/context-menu.jsx:2:1
Module not found: Can't resolve '@radix-ui/react-context-menu'
  [90m1 |[0m [36mimport[0m * [36mas[0m [33mReact[0m [36mfrom[0m [32m"react"[0m
[31m[1m>[0m [90m2 |[0m [36mimport[0m * [36mas[0m [33mContextMenuPrimitive[0m [36mfrom[0m [32m"@radix-ui/react-context-menu"[0m
  [90m  |[0m [31m[1m^^^^^^^^^^^^^^^^^^^^^^^^^^^^^^^^^^^^^^^^^^^^^^^^^^^^^^^^^^^^^^^^^^^^[0m
  [90m3 |[0m [36mimport[0m { [33mCheck[0m, [33mChevronRight[0m, [33mCircle[0m } [36mfrom[0m [32m"lucide-react"[0m
  [90m4 |[0m
  [90m5 |[0m [36mimport[0m { cn } [36mfrom[0m [32m"@/lib/utils"[0m



Import traces:
  Client Component Browser:
    ./components/ui/context-menu.jsx [Client Component Browser]
    ./components/MenuItemCard.jsx [Client Component Browser]
    ./app/(home)/page.js [Client Component Browser]
    ./app/(home)/page.js [Server Component]

  Client Component SSR:
    ./components/ui/context-menu.jsx [Client Component SSR]
    ./components/MenuItemCard.jsx [Client Component SSR]
    ./app/(home)/page.js [Client Component SSR]
    ./app/(home)/page.js [Server Component]

https://nextjs.org/docs/messages/module-not-found


⨯ ./components/ui/context-menu.jsx:2:1
Module not found: Can't resolve '@radix-ui/react-context-menu'
  [90m1 |[0m [36mimport[0m * [36mas[0m [33mReact[0m [36mfrom[0m [32m"react"[0m
[31m[1m>[0m [90m2 |[0m [36mimport[0m * [36mas[0m [33mContextMenuPrimitive[0m [36mfrom[0m [32m"@radix-ui/react-context-menu"[0m
  [90m  |[0m [31m[1m^^^^^^^^^^^^^^^^^^^^^^^^^^^^^^^^^^^^^^^^^^^^^^^^^^^^^^^^^^^^^^^^^^^^[0m
  [90m3 |[0m [36mimport[0m { [33mCheck[0m, [33mChevronRight[0m, [33mCircle[0m } [36mfrom[0m [32m"lucide-react"[0m
  [90m4 |[0m
  [90m5 |[0m [36mimport[0m { cn } [36mfrom[0m [32m"@/lib/utils"[0m



Import traces:
  Client Component Browser:
    ./components/ui/context-menu.jsx [Client Component Browser]
    ./components/MenuItemCard.jsx [Client Component Browser]
    ./app/(home)/page.js [Client Component Browser]
    ./app/(home)/page.js [Server Component]

  Client Component SSR:
    ./components/ui/context-menu.jsx [Client Component SSR]
    ./components/MenuItemCard.jsx [Client Component SSR]
    ./app/(home)/page.js [Client Component SSR]
    ./app/(home)/page.js [Server Component]

https://nextjs.org/docs/messages/module-not-found


⨯ ./components/ui/context-menu.jsx:2:1
Module not found: Can't resolve '@radix-ui/react-context-menu'
  [90m1 |[0m [36mimport[0m * [36mas[0m [33mReact[0m [36mfrom[0m [32m"react"[0m
[31m[1m>[0m [90m2 |[0m [36mimport[0m * [36mas[0m [33mContextMenuPrimitive[0m [36mfrom[0m [32m"@radix-ui/react-context-menu"[0m
  [90m  |[0m [31m[1m^^^^^^^^^^^^^^^^^^^^^^^^^^^^^^^^^^^^^^^^^^^^^^^^^^^^^^^^^^^^^^^^^^^^[0m
  [90m3 |[0m [36mimport[0m { [33mCheck[0m, [33mChevronRight[0m, [33mCircle[0m } [36mfrom[0m [32m"lucide-react"[0m
  [90m4 |[0m
  [90m5 |[0m [36mimport[0m { cn } [36mfrom[0m [32m"@/lib/utils"[0m



Import traces:
  Client Component Browser:
    ./components/ui/context-menu.jsx [Client Component Browser]
    ./components/MenuItemCard.jsx [Client Component Browser]
    ./app/(home)/page.js [Client Component Browser]
    ./app/(home)/page.js [Server Component]

  Client Component SSR:
    ./components/ui/context-menu.jsx [Client Component SSR]
    ./components/MenuItemCard.jsx [Client Component SSR]
    ./app/(home)/page.js [Client Component SSR]
    ./app/(home)/page.js [Server Component]

https://nextjs.org/docs/messages/module-not-found


⨯ ./components/ui/context-menu.jsx:2:1
Module not found: Can't resolve '@radix-ui/react-context-menu'
  [90m1 |[0m [36mimport[0m * [36mas[0m [33mReact[0m [36mfrom[0m [32m"react"[0m
[31m[1m>[0m [90m2 |[0m [36mimport[0m * [36mas[0m [33mContextMenuPrimitive[0m [36mfrom[0m [32m"@radix-ui/react-context-menu"[0m
  [90m  |[0m [31m[1m^^^^^^^^^^^^^^^^^^^^^^^^^^^^^^^^^^^^^^^^^^^^^^^^^^^^^^^^^^^^^^^^^^^^[0m
  [90m3 |[0m [36mimport[0m { [33mCheck[0m, [33mChevronRight[0m, [33mCircle[0m } [36mfrom[0m [32m"lucide-react"[0m
  [90m4 |[0m
  [90m5 |[0m [36mimport[0m { cn } [36mfrom[0m [32m"@/lib/utils"[0m



Import traces:
  Client Component Browser:
    ./components/ui/context-menu.jsx [Client Component Browser]
    ./components/MenuItemCard.jsx [Client Component Browser]
    ./app/(home)/page.js [Client Component Browser]
    ./app/(home)/page.js [Server Component]

  Client Component SSR:
    ./components/ui/context-menu.jsx [Client Component SSR]
    ./components/MenuItemCard.jsx [Client Component SSR]
    ./app/(home)/page.js [Client Component SSR]
    ./app/(home)/page.js [Server Component]

https://nextjs.org/docs/messages/module-not-found


⨯ ./components/ui/context-menu.jsx:2:1
Module not found: Can't resolve '@radix-ui/react-context-menu'
  [90m1 |[0m [36mimport[0m * [36mas[0m [33mReact[0m [36mfrom[0m [32m"react"[0m
[31m[1m>[0m [90m2 |[0m [36mimport[0m * [36mas[0m [33mContextMenuPrimitive[0m [36mfrom[0m [32m"@radix-ui/react-context-menu"[0m
  [90m  |[0m [31m[1m^^^^^^^^^^^^^^^^^^^^^^^^^^^^^^^^^^^^^^^^^^^^^^^^^^^^^^^^^^^^^^^^^^^^[0m
  [90m3 |[0m [36mimport[0m { [33mCheck[0m, [33mChevronRight[0m, [33mCircle[0m } [36mfrom[0m [32m"lucide-react"[0m
  [90m4 |[0m
  [90m5 |[0m [36mimport[0m { cn } [36mfrom[0m [32m"@/lib/utils"[0m



Import traces:
  Client Component Browser:
    ./components/ui/context-menu.jsx [Client Component Browser]
    ./components/MenuItemCard.jsx [Client Component Browser]
    ./app/(home)/page.js [Client Component Browser]
    ./app/(home)/page.js [Server Component]

  Client Component SSR:
    ./components/ui/context-menu.jsx [Client Component SSR]
    ./components/MenuItemCard.jsx [Client Component SSR]
    ./app/(home)/page.js [Client Component SSR]
    ./app/(home)/page.js [Server Component]

https://nextjs.org/docs/messages/module-not-found


⨯ ./components/ui/context-menu.jsx:2:1
Module not found: Can't resolve '@radix-ui/react-context-menu'
  [90m1 |[0m [36mimport[0m * [36mas[0m [33mReact[0m [36mfrom[0m [32m"react"[0m
[31m[1m>[0m [90m2 |[0m [36mimport[0m * [36mas[0m [33mContextMenuPrimitive[0m [36mfrom[0m [32m"@radix-ui/react-context-menu"[0m
  [90m  |[0m [31m[1m^^^^^^^^^^^^^^^^^^^^^^^^^^^^^^^^^^^^^^^^^^^^^^^^^^^^^^^^^^^^^^^^^^^^[0m
  [90m3 |[0m [36mimport[0m { [33mCheck[0m, [33mChevronRight[0m, [33mCircle[0m } [36mfrom[0m [32m"lucide-react"[0m
  [90m4 |[0m
  [90m5 |[0m [36mimport[0m { cn } [36mfrom[0m [32m"@/lib/utils"[0m



Import traces:
  Client Component Browser:
    ./components/ui/context-menu.jsx [Client Component Browser]
    ./components/MenuItemCard.jsx [Client Component Browser]
    ./app/(home)/page.js [Client Component Browser]
    ./app/(home)/page.js [Server Component]

  Client Component SSR:
    ./components/ui/context-menu.jsx [Client Component SSR]
    ./components/MenuItemCard.jsx [Client Component SSR]
    ./app/(home)/page.js [Client Component SSR]
    ./app/(home)/page.js [Server Component]

https://nextjs.org/docs/messages/module-not-found


⨯ ./components/ui/context-menu.jsx:2:1
Module not found: Can't resolve '@radix-ui/react-context-menu'
  [90m1 |[0m [36mimport[0m * [36mas[0m [33mReact[0m [36mfrom[0m [32m"react"[0m
[31m[1m>[0m [90m2 |[0m [36mimport[0m * [36mas[0m [33mContextMenuPrimitive[0m [36mfrom[0m [32m"@radix-ui/react-context-menu"[0m
  [90m  |[0m [31m[1m^^^^^^^^^^^^^^^^^^^^^^^^^^^^^^^^^^^^^^^^^^^^^^^^^^^^^^^^^^^^^^^^^^^^[0m
  [90m3 |[0m [36mimport[0m { [33mCheck[0m, [33mChevronRight[0m, [33mCircle[0m } [36mfrom[0m [32m"lucide-react"[0m
  [90m4 |[0m
  [90m5 |[0m [36mimport[0m { cn } [36mfrom[0m [32m"@/lib/utils"[0m



Import traces:
  Client Component Browser:
    ./components/ui/context-menu.jsx [Client Component Browser]
    ./components/MenuItemCard.jsx [Client Component Browser]
    ./app/(home)/page.js [Client Component Browser]
    ./app/(home)/page.js [Server Component]

  Client Component SSR:
    ./components/ui/context-menu.jsx [Client Component SSR]
    ./components/MenuItemCard.jsx [Client Component SSR]
    ./app/(home)/page.js [Client Component SSR]
    ./app/(home)/page.js [Server Component]

https://nextjs.org/docs/messages/module-not-found


⨯ ./components/ui/context-menu.jsx:2:1
Module not found: Can't resolve '@radix-ui/react-context-menu'
  [90m1 |[0m [36mimport[0m * [36mas[0m [33mReact[0m [36mfrom[0m [32m"react"[0m
[31m[1m>[0m [90m2 |[0m [36mimport[0m * [36mas[0m [33mContextMenuPrimitive[0m [36mfrom[0m [32m"@radix-ui/react-context-menu"[0m
  [90m  |[0m [31m[1m^^^^^^^^^^^^^^^^^^^^^^^^^^^^^^^^^^^^^^^^^^^^^^^^^^^^^^^^^^^^^^^^^^^^[0m
  [90m3 |[0m [36mimport[0m { [33mCheck[0m, [33mChevronRight[0m, [33mCircle[0m } [36mfrom[0m [32m"lucide-react"[0m
  [90m4 |[0m
  [90m5 |[0m [36mimport[0m { cn } [36mfrom[0m [32m"@/lib/utils"[0m



Import traces:
  Client Component Browser:
    ./components/ui/context-menu.jsx [Client Component Browser]
    ./components/MenuItemCard.jsx [Client Component Browser]
    ./app/(home)/page.js [Client Component Browser]
    ./app/(home)/page.js [Server Component]

  Client Component SSR:
    ./components/ui/context-menu.jsx [Client Component SSR]
    ./components/MenuItemCard.jsx [Client Component SSR]
    ./app/(home)/page.js [Client Component SSR]
    ./app/(home)/page.js [Server Component]

https://nextjs.org/docs/messages/module-not-found


⨯ ./components/ui/context-menu.jsx:2:1
Module not found: Can't resolve '@radix-ui/react-context-menu'
  [90m1 |[0m [36mimport[0m * [36mas[0m [33mReact[0m [36mfrom[0m [32m"react"[0m
[31m[1m>[0m [90m2 |[0m [36mimport[0m * [36mas[0m [33mContextMenuPrimitive[0m [36mfrom[0m [32m"@radix-ui/react-context-menu"[0m
  [90m  |[0m [31m[1m^^^^^^^^^^^^^^^^^^^^^^^^^^^^^^^^^^^^^^^^^^^^^^^^^^^^^^^^^^^^^^^^^^^^[0m
  [90m3 |[0m [36mimport[0m { [33mCheck[0m, [33mChevronRight[0m, [33mCircle[0m } [36mfrom[0m [32m"lucide-react"[0m
  [90m4 |[0m
  [90m5 |[0m [36mimport[0m { cn } [36mfrom[0m [32m"@/lib/utils"[0m



Import traces:
  Client Component Browser:
    ./components/ui/context-menu.jsx [Client Component Browser]
    ./components/MenuItemCard.jsx [Client Component Browser]
    ./app/(home)/page.js [Client Component Browser]
    ./app/(home)/page.js [Server Component]

  Client Component SSR:
    ./components/ui/context-menu.jsx [Client Component SSR]
    ./components/MenuItemCard.jsx [Client Component SSR]
    ./app/(home)/page.js [Client Component SSR]
    ./app/(home)/page.js [Server Component]

https://nextjs.org/docs/messages/module-not-found


⨯ ./components/ui/context-menu.jsx:2:1
Module not found: Can't resolve '@radix-ui/react-context-menu'
  [90m1 |[0m [36mimport[0m * [36mas[0m [33mReact[0m [36mfrom[0m [32m"react"[0m
[31m[1m>[0m [90m2 |[0m [36mimport[0m * [36mas[0m [33mContextMenuPrimitive[0m [36mfrom[0m [32m"@radix-ui/react-context-menu"[0m
  [90m  |[0m [31m[1m^^^^^^^^^^^^^^^^^^^^^^^^^^^^^^^^^^^^^^^^^^^^^^^^^^^^^^^^^^^^^^^^^^^^[0m
  [90m3 |[0m [36mimport[0m { [33mCheck[0m, [33mChevronRight[0m, [33mCircle[0m } [36mfrom[0m [32m"lucide-react"[0m
  [90m4 |[0m
  [90m5 |[0m [36mimport[0m { cn } [36mfrom[0m [32m"@/lib/utils"[0m



Import traces:
  Client Component Browser:
    ./components/ui/context-menu.jsx [Client Component Browser]
    ./components/MenuItemCard.jsx [Client Component Browser]
    ./app/(home)/page.js [Client Component Browser]
    ./app/(home)/page.js [Server Component]

  Client Component SSR:
    ./components/ui/context-menu.jsx [Client Component SSR]
    ./components/MenuItemCard.jsx [Client Component SSR]
    ./app/(home)/page.js [Client Component SSR]
    ./app/(home)/page.js [Server Component]

https://nextjs.org/docs/messages/module-not-found


⨯ ./components/ui/context-menu.jsx:2:1
Module not found: Can't resolve '@radix-ui/react-context-menu'
  [90m1 |[0m [36mimport[0m * [36mas[0m [33mReact[0m [36mfrom[0m [32m"react"[0m
[31m[1m>[0m [90m2 |[0m [36mimport[0m * [36mas[0m [33mContextMenuPrimitive[0m [36mfrom[0m [32m"@radix-ui/react-context-menu"[0m
  [90m  |[0m [31m[1m^^^^^^^^^^^^^^^^^^^^^^^^^^^^^^^^^^^^^^^^^^^^^^^^^^^^^^^^^^^^^^^^^^^^[0m
  [90m3 |[0m [36mimport[0m { [33mCheck[0m, [33mChevronRight[0m, [33mCircle[0m } [36mfrom[0m [32m"lucide-react"[0m
  [90m4 |[0m
  [90m5 |[0m [36mimport[0m { cn } [36mfrom[0m [32m"@/lib/utils"[0m



Import traces:
  Client Component Browser:
    ./components/ui/context-menu.jsx [Client Component Browser]
    ./components/MenuItemCard.jsx [Client Component Browser]
    ./app/(home)/page.js [Client Component Browser]
    ./app/(home)/page.js [Server Component]

  Client Component SSR:
    ./components/ui/context-menu.jsx [Client Component SSR]
    ./components/MenuItemCard.jsx [Client Component SSR]
    ./app/(home)/page.js [Client Component SSR]
    ./app/(home)/page.js [Server Component]

https://nextjs.org/docs/messages/module-not-found


⨯ ./components/ui/context-menu.jsx:2:1
Module not found: Can't resolve '@radix-ui/react-context-menu'
  [90m1 |[0m [36mimport[0m * [36mas[0m [33mReact[0m [36mfrom[0m [32m"react"[0m
[31m[1m>[0m [90m2 |[0m [36mimport[0m * [36mas[0m [33mContextMenuPrimitive[0m [36mfrom[0m [32m"@radix-ui/react-context-menu"[0m
  [90m  |[0m [31m[1m^^^^^^^^^^^^^^^^^^^^^^^^^^^^^^^^^^^^^^^^^^^^^^^^^^^^^^^^^^^^^^^^^^^^[0m
  [90m3 |[0m [36mimport[0m { [33mCheck[0m, [33mChevronRight[0m, [33mCircle[0m } [36mfrom[0m [32m"lucide-react"[0m
  [90m4 |[0m
  [90m5 |[0m [36mimport[0m { cn } [36mfrom[0m [32m"@/lib/utils"[0m



Import traces:
  Client Component Browser:
    ./components/ui/context-menu.jsx [Client Component Browser]
    ./components/MenuItemCard.jsx [Client Component Browser]
    ./app/(home)/page.js [Client Component Browser]
    ./app/(home)/page.js [Server Component]

  Client Component SSR:
    ./components/ui/context-menu.jsx [Client Component SSR]
    ./components/MenuItemCard.jsx [Client Component SSR]
    ./app/(home)/page.js [Client Component SSR]
    ./app/(home)/page.js [Server Component]

https://nextjs.org/docs/messages/module-not-found


⨯ ./components/ui/context-menu.jsx:2:1
Module not found: Can't resolve '@radix-ui/react-context-menu'
  [90m1 |[0m [36mimport[0m * [36mas[0m [33mReact[0m [36mfrom[0m [32m"react"[0m
[31m[1m>[0m [90m2 |[0m [36mimport[0m * [36mas[0m [33mContextMenuPrimitive[0m [36mfrom[0m [32m"@radix-ui/react-context-menu"[0m
  [90m  |[0m [31m[1m^^^^^^^^^^^^^^^^^^^^^^^^^^^^^^^^^^^^^^^^^^^^^^^^^^^^^^^^^^^^^^^^^^^^[0m
  [90m3 |[0m [36mimport[0m { [33mCheck[0m, [33mChevronRight[0m, [33mCircle[0m } [36mfrom[0m [32m"lucide-react"[0m
  [90m4 |[0m
  [90m5 |[0m [36mimport[0m { cn } [36mfrom[0m [32m"@/lib/utils"[0m



Import traces:
  Client Component Browser:
    ./components/ui/context-menu.jsx [Client Component Browser]
    ./components/MenuItemCard.jsx [Client Component Browser]
    ./app/(home)/page.js [Client Component Browser]
    ./app/(home)/page.js [Server Component]

  Client Component SSR:
    ./components/ui/context-menu.jsx [Client Component SSR]
    ./components/MenuItemCard.jsx [Client Component SSR]
    ./app/(home)/page.js [Client Component SSR]
    ./app/(home)/page.js [Server Component]

https://nextjs.org/docs/messages/module-not-found


⨯ ./components/ui/context-menu.jsx:2:1
Module not found: Can't resolve '@radix-ui/react-context-menu'
  [90m1 |[0m [36mimport[0m * [36mas[0m [33mReact[0m [36mfrom[0m [32m"react"[0m
[31m[1m>[0m [90m2 |[0m [36mimport[0m * [36mas[0m [33mContextMenuPrimitive[0m [36mfrom[0m [32m"@radix-ui/react-context-menu"[0m
  [90m  |[0m [31m[1m^^^^^^^^^^^^^^^^^^^^^^^^^^^^^^^^^^^^^^^^^^^^^^^^^^^^^^^^^^^^^^^^^^^^[0m
  [90m3 |[0m [36mimport[0m { [33mCheck[0m, [33mChevronRight[0m, [33mCircle[0m } [36mfrom[0m [32m"lucide-react"[0m
  [90m4 |[0m
  [90m5 |[0m [36mimport[0m { cn } [36mfrom[0m [32m"@/lib/utils"[0m



Import traces:
  Client Component Browser:
    ./components/ui/context-menu.jsx [Client Component Browser]
    ./components/MenuItemCard.jsx [Client Component Browser]
    ./app/(home)/page.js [Client Component Browser]
    ./app/(home)/page.js [Server Component]

  Client Component SSR:
    ./components/ui/context-menu.jsx [Client Component SSR]
    ./components/MenuItemCard.jsx [Client Component SSR]
    ./app/(home)/page.js [Client Component SSR]
    ./app/(home)/page.js [Server Component]

https://nextjs.org/docs/messages/module-not-found


⨯ ./components/ui/context-menu.jsx:2:1
Module not found: Can't resolve '@radix-ui/react-context-menu'
  [90m1 |[0m [36mimport[0m * [36mas[0m [33mReact[0m [36mfrom[0m [32m"react"[0m
[31m[1m>[0m [90m2 |[0m [36mimport[0m * [36mas[0m [33mContextMenuPrimitive[0m [36mfrom[0m [32m"@radix-ui/react-context-menu"[0m
  [90m  |[0m [31m[1m^^^^^^^^^^^^^^^^^^^^^^^^^^^^^^^^^^^^^^^^^^^^^^^^^^^^^^^^^^^^^^^^^^^^[0m
  [90m3 |[0m [36mimport[0m { [33mCheck[0m, [33mChevronRight[0m, [33mCircle[0m } [36mfrom[0m [32m"lucide-react"[0m
  [90m4 |[0m
  [90m5 |[0m [36mimport[0m { cn } [36mfrom[0m [32m"@/lib/utils"[0m



Import traces:
  Client Component Browser:
    ./components/ui/context-menu.jsx [Client Component Browser]
    ./components/MenuItemCard.jsx [Client Component Browser]
    ./app/(home)/page.js [Client Component Browser]
    ./app/(home)/page.js [Server Component]

  Client Component SSR:
    ./components/ui/context-menu.jsx [Client Component SSR]
    ./components/MenuItemCard.jsx [Client Component SSR]
    ./app/(home)/page.js [Client Component SSR]
    ./app/(home)/page.js [Server Component]

https://nextjs.org/docs/messages/module-not-found


⨯ ./components/ui/context-menu.jsx:2:1
Module not found: Can't resolve '@radix-ui/react-context-menu'
  [90m1 |[0m [36mimport[0m * [36mas[0m [33mReact[0m [36mfrom[0m [32m"react"[0m
[31m[1m>[0m [90m2 |[0m [36mimport[0m * [36mas[0m [33mContextMenuPrimitive[0m [36mfrom[0m [32m"@radix-ui/react-context-menu"[0m
  [90m  |[0m [31m[1m^^^^^^^^^^^^^^^^^^^^^^^^^^^^^^^^^^^^^^^^^^^^^^^^^^^^^^^^^^^^^^^^^^^^[0m
  [90m3 |[0m [36mimport[0m { [33mCheck[0m, [33mChevronRight[0m, [33mCircle[0m } [36mfrom[0m [32m"lucide-react"[0m
  [90m4 |[0m
  [90m5 |[0m [36mimport[0m { cn } [36mfrom[0m [32m"@/lib/utils"[0m



Import traces:
  Client Component Browser:
    ./components/ui/context-menu.jsx [Client Component Browser]
    ./components/MenuItemCard.jsx [Client Component Browser]
    ./app/(home)/page.js [Client Component Browser]
    ./app/(home)/page.js [Server Component]

  Client Component SSR:
    ./components/ui/context-menu.jsx [Client Component SSR]
    ./components/MenuItemCard.jsx [Client Component SSR]
    ./app/(home)/page.js [Client Component SSR]
    ./app/(home)/page.js [Server Component]

https://nextjs.org/docs/messages/module-not-found


⨯ ./components/ui/context-menu.jsx:2:1
Module not found: Can't resolve '@radix-ui/react-context-menu'
  [90m1 |[0m [36mimport[0m * [36mas[0m [33mReact[0m [36mfrom[0m [32m"react"[0m
[31m[1m>[0m [90m2 |[0m [36mimport[0m * [36mas[0m [33mContextMenuPrimitive[0m [36mfrom[0m [32m"@radix-ui/react-context-menu"[0m
  [90m  |[0m [31m[1m^^^^^^^^^^^^^^^^^^^^^^^^^^^^^^^^^^^^^^^^^^^^^^^^^^^^^^^^^^^^^^^^^^^^[0m
  [90m3 |[0m [36mimport[0m { [33mCheck[0m, [33mChevronRight[0m, [33mCircle[0m } [36mfrom[0m [32m"lucide-react"[0m
  [90m4 |[0m
  [90m5 |[0m [36mimport[0m { cn } [36mfrom[0m [32m"@/lib/utils"[0m



Import traces:
  Client Component Browser:
    ./components/ui/context-menu.jsx [Client Component Browser]
    ./components/MenuItemCard.jsx [Client Component Browser]
    ./app/(home)/page.js [Client Component Browser]
    ./app/(home)/page.js [Server Component]

  Client Component SSR:
    ./components/ui/context-menu.jsx [Client Component SSR]
    ./components/MenuItemCard.jsx [Client Component SSR]
    ./app/(home)/page.js [Client Component SSR]
    ./app/(home)/page.js [Server Component]

https://nextjs.org/docs/messages/module-not-found


⨯ ./components/ui/context-menu.jsx:2:1
Module not found: Can't resolve '@radix-ui/react-context-menu'
  [90m1 |[0m [36mimport[0m * [36mas[0m [33mReact[0m [36mfrom[0m [32m"react"[0m
[31m[1m>[0m [90m2 |[0m [36mimport[0m * [36mas[0m [33mContextMenuPrimitive[0m [36mfrom[0m [32m"@radix-ui/react-context-menu"[0m
  [90m  |[0m [31m[1m^^^^^^^^^^^^^^^^^^^^^^^^^^^^^^^^^^^^^^^^^^^^^^^^^^^^^^^^^^^^^^^^^^^^[0m
  [90m3 |[0m [36mimport[0m { [33mCheck[0m, [33mChevronRight[0m, [33mCircle[0m } [36mfrom[0m [32m"lucide-react"[0m
  [90m4 |[0m
  [90m5 |[0m [36mimport[0m { cn } [36mfrom[0m [32m"@/lib/utils"[0m



Import traces:
  Client Component Browser:
    ./components/ui/context-menu.jsx [Client Component Browser]
    ./components/MenuItemCard.jsx [Client Component Browser]
    ./app/(home)/page.js [Client Component Browser]
    ./app/(home)/page.js [Server Component]

  Client Component SSR:
    ./components/ui/context-menu.jsx [Client Component SSR]
    ./components/MenuItemCard.jsx [Client Component SSR]
    ./app/(home)/page.js [Client Component SSR]
    ./app/(home)/page.js [Server Component]

https://nextjs.org/docs/messages/module-not-found


⨯ ./components/ui/context-menu.jsx:2:1
Module not found: Can't resolve '@radix-ui/react-context-menu'
  [90m1 |[0m [36mimport[0m * [36mas[0m [33mReact[0m [36mfrom[0m [32m"react"[0m
[31m[1m>[0m [90m2 |[0m [36mimport[0m * [36mas[0m [33mContextMenuPrimitive[0m [36mfrom[0m [32m"@radix-ui/react-context-menu"[0m
  [90m  |[0m [31m[1m^^^^^^^^^^^^^^^^^^^^^^^^^^^^^^^^^^^^^^^^^^^^^^^^^^^^^^^^^^^^^^^^^^^^[0m
  [90m3 |[0m [36mimport[0m { [33mCheck[0m, [33mChevronRight[0m, [33mCircle[0m } [36mfrom[0m [32m"lucide-react"[0m
  [90m4 |[0m
  [90m5 |[0m [36mimport[0m { cn } [36mfrom[0m [32m"@/lib/utils"[0m



Import traces:
  Client Component Browser:
    ./components/ui/context-menu.jsx [Client Component Browser]
    ./components/MenuItemCard.jsx [Client Component Browser]
    ./app/(home)/page.js [Client Component Browser]
    ./app/(home)/page.js [Server Component]

  Client Component SSR:
    ./components/ui/context-menu.jsx [Client Component SSR]
    ./components/MenuItemCard.jsx [Client Component SSR]
    ./app/(home)/page.js [Client Component SSR]
    ./app/(home)/page.js [Server Component]

https://nextjs.org/docs/messages/module-not-found


⨯ ./components/ui/context-menu.jsx:2:1
Module not found: Can't resolve '@radix-ui/react-context-menu'
  [90m1 |[0m [36mimport[0m * [36mas[0m [33mReact[0m [36mfrom[0m [32m"react"[0m
[31m[1m>[0m [90m2 |[0m [36mimport[0m * [36mas[0m [33mContextMenuPrimitive[0m [36mfrom[0m [32m"@radix-ui/react-context-menu"[0m
  [90m  |[0m [31m[1m^^^^^^^^^^^^^^^^^^^^^^^^^^^^^^^^^^^^^^^^^^^^^^^^^^^^^^^^^^^^^^^^^^^^[0m
  [90m3 |[0m [36mimport[0m { [33mCheck[0m, [33mChevronRight[0m, [33mCircle[0m } [36mfrom[0m [32m"lucide-react"[0m
  [90m4 |[0m
  [90m5 |[0m [36mimport[0m { cn } [36mfrom[0m [32m"@/lib/utils"[0m



Import traces:
  Client Component Browser:
    ./components/ui/context-menu.jsx [Client Component Browser]
    ./components/MenuItemCard.jsx [Client Component Browser]
    ./app/(home)/page.js [Client Component Browser]
    ./app/(home)/page.js [Server Component]

  Client Component SSR:
    ./components/ui/context-menu.jsx [Client Component SSR]
    ./components/MenuItemCard.jsx [Client Component SSR]
    ./app/(home)/page.js [Client Component SSR]
    ./app/(home)/page.js [Server Component]

https://nextjs.org/docs/messages/module-not-found


⨯ ./components/ui/context-menu.jsx:2:1
Module not found: Can't resolve '@radix-ui/react-context-menu'
  [90m1 |[0m [36mimport[0m * [36mas[0m [33mReact[0m [36mfrom[0m [32m"react"[0m
[31m[1m>[0m [90m2 |[0m [36mimport[0m * [36mas[0m [33mContextMenuPrimitive[0m [36mfrom[0m [32m"@radix-ui/react-context-menu"[0m
  [90m  |[0m [31m[1m^^^^^^^^^^^^^^^^^^^^^^^^^^^^^^^^^^^^^^^^^^^^^^^^^^^^^^^^^^^^^^^^^^^^[0m
  [90m3 |[0m [36mimport[0m { [33mCheck[0m, [33mChevronRight[0m, [33mCircle[0m } [36mfrom[0m [32m"lucide-react"[0m
  [90m4 |[0m
  [90m5 |[0m [36mimport[0m { cn } [36mfrom[0m [32m"@/lib/utils"[0m



Import traces:
  Client Component Browser:
    ./components/ui/context-menu.jsx [Client Component Browser]
    ./components/MenuItemCard.jsx [Client Component Browser]
    ./app/(home)/page.js [Client Component Browser]
    ./app/(home)/page.js [Server Component]

  Client Component SSR:
    ./components/ui/context-menu.jsx [Client Component SSR]
    ./components/MenuItemCard.jsx [Client Component SSR]
    ./app/(home)/page.js [Client Component SSR]
    ./app/(home)/page.js [Server Component]

https://nextjs.org/docs/messages/module-not-found


⨯ ./components/ui/context-menu.jsx:2:1
Module not found: Can't resolve '@radix-ui/react-context-menu'
  [90m1 |[0m [36mimport[0m * [36mas[0m [33mReact[0m [36mfrom[0m [32m"react"[0m
[31m[1m>[0m [90m2 |[0m [36mimport[0m * [36mas[0m [33mContextMenuPrimitive[0m [36mfrom[0m [32m"@radix-ui/react-context-menu"[0m
  [90m  |[0m [31m[1m^^^^^^^^^^^^^^^^^^^^^^^^^^^^^^^^^^^^^^^^^^^^^^^^^^^^^^^^^^^^^^^^^^^^[0m
  [90m3 |[0m [36mimport[0m { [33mCheck[0m, [33mChevronRight[0m, [33mCircle[0m } [36mfrom[0m [32m"lucide-react"[0m
  [90m4 |[0m
  [90m5 |[0m [36mimport[0m { cn } [36mfrom[0m [32m"@/lib/utils"[0m



Import traces:
  Client Component Browser:
    ./components/ui/context-menu.jsx [Client Component Browser]
    ./components/MenuItemCard.jsx [Client Component Browser]
    ./app/(home)/page.js [Client Component Browser]
    ./app/(home)/page.js [Server Component]

  Client Component SSR:
    ./components/ui/context-menu.jsx [Client Component SSR]
    ./components/MenuItemCard.jsx [Client Component SSR]
    ./app/(home)/page.js [Client Component SSR]
    ./app/(home)/page.js [Server Component]

https://nextjs.org/docs/messages/module-not-found


⨯ ./components/ui/context-menu.jsx:2:1
Module not found: Can't resolve '@radix-ui/react-context-menu'
  [90m1 |[0m [36mimport[0m * [36mas[0m [33mReact[0m [36mfrom[0m [32m"react"[0m
[31m[1m>[0m [90m2 |[0m [36mimport[0m * [36mas[0m [33mContextMenuPrimitive[0m [36mfrom[0m [32m"@radix-ui/react-context-menu"[0m
  [90m  |[0m [31m[1m^^^^^^^^^^^^^^^^^^^^^^^^^^^^^^^^^^^^^^^^^^^^^^^^^^^^^^^^^^^^^^^^^^^^[0m
  [90m3 |[0m [36mimport[0m { [33mCheck[0m, [33mChevronRight[0m, [33mCircle[0m } [36mfrom[0m [32m"lucide-react"[0m
  [90m4 |[0m
  [90m5 |[0m [36mimport[0m { cn } [36mfrom[0m [32m"@/lib/utils"[0m



Import traces:
  Client Component Browser:
    ./components/ui/context-menu.jsx [Client Component Browser]
    ./components/MenuItemCard.jsx [Client Component Browser]
    ./app/(home)/page.js [Client Component Browser]
    ./app/(home)/page.js [Server Component]

  Client Component SSR:
    ./components/ui/context-menu.jsx [Client Component SSR]
    ./components/MenuItemCard.jsx [Client Component SSR]
    ./app/(home)/page.js [Client Component SSR]
    ./app/(home)/page.js [Server Component]

https://nextjs.org/docs/messages/module-not-found


⨯ ./components/ui/context-menu.jsx:2:1
Module not found: Can't resolve '@radix-ui/react-context-menu'
  [90m1 |[0m [36mimport[0m * [36mas[0m [33mReact[0m [36mfrom[0m [32m"react"[0m
[31m[1m>[0m [90m2 |[0m [36mimport[0m * [36mas[0m [33mContextMenuPrimitive[0m [36mfrom[0m [32m"@radix-ui/react-context-menu"[0m
  [90m  |[0m [31m[1m^^^^^^^^^^^^^^^^^^^^^^^^^^^^^^^^^^^^^^^^^^^^^^^^^^^^^^^^^^^^^^^^^^^^[0m
  [90m3 |[0m [36mimport[0m { [33mCheck[0m, [33mChevronRight[0m, [33mCircle[0m } [36mfrom[0m [32m"lucide-react"[0m
  [90m4 |[0m
  [90m5 |[0m [36mimport[0m { cn } [36mfrom[0m [32m"@/lib/utils"[0m



Import traces:
  Client Component Browser:
    ./components/ui/context-menu.jsx [Client Component Browser]
    ./components/MenuItemCard.jsx [Client Component Browser]
    ./app/(home)/page.js [Client Component Browser]
    ./app/(home)/page.js [Server Component]

  Client Component SSR:
    ./components/ui/context-menu.jsx [Client Component SSR]
    ./components/MenuItemCard.jsx [Client Component SSR]
    ./app/(home)/page.js [Client Component SSR]
    ./app/(home)/page.js [Server Component]

https://nextjs.org/docs/messages/module-not-found


⨯ ./components/ui/context-menu.jsx:2:1
Module not found: Can't resolve '@radix-ui/react-context-menu'
  [90m1 |[0m [36mimport[0m * [36mas[0m [33mReact[0m [36mfrom[0m [32m"react"[0m
[31m[1m>[0m [90m2 |[0m [36mimport[0m * [36mas[0m [33mContextMenuPrimitive[0m [36mfrom[0m [32m"@radix-ui/react-context-menu"[0m
  [90m  |[0m [31m[1m^^^^^^^^^^^^^^^^^^^^^^^^^^^^^^^^^^^^^^^^^^^^^^^^^^^^^^^^^^^^^^^^^^^^[0m
  [90m3 |[0m [36mimport[0m { [33mCheck[0m, [33mChevronRight[0m, [33mCircle[0m } [36mfrom[0m [32m"lucide-react"[0m
  [90m4 |[0m
  [90m5 |[0m [36mimport[0m { cn } [36mfrom[0m [32m"@/lib/utils"[0m



Import traces:
  Client Component Browser:
    ./components/ui/context-menu.jsx [Client Component Browser]
    ./components/MenuItemCard.jsx [Client Component Browser]
    ./app/(home)/page.js [Client Component Browser]
    ./app/(home)/page.js [Server Component]

  Client Component SSR:
    ./components/ui/context-menu.jsx [Client Component SSR]
    ./components/MenuItemCard.jsx [Client Component SSR]
    ./app/(home)/page.js [Client Component SSR]
    ./app/(home)/page.js [Server Component]

https://nextjs.org/docs/messages/module-not-found


⨯ ./components/ui/context-menu.jsx:2:1
Module not found: Can't resolve '@radix-ui/react-context-menu'
  [90m1 |[0m [36mimport[0m * [36mas[0m [33mReact[0m [36mfrom[0m [32m"react"[0m
[31m[1m>[0m [90m2 |[0m [36mimport[0m * [36mas[0m [33mContextMenuPrimitive[0m [36mfrom[0m [32m"@radix-ui/react-context-menu"[0m
  [90m  |[0m [31m[1m^^^^^^^^^^^^^^^^^^^^^^^^^^^^^^^^^^^^^^^^^^^^^^^^^^^^^^^^^^^^^^^^^^^^[0m
  [90m3 |[0m [36mimport[0m { [33mCheck[0m, [33mChevronRight[0m, [33mCircle[0m } [36mfrom[0m [32m"lucide-react"[0m
  [90m4 |[0m
  [90m5 |[0m [36mimport[0m { cn } [36mfrom[0m [32m"@/lib/utils"[0m



Import traces:
  Client Component Browser:
    ./components/ui/context-menu.jsx [Client Component Browser]
    ./components/MenuItemCard.jsx [Client Component Browser]
    ./app/(home)/page.js [Client Component Browser]
    ./app/(home)/page.js [Server Component]

  Client Component SSR:
    ./components/ui/context-menu.jsx [Client Component SSR]
    ./components/MenuItemCard.jsx [Client Component SSR]
    ./app/(home)/page.js [Client Component SSR]
    ./app/(home)/page.js [Server Component]

https://nextjs.org/docs/messages/module-not-found


⨯ ./components/ui/context-menu.jsx:2:1
Module not found: Can't resolve '@radix-ui/react-context-menu'
  [90m1 |[0m [36mimport[0m * [36mas[0m [33mReact[0m [36mfrom[0m [32m"react"[0m
[31m[1m>[0m [90m2 |[0m [36mimport[0m * [36mas[0m [33mContextMenuPrimitive[0m [36mfrom[0m [32m"@radix-ui/react-context-menu"[0m
  [90m  |[0m [31m[1m^^^^^^^^^^^^^^^^^^^^^^^^^^^^^^^^^^^^^^^^^^^^^^^^^^^^^^^^^^^^^^^^^^^^[0m
  [90m3 |[0m [36mimport[0m { [33mCheck[0m, [33mChevronRight[0m, [33mCircle[0m } [36mfrom[0m [32m"lucide-react"[0m
  [90m4 |[0m
  [90m5 |[0m [36mimport[0m { cn } [36mfrom[0m [32m"@/lib/utils"[0m



Import traces:
  Client Component Browser:
    ./components/ui/context-menu.jsx [Client Component Browser]
    ./components/MenuItemCard.jsx [Client Component Browser]
    ./app/(home)/page.js [Client Component Browser]
    ./app/(home)/page.js [Server Component]

  Client Component SSR:
    ./components/ui/context-menu.jsx [Client Component SSR]
    ./components/MenuItemCard.jsx [Client Component SSR]
    ./app/(home)/page.js [Client Component SSR]
    ./app/(home)/page.js [Server Component]

https://nextjs.org/docs/messages/module-not-found


⨯ ./components/ui/context-menu.jsx:2:1
Module not found: Can't resolve '@radix-ui/react-context-menu'
  [90m1 |[0m [36mimport[0m * [36mas[0m [33mReact[0m [36mfrom[0m [32m"react"[0m
[31m[1m>[0m [90m2 |[0m [36mimport[0m * [36mas[0m [33mContextMenuPrimitive[0m [36mfrom[0m [32m"@radix-ui/react-context-menu"[0m
  [90m  |[0m [31m[1m^^^^^^^^^^^^^^^^^^^^^^^^^^^^^^^^^^^^^^^^^^^^^^^^^^^^^^^^^^^^^^^^^^^^[0m
  [90m3 |[0m [36mimport[0m { [33mCheck[0m, [33mChevronRight[0m, [33mCircle[0m } [36mfrom[0m [32m"lucide-react"[0m
  [90m4 |[0m
  [90m5 |[0m [36mimport[0m { cn } [36mfrom[0m [32m"@/lib/utils"[0m



Import traces:
  Client Component Browser:
    ./components/ui/context-menu.jsx [Client Component Browser]
    ./components/MenuItemCard.jsx [Client Component Browser]
    ./app/(home)/page.js [Client Component Browser]
    ./app/(home)/page.js [Server Component]

  Client Component SSR:
    ./components/ui/context-menu.jsx [Client Component SSR]
    ./components/MenuItemCard.jsx [Client Component SSR]
    ./app/(home)/page.js [Client Component SSR]
    ./app/(home)/page.js [Server Component]

https://nextjs.org/docs/messages/module-not-found


⨯ ./components/ui/context-menu.jsx:2:1
Module not found: Can't resolve '@radix-ui/react-context-menu'
  [90m1 |[0m [36mimport[0m * [36mas[0m [33mReact[0m [36mfrom[0m [32m"react"[0m
[31m[1m>[0m [90m2 |[0m [36mimport[0m * [36mas[0m [33mContextMenuPrimitive[0m [36mfrom[0m [32m"@radix-ui/react-context-menu"[0m
  [90m  |[0m [31m[1m^^^^^^^^^^^^^^^^^^^^^^^^^^^^^^^^^^^^^^^^^^^^^^^^^^^^^^^^^^^^^^^^^^^^[0m
  [90m3 |[0m [36mimport[0m { [33mCheck[0m, [33mChevronRight[0m, [33mCircle[0m } [36mfrom[0m [32m"lucide-react"[0m
  [90m4 |[0m
  [90m5 |[0m [36mimport[0m { cn } [36mfrom[0m [32m"@/lib/utils"[0m



Import traces:
  Client Component Browser:
    ./components/ui/context-menu.jsx [Client Component Browser]
    ./components/MenuItemCard.jsx [Client Component Browser]
    ./app/(home)/page.js [Client Component Browser]
    ./app/(home)/page.js [Server Component]

  Client Component SSR:
    ./components/ui/context-menu.jsx [Client Component SSR]
    ./components/MenuItemCard.jsx [Client Component SSR]
    ./app/(home)/page.js [Client Component SSR]
    ./app/(home)/page.js [Server Component]

https://nextjs.org/docs/messages/module-not-found


⨯ ./components/ui/context-menu.jsx:2:1
Module not found: Can't resolve '@radix-ui/react-context-menu'
  [90m1 |[0m [36mimport[0m * [36mas[0m [33mReact[0m [36mfrom[0m [32m"react"[0m
[31m[1m>[0m [90m2 |[0m [36mimport[0m * [36mas[0m [33mContextMenuPrimitive[0m [36mfrom[0m [32m"@radix-ui/react-context-menu"[0m
  [90m  |[0m [31m[1m^^^^^^^^^^^^^^^^^^^^^^^^^^^^^^^^^^^^^^^^^^^^^^^^^^^^^^^^^^^^^^^^^^^^[0m
  [90m3 |[0m [36mimport[0m { [33mCheck[0m, [33mChevronRight[0m, [33mCircle[0m } [36mfrom[0m [32m"lucide-react"[0m
  [90m4 |[0m
  [90m5 |[0m [36mimport[0m { cn } [36mfrom[0m [32m"@/lib/utils"[0m



Import traces:
  Client Component Browser:
    ./components/ui/context-menu.jsx [Client Component Browser]
    ./components/MenuItemCard.jsx [Client Component Browser]
    ./app/(home)/page.js [Client Component Browser]
    ./app/(home)/page.js [Server Component]

  Client Component SSR:
    ./components/ui/context-menu.jsx [Client Component SSR]
    ./components/MenuItemCard.jsx [Client Component SSR]
    ./app/(home)/page.js [Client Component SSR]
    ./app/(home)/page.js [Server Component]

https://nextjs.org/docs/messages/module-not-found


⨯ ./components/ui/context-menu.jsx:2:1
Module not found: Can't resolve '@radix-ui/react-context-menu'
  [90m1 |[0m [36mimport[0m * [36mas[0m [33mReact[0m [36mfrom[0m [32m"react"[0m
[31m[1m>[0m [90m2 |[0m [36mimport[0m * [36mas[0m [33mContextMenuPrimitive[0m [36mfrom[0m [32m"@radix-ui/react-context-menu"[0m
  [90m  |[0m [31m[1m^^^^^^^^^^^^^^^^^^^^^^^^^^^^^^^^^^^^^^^^^^^^^^^^^^^^^^^^^^^^^^^^^^^^[0m
  [90m3 |[0m [36mimport[0m { [33mCheck[0m, [33mChevronRight[0m, [33mCircle[0m } [36mfrom[0m [32m"lucide-react"[0m
  [90m4 |[0m
  [90m5 |[0m [36mimport[0m { cn } [36mfrom[0m [32m"@/lib/utils"[0m



Import traces:
  Client Component Browser:
    ./components/ui/context-menu.jsx [Client Component Browser]
    ./components/MenuItemCard.jsx [Client Component Browser]
    ./app/(home)/page.js [Client Component Browser]
    ./app/(home)/page.js [Server Component]

  Client Component SSR:
    ./components/ui/context-menu.jsx [Client Component SSR]
    ./components/MenuItemCard.jsx [Client Component SSR]
    ./app/(home)/page.js [Client Component SSR]
    ./app/(home)/page.js [Server Component]

https://nextjs.org/docs/messages/module-not-found


⨯ ./components/ui/context-menu.jsx:2:1
Module not found: Can't resolve '@radix-ui/react-context-menu'
  [90m1 |[0m [36mimport[0m * [36mas[0m [33mReact[0m [36mfrom[0m [32m"react"[0m
[31m[1m>[0m [90m2 |[0m [36mimport[0m * [36mas[0m [33mContextMenuPrimitive[0m [36mfrom[0m [32m"@radix-ui/react-context-menu"[0m
  [90m  |[0m [31m[1m^^^^^^^^^^^^^^^^^^^^^^^^^^^^^^^^^^^^^^^^^^^^^^^^^^^^^^^^^^^^^^^^^^^^[0m
  [90m3 |[0m [36mimport[0m { [33mCheck[0m, [33mChevronRight[0m, [33mCircle[0m } [36mfrom[0m [32m"lucide-react"[0m
  [90m4 |[0m
  [90m5 |[0m [36mimport[0m { cn } [36mfrom[0m [32m"@/lib/utils"[0m



Import traces:
  Client Component Browser:
    ./components/ui/context-menu.jsx [Client Component Browser]
    ./components/MenuItemCard.jsx [Client Component Browser]
    ./app/(home)/page.js [Client Component Browser]
    ./app/(home)/page.js [Server Component]

  Client Component SSR:
    ./components/ui/context-menu.jsx [Client Component SSR]
    ./components/MenuItemCard.jsx [Client Component SSR]
    ./app/(home)/page.js [Client Component SSR]
    ./app/(home)/page.js [Server Component]

https://nextjs.org/docs/messages/module-not-found


⨯ ./components/ui/context-menu.jsx:2:1
Module not found: Can't resolve '@radix-ui/react-context-menu'
  [90m1 |[0m [36mimport[0m * [36mas[0m [33mReact[0m [36mfrom[0m [32m"react"[0m
[31m[1m>[0m [90m2 |[0m [36mimport[0m * [36mas[0m [33mContextMenuPrimitive[0m [36mfrom[0m [32m"@radix-ui/react-context-menu"[0m
  [90m  |[0m [31m[1m^^^^^^^^^^^^^^^^^^^^^^^^^^^^^^^^^^^^^^^^^^^^^^^^^^^^^^^^^^^^^^^^^^^^[0m
  [90m3 |[0m [36mimport[0m { [33mCheck[0m, [33mChevronRight[0m, [33mCircle[0m } [36mfrom[0m [32m"lucide-react"[0m
  [90m4 |[0m
  [90m5 |[0m [36mimport[0m { cn } [36mfrom[0m [32m"@/lib/utils"[0m



Import traces:
  Client Component Browser:
    ./components/ui/context-menu.jsx [Client Component Browser]
    ./components/MenuItemCard.jsx [Client Component Browser]
    ./app/(home)/page.js [Client Component Browser]
    ./app/(home)/page.js [Server Component]

  Client Component SSR:
    ./components/ui/context-menu.jsx [Client Component SSR]
    ./components/MenuItemCard.jsx [Client Component SSR]
    ./app/(home)/page.js [Client Component SSR]
    ./app/(home)/page.js [Server Component]

https://nextjs.org/docs/messages/module-not-found


⨯ ./components/ui/context-menu.jsx:2:1
Module not found: Can't resolve '@radix-ui/react-context-menu'
  [90m1 |[0m [36mimport[0m * [36mas[0m [33mReact[0m [36mfrom[0m [32m"react"[0m
[31m[1m>[0m [90m2 |[0m [36mimport[0m * [36mas[0m [33mContextMenuPrimitive[0m [36mfrom[0m [32m"@radix-ui/react-context-menu"[0m
  [90m  |[0m [31m[1m^^^^^^^^^^^^^^^^^^^^^^^^^^^^^^^^^^^^^^^^^^^^^^^^^^^^^^^^^^^^^^^^^^^^[0m
  [90m3 |[0m [36mimport[0m { [33mCheck[0m, [33mChevronRight[0m, [33mCircle[0m } [36mfrom[0m [32m"lucide-react"[0m
  [90m4 |[0m
  [90m5 |[0m [36mimport[0m { cn } [36mfrom[0m [32m"@/lib/utils"[0m



Import traces:
  Client Component Browser:
    ./components/ui/context-menu.jsx [Client Component Browser]
    ./components/MenuItemCard.jsx [Client Component Browser]
    ./app/(home)/page.js [Client Component Browser]
    ./app/(home)/page.js [Server Component]

  Client Component SSR:
    ./components/ui/context-menu.jsx [Client Component SSR]
    ./components/MenuItemCard.jsx [Client Component SSR]
    ./app/(home)/page.js [Client Component SSR]
    ./app/(home)/page.js [Server Component]

https://nextjs.org/docs/messages/module-not-found


⨯ ./components/ui/context-menu.jsx:2:1
Module not found: Can't resolve '@radix-ui/react-context-menu'
  [90m1 |[0m [36mimport[0m * [36mas[0m [33mReact[0m [36mfrom[0m [32m"react"[0m
[31m[1m>[0m [90m2 |[0m [36mimport[0m * [36mas[0m [33mContextMenuPrimitive[0m [36mfrom[0m [32m"@radix-ui/react-context-menu"[0m
  [90m  |[0m [31m[1m^^^^^^^^^^^^^^^^^^^^^^^^^^^^^^^^^^^^^^^^^^^^^^^^^^^^^^^^^^^^^^^^^^^^[0m
  [90m3 |[0m [36mimport[0m { [33mCheck[0m, [33mChevronRight[0m, [33mCircle[0m } [36mfrom[0m [32m"lucide-react"[0m
  [90m4 |[0m
  [90m5 |[0m [36mimport[0m { cn } [36mfrom[0m [32m"@/lib/utils"[0m



Import traces:
  Client Component Browser:
    ./components/ui/context-menu.jsx [Client Component Browser]
    ./components/MenuItemCard.jsx [Client Component Browser]
    ./app/(home)/page.js [Client Component Browser]
    ./app/(home)/page.js [Server Component]

  Client Component SSR:
    ./components/ui/context-menu.jsx [Client Component SSR]
    ./components/MenuItemCard.jsx [Client Component SSR]
    ./app/(home)/page.js [Client Component SSR]
    ./app/(home)/page.js [Server Component]

https://nextjs.org/docs/messages/module-not-found


⨯ ./components/ui/context-menu.jsx:2:1
Module not found: Can't resolve '@radix-ui/react-context-menu'
  [90m1 |[0m [36mimport[0m * [36mas[0m [33mReact[0m [36mfrom[0m [32m"react"[0m
[31m[1m>[0m [90m2 |[0m [36mimport[0m * [36mas[0m [33mContextMenuPrimitive[0m [36mfrom[0m [32m"@radix-ui/react-context-menu"[0m
  [90m  |[0m [31m[1m^^^^^^^^^^^^^^^^^^^^^^^^^^^^^^^^^^^^^^^^^^^^^^^^^^^^^^^^^^^^^^^^^^^^[0m
  [90m3 |[0m [36mimport[0m { [33mCheck[0m, [33mChevronRight[0m, [33mCircle[0m } [36mfrom[0m [32m"lucide-react"[0m
  [90m4 |[0m
  [90m5 |[0m [36mimport[0m { cn } [36mfrom[0m [32m"@/lib/utils"[0m



Import traces:
  Client Component Browser:
    ./components/ui/context-menu.jsx [Client Component Browser]
    ./components/MenuItemCard.jsx [Client Component Browser]
    ./app/(home)/page.js [Client Component Browser]
    ./app/(home)/page.js [Server Component]

  Client Component SSR:
    ./components/ui/context-menu.jsx [Client Component SSR]
    ./components/MenuItemCard.jsx [Client Component SSR]
    ./app/(home)/page.js [Client Component SSR]
    ./app/(home)/page.js [Server Component]

https://nextjs.org/docs/messages/module-not-found


⨯ ./components/ui/context-menu.jsx:2:1
Module not found: Can't resolve '@radix-ui/react-context-menu'
  [90m1 |[0m [36mimport[0m * [36mas[0m [33mReact[0m [36mfrom[0m [32m"react"[0m
[31m[1m>[0m [90m2 |[0m [36mimport[0m * [36mas[0m [33mContextMenuPrimitive[0m [36mfrom[0m [32m"@radix-ui/react-context-menu"[0m
  [90m  |[0m [31m[1m^^^^^^^^^^^^^^^^^^^^^^^^^^^^^^^^^^^^^^^^^^^^^^^^^^^^^^^^^^^^^^^^^^^^[0m
  [90m3 |[0m [36mimport[0m { [33mCheck[0m, [33mChevronRight[0m, [33mCircle[0m } [36mfrom[0m [32m"lucide-react"[0m
  [90m4 |[0m
  [90m5 |[0m [36mimport[0m { cn } [36mfrom[0m [32m"@/lib/utils"[0m



Import traces:
  Client Component Browser:
    ./components/ui/context-menu.jsx [Client Component Browser]
    ./components/MenuItemCard.jsx [Client Component Browser]
    ./app/(home)/page.js [Client Component Browser]
    ./app/(home)/page.js [Server Component]

  Client Component SSR:
    ./components/ui/context-menu.jsx [Client Component SSR]
    ./components/MenuItemCard.jsx [Client Component SSR]
    ./app/(home)/page.js [Client Component SSR]
    ./app/(home)/page.js [Server Component]

https://nextjs.org/docs/messages/module-not-found


⨯ ./components/ui/context-menu.jsx:2:1
Module not found: Can't resolve '@radix-ui/react-context-menu'
  [90m1 |[0m [36mimport[0m * [36mas[0m [33mReact[0m [36mfrom[0m [32m"react"[0m
[31m[1m>[0m [90m2 |[0m [36mimport[0m * [36mas[0m [33mContextMenuPrimitive[0m [36mfrom[0m [32m"@radix-ui/react-context-menu"[0m
  [90m  |[0m [31m[1m^^^^^^^^^^^^^^^^^^^^^^^^^^^^^^^^^^^^^^^^^^^^^^^^^^^^^^^^^^^^^^^^^^^^[0m
  [90m3 |[0m [36mimport[0m { [33mCheck[0m, [33mChevronRight[0m, [33mCircle[0m } [36mfrom[0m [32m"lucide-react"[0m
  [90m4 |[0m
  [90m5 |[0m [36mimport[0m { cn } [36mfrom[0m [32m"@/lib/utils"[0m



Import traces:
  Client Component Browser:
    ./components/ui/context-menu.jsx [Client Component Browser]
    ./components/MenuItemCard.jsx [Client Component Browser]
    ./app/(home)/page.js [Client Component Browser]
    ./app/(home)/page.js [Server Component]

  Client Component SSR:
    ./components/ui/context-menu.jsx [Client Component SSR]
    ./components/MenuItemCard.jsx [Client Component SSR]
    ./app/(home)/page.js [Client Component SSR]
    ./app/(home)/page.js [Server Component]

https://nextjs.org/docs/messages/module-not-found


⨯ ./components/ui/context-menu.jsx:2:1
Module not found: Can't resolve '@radix-ui/react-context-menu'
  [90m1 |[0m [36mimport[0m * [36mas[0m [33mReact[0m [36mfrom[0m [32m"react"[0m
[31m[1m>[0m [90m2 |[0m [36mimport[0m * [36mas[0m [33mContextMenuPrimitive[0m [36mfrom[0m [32m"@radix-ui/react-context-menu"[0m
  [90m  |[0m [31m[1m^^^^^^^^^^^^^^^^^^^^^^^^^^^^^^^^^^^^^^^^^^^^^^^^^^^^^^^^^^^^^^^^^^^^[0m
  [90m3 |[0m [36mimport[0m { [33mCheck[0m, [33mChevronRight[0m, [33mCircle[0m } [36mfrom[0m [32m"lucide-react"[0m
  [90m4 |[0m
  [90m5 |[0m [36mimport[0m { cn } [36mfrom[0m [32m"@/lib/utils"[0m



Import traces:
  Client Component Browser:
    ./components/ui/context-menu.jsx [Client Component Browser]
    ./components/MenuItemCard.jsx [Client Component Browser]
    ./app/(home)/page.js [Client Component Browser]
    ./app/(home)/page.js [Server Component]

  Client Component SSR:
    ./components/ui/context-menu.jsx [Client Component SSR]
    ./components/MenuItemCard.jsx [Client Component SSR]
    ./app/(home)/page.js [Client Component SSR]
    ./app/(home)/page.js [Server Component]

https://nextjs.org/docs/messages/module-not-found


⨯ ./components/ui/context-menu.jsx:2:1
Module not found: Can't resolve '@radix-ui/react-context-menu'
  [90m1 |[0m [36mimport[0m * [36mas[0m [33mReact[0m [36mfrom[0m [32m"react"[0m
[31m[1m>[0m [90m2 |[0m [36mimport[0m * [36mas[0m [33mContextMenuPrimitive[0m [36mfrom[0m [32m"@radix-ui/react-context-menu"[0m
  [90m  |[0m [31m[1m^^^^^^^^^^^^^^^^^^^^^^^^^^^^^^^^^^^^^^^^^^^^^^^^^^^^^^^^^^^^^^^^^^^^[0m
  [90m3 |[0m [36mimport[0m { [33mCheck[0m, [33mChevronRight[0m, [33mCircle[0m } [36mfrom[0m [32m"lucide-react"[0m
  [90m4 |[0m
  [90m5 |[0m [36mimport[0m { cn } [36mfrom[0m [32m"@/lib/utils"[0m



Import traces:
  Client Component Browser:
    ./components/ui/context-menu.jsx [Client Component Browser]
    ./components/MenuItemCard.jsx [Client Component Browser]
    ./app/(home)/page.js [Client Component Browser]
    ./app/(home)/page.js [Server Component]

  Client Component SSR:
    ./components/ui/context-menu.jsx [Client Component SSR]
    ./components/MenuItemCard.jsx [Client Component SSR]
    ./app/(home)/page.js [Client Component SSR]
    ./app/(home)/page.js [Server Component]

https://nextjs.org/docs/messages/module-not-found


⨯ ./components/ui/context-menu.jsx:2:1
Module not found: Can't resolve '@radix-ui/react-context-menu'
  [90m1 |[0m [36mimport[0m * [36mas[0m [33mReact[0m [36mfrom[0m [32m"react"[0m
[31m[1m>[0m [90m2 |[0m [36mimport[0m * [36mas[0m [33mContextMenuPrimitive[0m [36mfrom[0m [32m"@radix-ui/react-context-menu"[0m
  [90m  |[0m [31m[1m^^^^^^^^^^^^^^^^^^^^^^^^^^^^^^^^^^^^^^^^^^^^^^^^^^^^^^^^^^^^^^^^^^^^[0m
  [90m3 |[0m [36mimport[0m { [33mCheck[0m, [33mChevronRight[0m, [33mCircle[0m } [36mfrom[0m [32m"lucide-react"[0m
  [90m4 |[0m
  [90m5 |[0m [36mimport[0m { cn } [36mfrom[0m [32m"@/lib/utils"[0m



Import traces:
  Client Component Browser:
    ./components/ui/context-menu.jsx [Client Component Browser]
    ./components/MenuItemCard.jsx [Client Component Browser]
    ./app/(home)/page.js [Client Component Browser]
    ./app/(home)/page.js [Server Component]

  Client Component SSR:
    ./components/ui/context-menu.jsx [Client Component SSR]
    ./components/MenuItemCard.jsx [Client Component SSR]
    ./app/(home)/page.js [Client Component SSR]
    ./app/(home)/page.js [Server Component]

https://nextjs.org/docs/messages/module-not-found


⨯ ./components/ui/context-menu.jsx:2:1
Module not found: Can't resolve '@radix-ui/react-context-menu'
  [90m1 |[0m [36mimport[0m * [36mas[0m [33mReact[0m [36mfrom[0m [32m"react"[0m
[31m[1m>[0m [90m2 |[0m [36mimport[0m * [36mas[0m [33mContextMenuPrimitive[0m [36mfrom[0m [32m"@radix-ui/react-context-menu"[0m
  [90m  |[0m [31m[1m^^^^^^^^^^^^^^^^^^^^^^^^^^^^^^^^^^^^^^^^^^^^^^^^^^^^^^^^^^^^^^^^^^^^[0m
  [90m3 |[0m [36mimport[0m { [33mCheck[0m, [33mChevronRight[0m, [33mCircle[0m } [36mfrom[0m [32m"lucide-react"[0m
  [90m4 |[0m
  [90m5 |[0m [36mimport[0m { cn } [36mfrom[0m [32m"@/lib/utils"[0m



Import traces:
  Client Component Browser:
    ./components/ui/context-menu.jsx [Client Component Browser]
    ./components/MenuItemCard.jsx [Client Component Browser]
    ./app/(home)/page.js [Client Component Browser]
    ./app/(home)/page.js [Server Component]

  Client Component SSR:
    ./components/ui/context-menu.jsx [Client Component SSR]
    ./components/MenuItemCard.jsx [Client Component SSR]
    ./app/(home)/page.js [Client Component SSR]
    ./app/(home)/page.js [Server Component]

https://nextjs.org/docs/messages/module-not-found


⨯ ./components/ui/context-menu.jsx:2:1
Module not found: Can't resolve '@radix-ui/react-context-menu'
  [90m1 |[0m [36mimport[0m * [36mas[0m [33mReact[0m [36mfrom[0m [32m"react"[0m
[31m[1m>[0m [90m2 |[0m [36mimport[0m * [36mas[0m [33mContextMenuPrimitive[0m [36mfrom[0m [32m"@radix-ui/react-context-menu"[0m
  [90m  |[0m [31m[1m^^^^^^^^^^^^^^^^^^^^^^^^^^^^^^^^^^^^^^^^^^^^^^^^^^^^^^^^^^^^^^^^^^^^[0m
  [90m3 |[0m [36mimport[0m { [33mCheck[0m, [33mChevronRight[0m, [33mCircle[0m } [36mfrom[0m [32m"lucide-react"[0m
  [90m4 |[0m
  [90m5 |[0m [36mimport[0m { cn } [36mfrom[0m [32m"@/lib/utils"[0m



Import traces:
  Client Component Browser:
    ./components/ui/context-menu.jsx [Client Component Browser]
    ./components/MenuItemCard.jsx [Client Component Browser]
    ./app/(home)/page.js [Client Component Browser]
    ./app/(home)/page.js [Server Component]

  Client Component SSR:
    ./components/ui/context-menu.jsx [Client Component SSR]
    ./components/MenuItemCard.jsx [Client Component SSR]
    ./app/(home)/page.js [Client Component SSR]
    ./app/(home)/page.js [Server Component]

https://nextjs.org/docs/messages/module-not-found


⨯ ./components/ui/context-menu.jsx:2:1
Module not found: Can't resolve '@radix-ui/react-context-menu'
  [90m1 |[0m [36mimport[0m * [36mas[0m [33mReact[0m [36mfrom[0m [32m"react"[0m
[31m[1m>[0m [90m2 |[0m [36mimport[0m * [36mas[0m [33mContextMenuPrimitive[0m [36mfrom[0m [32m"@radix-ui/react-context-menu"[0m
  [90m  |[0m [31m[1m^^^^^^^^^^^^^^^^^^^^^^^^^^^^^^^^^^^^^^^^^^^^^^^^^^^^^^^^^^^^^^^^^^^^[0m
  [90m3 |[0m [36mimport[0m { [33mCheck[0m, [33mChevronRight[0m, [33mCircle[0m } [36mfrom[0m [32m"lucide-react"[0m
  [90m4 |[0m
  [90m5 |[0m [36mimport[0m { cn } [36mfrom[0m [32m"@/lib/utils"[0m



Import traces:
  Client Component Browser:
    ./components/ui/context-menu.jsx [Client Component Browser]
    ./components/MenuItemCard.jsx [Client Component Browser]
    ./app/(home)/page.js [Client Component Browser]
    ./app/(home)/page.js [Server Component]

  Client Component SSR:
    ./components/ui/context-menu.jsx [Client Component SSR]
    ./components/MenuItemCard.jsx [Client Component SSR]
    ./app/(home)/page.js [Client Component SSR]
    ./app/(home)/page.js [Server Component]

https://nextjs.org/docs/messages/module-not-found


⨯ ./components/ui/context-menu.jsx:2:1
Module not found: Can't resolve '@radix-ui/react-context-menu'
  [90m1 |[0m [36mimport[0m * [36mas[0m [33mReact[0m [36mfrom[0m [32m"react"[0m
[31m[1m>[0m [90m2 |[0m [36mimport[0m * [36mas[0m [33mContextMenuPrimitive[0m [36mfrom[0m [32m"@radix-ui/react-context-menu"[0m
  [90m  |[0m [31m[1m^^^^^^^^^^^^^^^^^^^^^^^^^^^^^^^^^^^^^^^^^^^^^^^^^^^^^^^^^^^^^^^^^^^^[0m
  [90m3 |[0m [36mimport[0m { [33mCheck[0m, [33mChevronRight[0m, [33mCircle[0m } [36mfrom[0m [32m"lucide-react"[0m
  [90m4 |[0m
  [90m5 |[0m [36mimport[0m { cn } [36mfrom[0m [32m"@/lib/utils"[0m



Import traces:
  Client Component Browser:
    ./components/ui/context-menu.jsx [Client Component Browser]
    ./components/MenuItemCard.jsx [Client Component Browser]
    ./app/(home)/page.js [Client Component Browser]
    ./app/(home)/page.js [Server Component]

  Client Component SSR:
    ./components/ui/context-menu.jsx [Client Component SSR]
    ./components/MenuItemCard.jsx [Client Component SSR]
    ./app/(home)/page.js [Client Component SSR]
    ./app/(home)/page.js [Server Component]

https://nextjs.org/docs/messages/module-not-found


⨯ ./components/ui/context-menu.jsx:2:1
Module not found: Can't resolve '@radix-ui/react-context-menu'
  [90m1 |[0m [36mimport[0m * [36mas[0m [33mReact[0m [36mfrom[0m [32m"react"[0m
[31m[1m>[0m [90m2 |[0m [36mimport[0m * [36mas[0m [33mContextMenuPrimitive[0m [36mfrom[0m [32m"@radix-ui/react-context-menu"[0m
  [90m  |[0m [31m[1m^^^^^^^^^^^^^^^^^^^^^^^^^^^^^^^^^^^^^^^^^^^^^^^^^^^^^^^^^^^^^^^^^^^^[0m
  [90m3 |[0m [36mimport[0m { [33mCheck[0m, [33mChevronRight[0m, [33mCircle[0m } [36mfrom[0m [32m"lucide-react"[0m
  [90m4 |[0m
  [90m5 |[0m [36mimport[0m { cn } [36mfrom[0m [32m"@/lib/utils"[0m



Import traces:
  Client Component Browser:
    ./components/ui/context-menu.jsx [Client Component Browser]
    ./components/MenuItemCard.jsx [Client Component Browser]
    ./app/(home)/page.js [Client Component Browser]
    ./app/(home)/page.js [Server Component]

  Client Component SSR:
    ./components/ui/context-menu.jsx [Client Component SSR]
    ./components/MenuItemCard.jsx [Client Component SSR]
    ./app/(home)/page.js [Client Component SSR]
    ./app/(home)/page.js [Server Component]

https://nextjs.org/docs/messages/module-not-found


⨯ ./components/ui/context-menu.jsx:2:1
Module not found: Can't resolve '@radix-ui/react-context-menu'
  [90m1 |[0m [36mimport[0m * [36mas[0m [33mReact[0m [36mfrom[0m [32m"react"[0m
[31m[1m>[0m [90m2 |[0m [36mimport[0m * [36mas[0m [33mContextMenuPrimitive[0m [36mfrom[0m [32m"@radix-ui/react-context-menu"[0m
  [90m  |[0m [31m[1m^^^^^^^^^^^^^^^^^^^^^^^^^^^^^^^^^^^^^^^^^^^^^^^^^^^^^^^^^^^^^^^^^^^^[0m
  [90m3 |[0m [36mimport[0m { [33mCheck[0m, [33mChevronRight[0m, [33mCircle[0m } [36mfrom[0m [32m"lucide-react"[0m
  [90m4 |[0m
  [90m5 |[0m [36mimport[0m { cn } [36mfrom[0m [32m"@/lib/utils"[0m



Import traces:
  Client Component Browser:
    ./components/ui/context-menu.jsx [Client Component Browser]
    ./components/MenuItemCard.jsx [Client Component Browser]
    ./app/(home)/page.js [Client Component Browser]
    ./app/(home)/page.js [Server Component]

  Client Component SSR:
    ./components/ui/context-menu.jsx [Client Component SSR]
    ./components/MenuItemCard.jsx [Client Component SSR]
    ./app/(home)/page.js [Client Component SSR]
    ./app/(home)/page.js [Server Component]

https://nextjs.org/docs/messages/module-not-found


⨯ ./components/ui/context-menu.jsx:2:1
Module not found: Can't resolve '@radix-ui/react-context-menu'
  [90m1 |[0m [36mimport[0m * [36mas[0m [33mReact[0m [36mfrom[0m [32m"react"[0m
[31m[1m>[0m [90m2 |[0m [36mimport[0m * [36mas[0m [33mContextMenuPrimitive[0m [36mfrom[0m [32m"@radix-ui/react-context-menu"[0m
  [90m  |[0m [31m[1m^^^^^^^^^^^^^^^^^^^^^^^^^^^^^^^^^^^^^^^^^^^^^^^^^^^^^^^^^^^^^^^^^^^^[0m
  [90m3 |[0m [36mimport[0m { [33mCheck[0m, [33mChevronRight[0m, [33mCircle[0m } [36mfrom[0m [32m"lucide-react"[0m
  [90m4 |[0m
  [90m5 |[0m [36mimport[0m { cn } [36mfrom[0m [32m"@/lib/utils"[0m



Import traces:
  Client Component Browser:
    ./components/ui/context-menu.jsx [Client Component Browser]
    ./components/MenuItemCard.jsx [Client Component Browser]
    ./app/(home)/page.js [Client Component Browser]
    ./app/(home)/page.js [Server Component]

  Client Component SSR:
    ./components/ui/context-menu.jsx [Client Component SSR]
    ./components/MenuItemCard.jsx [Client Component SSR]
    ./app/(home)/page.js [Client Component SSR]
    ./app/(home)/page.js [Server Component]

https://nextjs.org/docs/messages/module-not-found


⨯ ./components/ui/context-menu.jsx:2:1
Module not found: Can't resolve '@radix-ui/react-context-menu'
  [90m1 |[0m [36mimport[0m * [36mas[0m [33mReact[0m [36mfrom[0m [32m"react"[0m
[31m[1m>[0m [90m2 |[0m [36mimport[0m * [36mas[0m [33mContextMenuPrimitive[0m [36mfrom[0m [32m"@radix-ui/react-context-menu"[0m
  [90m  |[0m [31m[1m^^^^^^^^^^^^^^^^^^^^^^^^^^^^^^^^^^^^^^^^^^^^^^^^^^^^^^^^^^^^^^^^^^^^[0m
  [90m3 |[0m [36mimport[0m { [33mCheck[0m, [33mChevronRight[0m, [33mCircle[0m } [36mfrom[0m [32m"lucide-react"[0m
  [90m4 |[0m
  [90m5 |[0m [36mimport[0m { cn } [36mfrom[0m [32m"@/lib/utils"[0m



Import traces:
  Client Component Browser:
    ./components/ui/context-menu.jsx [Client Component Browser]
    ./components/MenuItemCard.jsx [Client Component Browser]
    ./app/(home)/page.js [Client Component Browser]
    ./app/(home)/page.js [Server Component]

  Client Component SSR:
    ./components/ui/context-menu.jsx [Client Component SSR]
    ./components/MenuItemCard.jsx [Client Component SSR]
    ./app/(home)/page.js [Client Component SSR]
    ./app/(home)/page.js [Server Component]

https://nextjs.org/docs/messages/module-not-found


⨯ ./components/ui/context-menu.jsx:2:1
Module not found: Can't resolve '@radix-ui/react-context-menu'
  [90m1 |[0m [36mimport[0m * [36mas[0m [33mReact[0m [36mfrom[0m [32m"react"[0m
[31m[1m>[0m [90m2 |[0m [36mimport[0m * [36mas[0m [33mContextMenuPrimitive[0m [36mfrom[0m [32m"@radix-ui/react-context-menu"[0m
  [90m  |[0m [31m[1m^^^^^^^^^^^^^^^^^^^^^^^^^^^^^^^^^^^^^^^^^^^^^^^^^^^^^^^^^^^^^^^^^^^^[0m
  [90m3 |[0m [36mimport[0m { [33mCheck[0m, [33mChevronRight[0m, [33mCircle[0m } [36mfrom[0m [32m"lucide-react"[0m
  [90m4 |[0m
  [90m5 |[0m [36mimport[0m { cn } [36mfrom[0m [32m"@/lib/utils"[0m



Import traces:
  Client Component Browser:
    ./components/ui/context-menu.jsx [Client Component Browser]
    ./components/MenuItemCard.jsx [Client Component Browser]
    ./app/(home)/page.js [Client Component Browser]
    ./app/(home)/page.js [Server Component]

  Client Component SSR:
    ./components/ui/context-menu.jsx [Client Component SSR]
    ./components/MenuItemCard.jsx [Client Component SSR]
    ./app/(home)/page.js [Client Component SSR]
    ./app/(home)/page.js [Server Component]

https://nextjs.org/docs/messages/module-not-found


⨯ ./components/ui/context-menu.jsx:2:1
Module not found: Can't resolve '@radix-ui/react-context-menu'
  [90m1 |[0m [36mimport[0m * [36mas[0m [33mReact[0m [36mfrom[0m [32m"react"[0m
[31m[1m>[0m [90m2 |[0m [36mimport[0m * [36mas[0m [33mContextMenuPrimitive[0m [36mfrom[0m [32m"@radix-ui/react-context-menu"[0m
  [90m  |[0m [31m[1m^^^^^^^^^^^^^^^^^^^^^^^^^^^^^^^^^^^^^^^^^^^^^^^^^^^^^^^^^^^^^^^^^^^^[0m
  [90m3 |[0m [36mimport[0m { [33mCheck[0m, [33mChevronRight[0m, [33mCircle[0m } [36mfrom[0m [32m"lucide-react"[0m
  [90m4 |[0m
  [90m5 |[0m [36mimport[0m { cn } [36mfrom[0m [32m"@/lib/utils"[0m



Import traces:
  Client Component Browser:
    ./components/ui/context-menu.jsx [Client Component Browser]
    ./components/MenuItemCard.jsx [Client Component Browser]
    ./app/(home)/page.js [Client Component Browser]
    ./app/(home)/page.js [Server Component]

  Client Component SSR:
    ./components/ui/context-menu.jsx [Client Component SSR]
    ./components/MenuItemCard.jsx [Client Component SSR]
    ./app/(home)/page.js [Client Component SSR]
    ./app/(home)/page.js [Server Component]

https://nextjs.org/docs/messages/module-not-found


⨯ ./components/ui/context-menu.jsx:2:1
Module not found: Can't resolve '@radix-ui/react-context-menu'
  [90m1 |[0m [36mimport[0m * [36mas[0m [33mReact[0m [36mfrom[0m [32m"react"[0m
[31m[1m>[0m [90m2 |[0m [36mimport[0m * [36mas[0m [33mContextMenuPrimitive[0m [36mfrom[0m [32m"@radix-ui/react-context-menu"[0m
  [90m  |[0m [31m[1m^^^^^^^^^^^^^^^^^^^^^^^^^^^^^^^^^^^^^^^^^^^^^^^^^^^^^^^^^^^^^^^^^^^^[0m
  [90m3 |[0m [36mimport[0m { [33mCheck[0m, [33mChevronRight[0m, [33mCircle[0m } [36mfrom[0m [32m"lucide-react"[0m
  [90m4 |[0m
  [90m5 |[0m [36mimport[0m { cn } [36mfrom[0m [32m"@/lib/utils"[0m



Import traces:
  Client Component Browser:
    ./components/ui/context-menu.jsx [Client Component Browser]
    ./components/MenuItemCard.jsx [Client Component Browser]
    ./app/(home)/page.js [Client Component Browser]
    ./app/(home)/page.js [Server Component]

  Client Component SSR:
    ./components/ui/context-menu.jsx [Client Component SSR]
    ./components/MenuItemCard.jsx [Client Component SSR]
    ./app/(home)/page.js [Client Component SSR]
    ./app/(home)/page.js [Server Component]

https://nextjs.org/docs/messages/module-not-found


⨯ ./components/ui/context-menu.jsx:2:1
Module not found: Can't resolve '@radix-ui/react-context-menu'
  [90m1 |[0m [36mimport[0m * [36mas[0m [33mReact[0m [36mfrom[0m [32m"react"[0m
[31m[1m>[0m [90m2 |[0m [36mimport[0m * [36mas[0m [33mContextMenuPrimitive[0m [36mfrom[0m [32m"@radix-ui/react-context-menu"[0m
  [90m  |[0m [31m[1m^^^^^^^^^^^^^^^^^^^^^^^^^^^^^^^^^^^^^^^^^^^^^^^^^^^^^^^^^^^^^^^^^^^^[0m
  [90m3 |[0m [36mimport[0m { [33mCheck[0m, [33mChevronRight[0m, [33mCircle[0m } [36mfrom[0m [32m"lucide-react"[0m
  [90m4 |[0m
  [90m5 |[0m [36mimport[0m { cn } [36mfrom[0m [32m"@/lib/utils"[0m



Import traces:
  Client Component Browser:
    ./components/ui/context-menu.jsx [Client Component Browser]
    ./components/MenuItemCard.jsx [Client Component Browser]
    ./app/(home)/page.js [Client Component Browser]
    ./app/(home)/page.js [Server Component]

  Client Component SSR:
    ./components/ui/context-menu.jsx [Client Component SSR]
    ./components/MenuItemCard.jsx [Client Component SSR]
    ./app/(home)/page.js [Client Component SSR]
    ./app/(home)/page.js [Server Component]

https://nextjs.org/docs/messages/module-not-found


⨯ ./components/ui/context-menu.jsx:2:1
Module not found: Can't resolve '@radix-ui/react-context-menu'
  [90m1 |[0m [36mimport[0m * [36mas[0m [33mReact[0m [36mfrom[0m [32m"react"[0m
[31m[1m>[0m [90m2 |[0m [36mimport[0m * [36mas[0m [33mContextMenuPrimitive[0m [36mfrom[0m [32m"@radix-ui/react-context-menu"[0m
  [90m  |[0m [31m[1m^^^^^^^^^^^^^^^^^^^^^^^^^^^^^^^^^^^^^^^^^^^^^^^^^^^^^^^^^^^^^^^^^^^^[0m
  [90m3 |[0m [36mimport[0m { [33mCheck[0m, [33mChevronRight[0m, [33mCircle[0m } [36mfrom[0m [32m"lucide-react"[0m
  [90m4 |[0m
  [90m5 |[0m [36mimport[0m { cn } [36mfrom[0m [32m"@/lib/utils"[0m



Import traces:
  Client Component Browser:
    ./components/ui/context-menu.jsx [Client Component Browser]
    ./components/MenuItemCard.jsx [Client Component Browser]
    ./app/(home)/page.js [Client Component Browser]
    ./app/(home)/page.js [Server Component]

  Client Component SSR:
    ./components/ui/context-menu.jsx [Client Component SSR]
    ./components/MenuItemCard.jsx [Client Component SSR]
    ./app/(home)/page.js [Client Component SSR]
    ./app/(home)/page.js [Server Component]

https://nextjs.org/docs/messages/module-not-found


⨯ ./components/ui/context-menu.jsx:2:1
Module not found: Can't resolve '@radix-ui/react-context-menu'
  [90m1 |[0m [36mimport[0m * [36mas[0m [33mReact[0m [36mfrom[0m [32m"react"[0m
[31m[1m>[0m [90m2 |[0m [36mimport[0m * [36mas[0m [33mContextMenuPrimitive[0m [36mfrom[0m [32m"@radix-ui/react-context-menu"[0m
  [90m  |[0m [31m[1m^^^^^^^^^^^^^^^^^^^^^^^^^^^^^^^^^^^^^^^^^^^^^^^^^^^^^^^^^^^^^^^^^^^^[0m
  [90m3 |[0m [36mimport[0m { [33mCheck[0m, [33mChevronRight[0m, [33mCircle[0m } [36mfrom[0m [32m"lucide-react"[0m
  [90m4 |[0m
  [90m5 |[0m [36mimport[0m { cn } [36mfrom[0m [32m"@/lib/utils"[0m



Import traces:
  Client Component Browser:
    ./components/ui/context-menu.jsx [Client Component Browser]
    ./components/MenuItemCard.jsx [Client Component Browser]
    ./app/(home)/page.js [Client Component Browser]
    ./app/(home)/page.js [Server Component]

  Client Component SSR:
    ./components/ui/context-menu.jsx [Client Component SSR]
    ./components/MenuItemCard.jsx [Client Component SSR]
    ./app/(home)/page.js [Client Component SSR]
    ./app/(home)/page.js [Server Component]

https://nextjs.org/docs/messages/module-not-found


⨯ ./components/ui/context-menu.jsx:2:1
Module not found: Can't resolve '@radix-ui/react-context-menu'
  [90m1 |[0m [36mimport[0m * [36mas[0m [33mReact[0m [36mfrom[0m [32m"react"[0m
[31m[1m>[0m [90m2 |[0m [36mimport[0m * [36mas[0m [33mContextMenuPrimitive[0m [36mfrom[0m [32m"@radix-ui/react-context-menu"[0m
  [90m  |[0m [31m[1m^^^^^^^^^^^^^^^^^^^^^^^^^^^^^^^^^^^^^^^^^^^^^^^^^^^^^^^^^^^^^^^^^^^^[0m
  [90m3 |[0m [36mimport[0m { [33mCheck[0m, [33mChevronRight[0m, [33mCircle[0m } [36mfrom[0m [32m"lucide-react"[0m
  [90m4 |[0m
  [90m5 |[0m [36mimport[0m { cn } [36mfrom[0m [32m"@/lib/utils"[0m



Import traces:
  Client Component Browser:
    ./components/ui/context-menu.jsx [Client Component Browser]
    ./components/MenuItemCard.jsx [Client Component Browser]
    ./app/(home)/page.js [Client Component Browser]
    ./app/(home)/page.js [Server Component]

  Client Component SSR:
    ./components/ui/context-menu.jsx [Client Component SSR]
    ./components/MenuItemCard.jsx [Client Component SSR]
    ./app/(home)/page.js [Client Component SSR]
    ./app/(home)/page.js [Server Component]

https://nextjs.org/docs/messages/module-not-found


⨯ ./components/ui/context-menu.jsx:2:1
Module not found: Can't resolve '@radix-ui/react-context-menu'
  [90m1 |[0m [36mimport[0m * [36mas[0m [33mReact[0m [36mfrom[0m [32m"react"[0m
[31m[1m>[0m [90m2 |[0m [36mimport[0m * [36mas[0m [33mContextMenuPrimitive[0m [36mfrom[0m [32m"@radix-ui/react-context-menu"[0m
  [90m  |[0m [31m[1m^^^^^^^^^^^^^^^^^^^^^^^^^^^^^^^^^^^^^^^^^^^^^^^^^^^^^^^^^^^^^^^^^^^^[0m
  [90m3 |[0m [36mimport[0m { [33mCheck[0m, [33mChevronRight[0m, [33mCircle[0m } [36mfrom[0m [32m"lucide-react"[0m
  [90m4 |[0m
  [90m5 |[0m [36mimport[0m { cn } [36mfrom[0m [32m"@/lib/utils"[0m



Import traces:
  Client Component Browser:
    ./components/ui/context-menu.jsx [Client Component Browser]
    ./components/MenuItemCard.jsx [Client Component Browser]
    ./app/(home)/page.js [Client Component Browser]
    ./app/(home)/page.js [Server Component]

  Client Component SSR:
    ./components/ui/context-menu.jsx [Client Component SSR]
    ./components/MenuItemCard.jsx [Client Component SSR]
    ./app/(home)/page.js [Client Component SSR]
    ./app/(home)/page.js [Server Component]

https://nextjs.org/docs/messages/module-not-found


⨯ ./components/ui/context-menu.jsx:2:1
Module not found: Can't resolve '@radix-ui/react-context-menu'
  [90m1 |[0m [36mimport[0m * [36mas[0m [33mReact[0m [36mfrom[0m [32m"react"[0m
[31m[1m>[0m [90m2 |[0m [36mimport[0m * [36mas[0m [33mContextMenuPrimitive[0m [36mfrom[0m [32m"@radix-ui/react-context-menu"[0m
  [90m  |[0m [31m[1m^^^^^^^^^^^^^^^^^^^^^^^^^^^^^^^^^^^^^^^^^^^^^^^^^^^^^^^^^^^^^^^^^^^^[0m
  [90m3 |[0m [36mimport[0m { [33mCheck[0m, [33mChevronRight[0m, [33mCircle[0m } [36mfrom[0m [32m"lucide-react"[0m
  [90m4 |[0m
  [90m5 |[0m [36mimport[0m { cn } [36mfrom[0m [32m"@/lib/utils"[0m



Import traces:
  Client Component Browser:
    ./components/ui/context-menu.jsx [Client Component Browser]
    ./components/MenuItemCard.jsx [Client Component Browser]
    ./app/(home)/page.js [Client Component Browser]
    ./app/(home)/page.js [Server Component]

  Client Component SSR:
    ./components/ui/context-menu.jsx [Client Component SSR]
    ./components/MenuItemCard.jsx [Client Component SSR]
    ./app/(home)/page.js [Client Component SSR]
    ./app/(home)/page.js [Server Component]

https://nextjs.org/docs/messages/module-not-found


⨯ ./components/ui/context-menu.jsx:2:1
Module not found: Can't resolve '@radix-ui/react-context-menu'
  [90m1 |[0m [36mimport[0m * [36mas[0m [33mReact[0m [36mfrom[0m [32m"react"[0m
[31m[1m>[0m [90m2 |[0m [36mimport[0m * [36mas[0m [33mContextMenuPrimitive[0m [36mfrom[0m [32m"@radix-ui/react-context-menu"[0m
  [90m  |[0m [31m[1m^^^^^^^^^^^^^^^^^^^^^^^^^^^^^^^^^^^^^^^^^^^^^^^^^^^^^^^^^^^^^^^^^^^^[0m
  [90m3 |[0m [36mimport[0m { [33mCheck[0m, [33mChevronRight[0m, [33mCircle[0m } [36mfrom[0m [32m"lucide-react"[0m
  [90m4 |[0m
  [90m5 |[0m [36mimport[0m { cn } [36mfrom[0m [32m"@/lib/utils"[0m



Import traces:
  Client Component Browser:
    ./components/ui/context-menu.jsx [Client Component Browser]
    ./components/MenuItemCard.jsx [Client Component Browser]
    ./app/(home)/page.js [Client Component Browser]
    ./app/(home)/page.js [Server Component]

  Client Component SSR:
    ./components/ui/context-menu.jsx [Client Component SSR]
    ./components/MenuItemCard.jsx [Client Component SSR]
    ./app/(home)/page.js [Client Component SSR]
    ./app/(home)/page.js [Server Component]

https://nextjs.org/docs/messages/module-not-found


⨯ ./components/ui/context-menu.jsx:2:1
Module not found: Can't resolve '@radix-ui/react-context-menu'
  [90m1 |[0m [36mimport[0m * [36mas[0m [33mReact[0m [36mfrom[0m [32m"react"[0m
[31m[1m>[0m [90m2 |[0m [36mimport[0m * [36mas[0m [33mContextMenuPrimitive[0m [36mfrom[0m [32m"@radix-ui/react-context-menu"[0m
  [90m  |[0m [31m[1m^^^^^^^^^^^^^^^^^^^^^^^^^^^^^^^^^^^^^^^^^^^^^^^^^^^^^^^^^^^^^^^^^^^^[0m
  [90m3 |[0m [36mimport[0m { [33mCheck[0m, [33mChevronRight[0m, [33mCircle[0m } [36mfrom[0m [32m"lucide-react"[0m
  [90m4 |[0m
  [90m5 |[0m [36mimport[0m { cn } [36mfrom[0m [32m"@/lib/utils"[0m



Import traces:
  Client Component Browser:
    ./components/ui/context-menu.jsx [Client Component Browser]
    ./components/MenuItemCard.jsx [Client Component Browser]
    ./app/(home)/page.js [Client Component Browser]
    ./app/(home)/page.js [Server Component]

  Client Component SSR:
    ./components/ui/context-menu.jsx [Client Component SSR]
    ./components/MenuItemCard.jsx [Client Component SSR]
    ./app/(home)/page.js [Client Component SSR]
    ./app/(home)/page.js [Server Component]

https://nextjs.org/docs/messages/module-not-found


⨯ ./components/ui/context-menu.jsx:2:1
Module not found: Can't resolve '@radix-ui/react-context-menu'
  [90m1 |[0m [36mimport[0m * [36mas[0m [33mReact[0m [36mfrom[0m [32m"react"[0m
[31m[1m>[0m [90m2 |[0m [36mimport[0m * [36mas[0m [33mContextMenuPrimitive[0m [36mfrom[0m [32m"@radix-ui/react-context-menu"[0m
  [90m  |[0m [31m[1m^^^^^^^^^^^^^^^^^^^^^^^^^^^^^^^^^^^^^^^^^^^^^^^^^^^^^^^^^^^^^^^^^^^^[0m
  [90m3 |[0m [36mimport[0m { [33mCheck[0m, [33mChevronRight[0m, [33mCircle[0m } [36mfrom[0m [32m"lucide-react"[0m
  [90m4 |[0m
  [90m5 |[0m [36mimport[0m { cn } [36mfrom[0m [32m"@/lib/utils"[0m



Import traces:
  Client Component Browser:
    ./components/ui/context-menu.jsx [Client Component Browser]
    ./components/MenuItemCard.jsx [Client Component Browser]
    ./app/(home)/page.js [Client Component Browser]
    ./app/(home)/page.js [Server Component]

  Client Component SSR:
    ./components/ui/context-menu.jsx [Client Component SSR]
    ./components/MenuItemCard.jsx [Client Component SSR]
    ./app/(home)/page.js [Client Component SSR]
    ./app/(home)/page.js [Server Component]

https://nextjs.org/docs/messages/module-not-found


⨯ ./components/ui/context-menu.jsx:2:1
Module not found: Can't resolve '@radix-ui/react-context-menu'
  [90m1 |[0m [36mimport[0m * [36mas[0m [33mReact[0m [36mfrom[0m [32m"react"[0m
[31m[1m>[0m [90m2 |[0m [36mimport[0m * [36mas[0m [33mContextMenuPrimitive[0m [36mfrom[0m [32m"@radix-ui/react-context-menu"[0m
  [90m  |[0m [31m[1m^^^^^^^^^^^^^^^^^^^^^^^^^^^^^^^^^^^^^^^^^^^^^^^^^^^^^^^^^^^^^^^^^^^^[0m
  [90m3 |[0m [36mimport[0m { [33mCheck[0m, [33mChevronRight[0m, [33mCircle[0m } [36mfrom[0m [32m"lucide-react"[0m
  [90m4 |[0m
  [90m5 |[0m [36mimport[0m { cn } [36mfrom[0m [32m"@/lib/utils"[0m



Import traces:
  Client Component Browser:
    ./components/ui/context-menu.jsx [Client Component Browser]
    ./components/MenuItemCard.jsx [Client Component Browser]
    ./app/(home)/page.js [Client Component Browser]
    ./app/(home)/page.js [Server Component]

  Client Component SSR:
    ./components/ui/context-menu.jsx [Client Component SSR]
    ./components/MenuItemCard.jsx [Client Component SSR]
    ./app/(home)/page.js [Client Component SSR]
    ./app/(home)/page.js [Server Component]

https://nextjs.org/docs/messages/module-not-found


⨯ ./components/ui/context-menu.jsx:2:1
Module not found: Can't resolve '@radix-ui/react-context-menu'
  [90m1 |[0m [36mimport[0m * [36mas[0m [33mReact[0m [36mfrom[0m [32m"react"[0m
[31m[1m>[0m [90m2 |[0m [36mimport[0m * [36mas[0m [33mContextMenuPrimitive[0m [36mfrom[0m [32m"@radix-ui/react-context-menu"[0m
  [90m  |[0m [31m[1m^^^^^^^^^^^^^^^^^^^^^^^^^^^^^^^^^^^^^^^^^^^^^^^^^^^^^^^^^^^^^^^^^^^^[0m
  [90m3 |[0m [36mimport[0m { [33mCheck[0m, [33mChevronRight[0m, [33mCircle[0m } [36mfrom[0m [32m"lucide-react"[0m
  [90m4 |[0m
  [90m5 |[0m [36mimport[0m { cn } [36mfrom[0m [32m"@/lib/utils"[0m



Import traces:
  Client Component Browser:
    ./components/ui/context-menu.jsx [Client Component Browser]
    ./components/MenuItemCard.jsx [Client Component Browser]
    ./app/(home)/page.js [Client Component Browser]
    ./app/(home)/page.js [Server Component]

  Client Component SSR:
    ./components/ui/context-menu.jsx [Client Component SSR]
    ./components/MenuItemCard.jsx [Client Component SSR]
    ./app/(home)/page.js [Client Component SSR]
    ./app/(home)/page.js [Server Component]

https://nextjs.org/docs/messages/module-not-found


⨯ ./components/ui/context-menu.jsx:2:1
Module not found: Can't resolve '@radix-ui/react-context-menu'
  [90m1 |[0m [36mimport[0m * [36mas[0m [33mReact[0m [36mfrom[0m [32m"react"[0m
[31m[1m>[0m [90m2 |[0m [36mimport[0m * [36mas[0m [33mContextMenuPrimitive[0m [36mfrom[0m [32m"@radix-ui/react-context-menu"[0m
  [90m  |[0m [31m[1m^^^^^^^^^^^^^^^^^^^^^^^^^^^^^^^^^^^^^^^^^^^^^^^^^^^^^^^^^^^^^^^^^^^^[0m
  [90m3 |[0m [36mimport[0m { [33mCheck[0m, [33mChevronRight[0m, [33mCircle[0m } [36mfrom[0m [32m"lucide-react"[0m
  [90m4 |[0m
  [90m5 |[0m [36mimport[0m { cn } [36mfrom[0m [32m"@/lib/utils"[0m



Import traces:
  Client Component Browser:
    ./components/ui/context-menu.jsx [Client Component Browser]
    ./components/MenuItemCard.jsx [Client Component Browser]
    ./app/(home)/page.js [Client Component Browser]
    ./app/(home)/page.js [Server Component]

  Client Component SSR:
    ./components/ui/context-menu.jsx [Client Component SSR]
    ./components/MenuItemCard.jsx [Client Component SSR]
    ./app/(home)/page.js [Client Component SSR]
    ./app/(home)/page.js [Server Component]

https://nextjs.org/docs/messages/module-not-found


⨯ ./components/ui/context-menu.jsx:2:1
Module not found: Can't resolve '@radix-ui/react-context-menu'
  [90m1 |[0m [36mimport[0m * [36mas[0m [33mReact[0m [36mfrom[0m [32m"react"[0m
[31m[1m>[0m [90m2 |[0m [36mimport[0m * [36mas[0m [33mContextMenuPrimitive[0m [36mfrom[0m [32m"@radix-ui/react-context-menu"[0m
  [90m  |[0m [31m[1m^^^^^^^^^^^^^^^^^^^^^^^^^^^^^^^^^^^^^^^^^^^^^^^^^^^^^^^^^^^^^^^^^^^^[0m
  [90m3 |[0m [36mimport[0m { [33mCheck[0m, [33mChevronRight[0m, [33mCircle[0m } [36mfrom[0m [32m"lucide-react"[0m
  [90m4 |[0m
  [90m5 |[0m [36mimport[0m { cn } [36mfrom[0m [32m"@/lib/utils"[0m



Import traces:
  Client Component Browser:
    ./components/ui/context-menu.jsx [Client Component Browser]
    ./components/MenuItemCard.jsx [Client Component Browser]
    ./app/(home)/page.js [Client Component Browser]
    ./app/(home)/page.js [Server Component]

  Client Component SSR:
    ./components/ui/context-menu.jsx [Client Component SSR]
    ./components/MenuItemCard.jsx [Client Component SSR]
    ./app/(home)/page.js [Client Component SSR]
    ./app/(home)/page.js [Server Component]

https://nextjs.org/docs/messages/module-not-found


⨯ ./components/ui/context-menu.jsx:2:1
Module not found: Can't resolve '@radix-ui/react-context-menu'
  [90m1 |[0m [36mimport[0m * [36mas[0m [33mReact[0m [36mfrom[0m [32m"react"[0m
[31m[1m>[0m [90m2 |[0m [36mimport[0m * [36mas[0m [33mContextMenuPrimitive[0m [36mfrom[0m [32m"@radix-ui/react-context-menu"[0m
  [90m  |[0m [31m[1m^^^^^^^^^^^^^^^^^^^^^^^^^^^^^^^^^^^^^^^^^^^^^^^^^^^^^^^^^^^^^^^^^^^^[0m
  [90m3 |[0m [36mimport[0m { [33mCheck[0m, [33mChevronRight[0m, [33mCircle[0m } [36mfrom[0m [32m"lucide-react"[0m
  [90m4 |[0m
  [90m5 |[0m [36mimport[0m { cn } [36mfrom[0m [32m"@/lib/utils"[0m



Import traces:
  Client Component Browser:
    ./components/ui/context-menu.jsx [Client Component Browser]
    ./components/MenuItemCard.jsx [Client Component Browser]
    ./app/(home)/page.js [Client Component Browser]
    ./app/(home)/page.js [Server Component]

  Client Component SSR:
    ./components/ui/context-menu.jsx [Client Component SSR]
    ./components/MenuItemCard.jsx [Client Component SSR]
    ./app/(home)/page.js [Client Component SSR]
    ./app/(home)/page.js [Server Component]

https://nextjs.org/docs/messages/module-not-found


⨯ ./components/ui/context-menu.jsx:2:1
Module not found: Can't resolve '@radix-ui/react-context-menu'
  [90m1 |[0m [36mimport[0m * [36mas[0m [33mReact[0m [36mfrom[0m [32m"react"[0m
[31m[1m>[0m [90m2 |[0m [36mimport[0m * [36mas[0m [33mContextMenuPrimitive[0m [36mfrom[0m [32m"@radix-ui/react-context-menu"[0m
  [90m  |[0m [31m[1m^^^^^^^^^^^^^^^^^^^^^^^^^^^^^^^^^^^^^^^^^^^^^^^^^^^^^^^^^^^^^^^^^^^^[0m
  [90m3 |[0m [36mimport[0m { [33mCheck[0m, [33mChevronRight[0m, [33mCircle[0m } [36mfrom[0m [32m"lucide-react"[0m
  [90m4 |[0m
  [90m5 |[0m [36mimport[0m { cn } [36mfrom[0m [32m"@/lib/utils"[0m



Import traces:
  Client Component Browser:
    ./components/ui/context-menu.jsx [Client Component Browser]
    ./components/MenuItemCard.jsx [Client Component Browser]
    ./app/(home)/page.js [Client Component Browser]
    ./app/(home)/page.js [Server Component]

  Client Component SSR:
    ./components/ui/context-menu.jsx [Client Component SSR]
    ./components/MenuItemCard.jsx [Client Component SSR]
    ./app/(home)/page.js [Client Component SSR]
    ./app/(home)/page.js [Server Component]

https://nextjs.org/docs/messages/module-not-found


⨯ ./components/ui/context-menu.jsx:2:1
Module not found: Can't resolve '@radix-ui/react-context-menu'
  [90m1 |[0m [36mimport[0m * [36mas[0m [33mReact[0m [36mfrom[0m [32m"react"[0m
[31m[1m>[0m [90m2 |[0m [36mimport[0m * [36mas[0m [33mContextMenuPrimitive[0m [36mfrom[0m [32m"@radix-ui/react-context-menu"[0m
  [90m  |[0m [31m[1m^^^^^^^^^^^^^^^^^^^^^^^^^^^^^^^^^^^^^^^^^^^^^^^^^^^^^^^^^^^^^^^^^^^^[0m
  [90m3 |[0m [36mimport[0m { [33mCheck[0m, [33mChevronRight[0m, [33mCircle[0m } [36mfrom[0m [32m"lucide-react"[0m
  [90m4 |[0m
  [90m5 |[0m [36mimport[0m { cn } [36mfrom[0m [32m"@/lib/utils"[0m



Import traces:
  Client Component Browser:
    ./components/ui/context-menu.jsx [Client Component Browser]
    ./components/MenuItemCard.jsx [Client Component Browser]
    ./app/(home)/page.js [Client Component Browser]
    ./app/(home)/page.js [Server Component]

  Client Component SSR:
    ./components/ui/context-menu.jsx [Client Component SSR]
    ./components/MenuItemCard.jsx [Client Component SSR]
    ./app/(home)/page.js [Client Component SSR]
    ./app/(home)/page.js [Server Component]

https://nextjs.org/docs/messages/module-not-found


⨯ ./components/ui/context-menu.jsx:2:1
Module not found: Can't resolve '@radix-ui/react-context-menu'
  [90m1 |[0m [36mimport[0m * [36mas[0m [33mReact[0m [36mfrom[0m [32m"react"[0m
[31m[1m>[0m [90m2 |[0m [36mimport[0m * [36mas[0m [33mContextMenuPrimitive[0m [36mfrom[0m [32m"@radix-ui/react-context-menu"[0m
  [90m  |[0m [31m[1m^^^^^^^^^^^^^^^^^^^^^^^^^^^^^^^^^^^^^^^^^^^^^^^^^^^^^^^^^^^^^^^^^^^^[0m
  [90m3 |[0m [36mimport[0m { [33mCheck[0m, [33mChevronRight[0m, [33mCircle[0m } [36mfrom[0m [32m"lucide-react"[0m
  [90m4 |[0m
  [90m5 |[0m [36mimport[0m { cn } [36mfrom[0m [32m"@/lib/utils"[0m



Import traces:
  Client Component Browser:
    ./components/ui/context-menu.jsx [Client Component Browser]
    ./components/MenuItemCard.jsx [Client Component Browser]
    ./app/(home)/page.js [Client Component Browser]
    ./app/(home)/page.js [Server Component]

  Client Component SSR:
    ./components/ui/context-menu.jsx [Client Component SSR]
    ./components/MenuItemCard.jsx [Client Component SSR]
    ./app/(home)/page.js [Client Component SSR]
    ./app/(home)/page.js [Server Component]

https://nextjs.org/docs/messages/module-not-found


⨯ ./components/ui/context-menu.jsx:2:1
Module not found: Can't resolve '@radix-ui/react-context-menu'
  [90m1 |[0m [36mimport[0m * [36mas[0m [33mReact[0m [36mfrom[0m [32m"react"[0m
[31m[1m>[0m [90m2 |[0m [36mimport[0m * [36mas[0m [33mContextMenuPrimitive[0m [36mfrom[0m [32m"@radix-ui/react-context-menu"[0m
  [90m  |[0m [31m[1m^^^^^^^^^^^^^^^^^^^^^^^^^^^^^^^^^^^^^^^^^^^^^^^^^^^^^^^^^^^^^^^^^^^^[0m
  [90m3 |[0m [36mimport[0m { [33mCheck[0m, [33mChevronRight[0m, [33mCircle[0m } [36mfrom[0m [32m"lucide-react"[0m
  [90m4 |[0m
  [90m5 |[0m [36mimport[0m { cn } [36mfrom[0m [32m"@/lib/utils"[0m



Import traces:
  Client Component Browser:
    ./components/ui/context-menu.jsx [Client Component Browser]
    ./components/MenuItemCard.jsx [Client Component Browser]
    ./app/(home)/page.js [Client Component Browser]
    ./app/(home)/page.js [Server Component]

  Client Component SSR:
    ./components/ui/context-menu.jsx [Client Component SSR]
    ./components/MenuItemCard.jsx [Client Component SSR]
    ./app/(home)/page.js [Client Component SSR]
    ./app/(home)/page.js [Server Component]

https://nextjs.org/docs/messages/module-not-found


⨯ ./components/ui/context-menu.jsx:2:1
Module not found: Can't resolve '@radix-ui/react-context-menu'
  [90m1 |[0m [36mimport[0m * [36mas[0m [33mReact[0m [36mfrom[0m [32m"react"[0m
[31m[1m>[0m [90m2 |[0m [36mimport[0m * [36mas[0m [33mContextMenuPrimitive[0m [36mfrom[0m [32m"@radix-ui/react-context-menu"[0m
  [90m  |[0m [31m[1m^^^^^^^^^^^^^^^^^^^^^^^^^^^^^^^^^^^^^^^^^^^^^^^^^^^^^^^^^^^^^^^^^^^^[0m
  [90m3 |[0m [36mimport[0m { [33mCheck[0m, [33mChevronRight[0m, [33mCircle[0m } [36mfrom[0m [32m"lucide-react"[0m
  [90m4 |[0m
  [90m5 |[0m [36mimport[0m { cn } [36mfrom[0m [32m"@/lib/utils"[0m



Import traces:
  Client Component Browser:
    ./components/ui/context-menu.jsx [Client Component Browser]
    ./components/MenuItemCard.jsx [Client Component Browser]
    ./app/(home)/page.js [Client Component Browser]
    ./app/(home)/page.js [Server Component]

  Client Component SSR:
    ./components/ui/context-menu.jsx [Client Component SSR]
    ./components/MenuItemCard.jsx [Client Component SSR]
    ./app/(home)/page.js [Client Component SSR]
    ./app/(home)/page.js [Server Component]

https://nextjs.org/docs/messages/module-not-found


⨯ ./components/ui/context-menu.jsx:2:1
Module not found: Can't resolve '@radix-ui/react-context-menu'
  [90m1 |[0m [36mimport[0m * [36mas[0m [33mReact[0m [36mfrom[0m [32m"react"[0m
[31m[1m>[0m [90m2 |[0m [36mimport[0m * [36mas[0m [33mContextMenuPrimitive[0m [36mfrom[0m [32m"@radix-ui/react-context-menu"[0m
  [90m  |[0m [31m[1m^^^^^^^^^^^^^^^^^^^^^^^^^^^^^^^^^^^^^^^^^^^^^^^^^^^^^^^^^^^^^^^^^^^^[0m
  [90m3 |[0m [36mimport[0m { [33mCheck[0m, [33mChevronRight[0m, [33mCircle[0m } [36mfrom[0m [32m"lucide-react"[0m
  [90m4 |[0m
  [90m5 |[0m [36mimport[0m { cn } [36mfrom[0m [32m"@/lib/utils"[0m



Import traces:
  Client Component Browser:
    ./components/ui/context-menu.jsx [Client Component Browser]
    ./components/MenuItemCard.jsx [Client Component Browser]
    ./app/(home)/page.js [Client Component Browser]
    ./app/(home)/page.js [Server Component]

  Client Component SSR:
    ./components/ui/context-menu.jsx [Client Component SSR]
    ./components/MenuItemCard.jsx [Client Component SSR]
    ./app/(home)/page.js [Client Component SSR]
    ./app/(home)/page.js [Server Component]

https://nextjs.org/docs/messages/module-not-found


⨯ ./components/ui/context-menu.jsx:2:1
Module not found: Can't resolve '@radix-ui/react-context-menu'
  [90m1 |[0m [36mimport[0m * [36mas[0m [33mReact[0m [36mfrom[0m [32m"react"[0m
[31m[1m>[0m [90m2 |[0m [36mimport[0m * [36mas[0m [33mContextMenuPrimitive[0m [36mfrom[0m [32m"@radix-ui/react-context-menu"[0m
  [90m  |[0m [31m[1m^^^^^^^^^^^^^^^^^^^^^^^^^^^^^^^^^^^^^^^^^^^^^^^^^^^^^^^^^^^^^^^^^^^^[0m
  [90m3 |[0m [36mimport[0m { [33mCheck[0m, [33mChevronRight[0m, [33mCircle[0m } [36mfrom[0m [32m"lucide-react"[0m
  [90m4 |[0m
  [90m5 |[0m [36mimport[0m { cn } [36mfrom[0m [32m"@/lib/utils"[0m



Import traces:
  Client Component Browser:
    ./components/ui/context-menu.jsx [Client Component Browser]
    ./components/MenuItemCard.jsx [Client Component Browser]
    ./app/(home)/page.js [Client Component Browser]
    ./app/(home)/page.js [Server Component]

  Client Component SSR:
    ./components/ui/context-menu.jsx [Client Component SSR]
    ./components/MenuItemCard.jsx [Client Component SSR]
    ./app/(home)/page.js [Client Component SSR]
    ./app/(home)/page.js [Server Component]

https://nextjs.org/docs/messages/module-not-found


⨯ ./components/ui/context-menu.jsx:2:1
Module not found: Can't resolve '@radix-ui/react-context-menu'
  [90m1 |[0m [36mimport[0m * [36mas[0m [33mReact[0m [36mfrom[0m [32m"react"[0m
[31m[1m>[0m [90m2 |[0m [36mimport[0m * [36mas[0m [33mContextMenuPrimitive[0m [36mfrom[0m [32m"@radix-ui/react-context-menu"[0m
  [90m  |[0m [31m[1m^^^^^^^^^^^^^^^^^^^^^^^^^^^^^^^^^^^^^^^^^^^^^^^^^^^^^^^^^^^^^^^^^^^^[0m
  [90m3 |[0m [36mimport[0m { [33mCheck[0m, [33mChevronRight[0m, [33mCircle[0m } [36mfrom[0m [32m"lucide-react"[0m
  [90m4 |[0m
  [90m5 |[0m [36mimport[0m { cn } [36mfrom[0m [32m"@/lib/utils"[0m



Import traces:
  Client Component Browser:
    ./components/ui/context-menu.jsx [Client Component Browser]
    ./components/MenuItemCard.jsx [Client Component Browser]
    ./app/(home)/page.js [Client Component Browser]
    ./app/(home)/page.js [Server Component]

  Client Component SSR:
    ./components/ui/context-menu.jsx [Client Component SSR]
    ./components/MenuItemCard.jsx [Client Component SSR]
    ./app/(home)/page.js [Client Component SSR]
    ./app/(home)/page.js [Server Component]

https://nextjs.org/docs/messages/module-not-found


⨯ ./components/ui/context-menu.jsx:2:1
Module not found: Can't resolve '@radix-ui/react-context-menu'
  [90m1 |[0m [36mimport[0m * [36mas[0m [33mReact[0m [36mfrom[0m [32m"react"[0m
[31m[1m>[0m [90m2 |[0m [36mimport[0m * [36mas[0m [33mContextMenuPrimitive[0m [36mfrom[0m [32m"@radix-ui/react-context-menu"[0m
  [90m  |[0m [31m[1m^^^^^^^^^^^^^^^^^^^^^^^^^^^^^^^^^^^^^^^^^^^^^^^^^^^^^^^^^^^^^^^^^^^^[0m
  [90m3 |[0m [36mimport[0m { [33mCheck[0m, [33mChevronRight[0m, [33mCircle[0m } [36mfrom[0m [32m"lucide-react"[0m
  [90m4 |[0m
  [90m5 |[0m [36mimport[0m { cn } [36mfrom[0m [32m"@/lib/utils"[0m



Import traces:
  Client Component Browser:
    ./components/ui/context-menu.jsx [Client Component Browser]
    ./components/MenuItemCard.jsx [Client Component Browser]
    ./app/(home)/page.js [Client Component Browser]
    ./app/(home)/page.js [Server Component]

  Client Component SSR:
    ./components/ui/context-menu.jsx [Client Component SSR]
    ./components/MenuItemCard.jsx [Client Component SSR]
    ./app/(home)/page.js [Client Component SSR]
    ./app/(home)/page.js [Server Component]

https://nextjs.org/docs/messages/module-not-found


⨯ ./components/ui/context-menu.jsx:2:1
Module not found: Can't resolve '@radix-ui/react-context-menu'
  [90m1 |[0m [36mimport[0m * [36mas[0m [33mReact[0m [36mfrom[0m [32m"react"[0m
[31m[1m>[0m [90m2 |[0m [36mimport[0m * [36mas[0m [33mContextMenuPrimitive[0m [36mfrom[0m [32m"@radix-ui/react-context-menu"[0m
  [90m  |[0m [31m[1m^^^^^^^^^^^^^^^^^^^^^^^^^^^^^^^^^^^^^^^^^^^^^^^^^^^^^^^^^^^^^^^^^^^^[0m
  [90m3 |[0m [36mimport[0m { [33mCheck[0m, [33mChevronRight[0m, [33mCircle[0m } [36mfrom[0m [32m"lucide-react"[0m
  [90m4 |[0m
  [90m5 |[0m [36mimport[0m { cn } [36mfrom[0m [32m"@/lib/utils"[0m



Import traces:
  Client Component Browser:
    ./components/ui/context-menu.jsx [Client Component Browser]
    ./components/MenuItemCard.jsx [Client Component Browser]
    ./app/(home)/page.js [Client Component Browser]
    ./app/(home)/page.js [Server Component]

  Client Component SSR:
    ./components/ui/context-menu.jsx [Client Component SSR]
    ./components/MenuItemCard.jsx [Client Component SSR]
    ./app/(home)/page.js [Client Component SSR]
    ./app/(home)/page.js [Server Component]

https://nextjs.org/docs/messages/module-not-found


⨯ ./components/ui/context-menu.jsx:2:1
Module not found: Can't resolve '@radix-ui/react-context-menu'
  [90m1 |[0m [36mimport[0m * [36mas[0m [33mReact[0m [36mfrom[0m [32m"react"[0m
[31m[1m>[0m [90m2 |[0m [36mimport[0m * [36mas[0m [33mContextMenuPrimitive[0m [36mfrom[0m [32m"@radix-ui/react-context-menu"[0m
  [90m  |[0m [31m[1m^^^^^^^^^^^^^^^^^^^^^^^^^^^^^^^^^^^^^^^^^^^^^^^^^^^^^^^^^^^^^^^^^^^^[0m
  [90m3 |[0m [36mimport[0m { [33mCheck[0m, [33mChevronRight[0m, [33mCircle[0m } [36mfrom[0m [32m"lucide-react"[0m
  [90m4 |[0m
  [90m5 |[0m [36mimport[0m { cn } [36mfrom[0m [32m"@/lib/utils"[0m



Import traces:
  Client Component Browser:
    ./components/ui/context-menu.jsx [Client Component Browser]
    ./components/MenuItemCard.jsx [Client Component Browser]
    ./app/(home)/page.js [Client Component Browser]
    ./app/(home)/page.js [Server Component]

  Client Component SSR:
    ./components/ui/context-menu.jsx [Client Component SSR]
    ./components/MenuItemCard.jsx [Client Component SSR]
    ./app/(home)/page.js [Client Component SSR]
    ./app/(home)/page.js [Server Component]

https://nextjs.org/docs/messages/module-not-found


⨯ ./components/ui/context-menu.jsx:2:1
Module not found: Can't resolve '@radix-ui/react-context-menu'
  [90m1 |[0m [36mimport[0m * [36mas[0m [33mReact[0m [36mfrom[0m [32m"react"[0m
[31m[1m>[0m [90m2 |[0m [36mimport[0m * [36mas[0m [33mContextMenuPrimitive[0m [36mfrom[0m [32m"@radix-ui/react-context-menu"[0m
  [90m  |[0m [31m[1m^^^^^^^^^^^^^^^^^^^^^^^^^^^^^^^^^^^^^^^^^^^^^^^^^^^^^^^^^^^^^^^^^^^^[0m
  [90m3 |[0m [36mimport[0m { [33mCheck[0m, [33mChevronRight[0m, [33mCircle[0m } [36mfrom[0m [32m"lucide-react"[0m
  [90m4 |[0m
  [90m5 |[0m [36mimport[0m { cn } [36mfrom[0m [32m"@/lib/utils"[0m



Import traces:
  Client Component Browser:
    ./components/ui/context-menu.jsx [Client Component Browser]
    ./components/MenuItemCard.jsx [Client Component Browser]
    ./app/(home)/page.js [Client Component Browser]
    ./app/(home)/page.js [Server Component]

  Client Component SSR:
    ./components/ui/context-menu.jsx [Client Component SSR]
    ./components/MenuItemCard.jsx [Client Component SSR]
    ./app/(home)/page.js [Client Component SSR]
    ./app/(home)/page.js [Server Component]

https://nextjs.org/docs/messages/module-not-found


⨯ ./components/ui/context-menu.jsx:2:1
Module not found: Can't resolve '@radix-ui/react-context-menu'
  [90m1 |[0m [36mimport[0m * [36mas[0m [33mReact[0m [36mfrom[0m [32m"react"[0m
[31m[1m>[0m [90m2 |[0m [36mimport[0m * [36mas[0m [33mContextMenuPrimitive[0m [36mfrom[0m [32m"@radix-ui/react-context-menu"[0m
  [90m  |[0m [31m[1m^^^^^^^^^^^^^^^^^^^^^^^^^^^^^^^^^^^^^^^^^^^^^^^^^^^^^^^^^^^^^^^^^^^^[0m
  [90m3 |[0m [36mimport[0m { [33mCheck[0m, [33mChevronRight[0m, [33mCircle[0m } [36mfrom[0m [32m"lucide-react"[0m
  [90m4 |[0m
  [90m5 |[0m [36mimport[0m { cn } [36mfrom[0m [32m"@/lib/utils"[0m



Import traces:
  Client Component Browser:
    ./components/ui/context-menu.jsx [Client Component Browser]
    ./components/MenuItemCard.jsx [Client Component Browser]
    ./app/(home)/page.js [Client Component Browser]
    ./app/(home)/page.js [Server Component]

  Client Component SSR:
    ./components/ui/context-menu.jsx [Client Component SSR]
    ./components/MenuItemCard.jsx [Client Component SSR]
    ./app/(home)/page.js [Client Component SSR]
    ./app/(home)/page.js [Server Component]

https://nextjs.org/docs/messages/module-not-found


⨯ ./components/ui/context-menu.jsx:2:1
Module not found: Can't resolve '@radix-ui/react-context-menu'
  [90m1 |[0m [36mimport[0m * [36mas[0m [33mReact[0m [36mfrom[0m [32m"react"[0m
[31m[1m>[0m [90m2 |[0m [36mimport[0m * [36mas[0m [33mContextMenuPrimitive[0m [36mfrom[0m [32m"@radix-ui/react-context-menu"[0m
  [90m  |[0m [31m[1m^^^^^^^^^^^^^^^^^^^^^^^^^^^^^^^^^^^^^^^^^^^^^^^^^^^^^^^^^^^^^^^^^^^^[0m
  [90m3 |[0m [36mimport[0m { [33mCheck[0m, [33mChevronRight[0m, [33mCircle[0m } [36mfrom[0m [32m"lucide-react"[0m
  [90m4 |[0m
  [90m5 |[0m [36mimport[0m { cn } [36mfrom[0m [32m"@/lib/utils"[0m



Import traces:
  Client Component Browser:
    ./components/ui/context-menu.jsx [Client Component Browser]
    ./components/MenuItemCard.jsx [Client Component Browser]
    ./app/(home)/page.js [Client Component Browser]
    ./app/(home)/page.js [Server Component]

  Client Component SSR:
    ./components/ui/context-menu.jsx [Client Component SSR]
    ./components/MenuItemCard.jsx [Client Component SSR]
    ./app/(home)/page.js [Client Component SSR]
    ./app/(home)/page.js [Server Component]

https://nextjs.org/docs/messages/module-not-found


⨯ ./components/ui/context-menu.jsx:2:1
Module not found: Can't resolve '@radix-ui/react-context-menu'
  [90m1 |[0m [36mimport[0m * [36mas[0m [33mReact[0m [36mfrom[0m [32m"react"[0m
[31m[1m>[0m [90m2 |[0m [36mimport[0m * [36mas[0m [33mContextMenuPrimitive[0m [36mfrom[0m [32m"@radix-ui/react-context-menu"[0m
  [90m  |[0m [31m[1m^^^^^^^^^^^^^^^^^^^^^^^^^^^^^^^^^^^^^^^^^^^^^^^^^^^^^^^^^^^^^^^^^^^^[0m
  [90m3 |[0m [36mimport[0m { [33mCheck[0m, [33mChevronRight[0m, [33mCircle[0m } [36mfrom[0m [32m"lucide-react"[0m
  [90m4 |[0m
  [90m5 |[0m [36mimport[0m { cn } [36mfrom[0m [32m"@/lib/utils"[0m



Import traces:
  Client Component Browser:
    ./components/ui/context-menu.jsx [Client Component Browser]
    ./components/MenuItemCard.jsx [Client Component Browser]
    ./app/(home)/page.js [Client Component Browser]
    ./app/(home)/page.js [Server Component]

  Client Component SSR:
    ./components/ui/context-menu.jsx [Client Component SSR]
    ./components/MenuItemCard.jsx [Client Component SSR]
    ./app/(home)/page.js [Client Component SSR]
    ./app/(home)/page.js [Server Component]

https://nextjs.org/docs/messages/module-not-found


⨯ ./components/ui/context-menu.jsx:2:1
Module not found: Can't resolve '@radix-ui/react-context-menu'
  [90m1 |[0m [36mimport[0m * [36mas[0m [33mReact[0m [36mfrom[0m [32m"react"[0m
[31m[1m>[0m [90m2 |[0m [36mimport[0m * [36mas[0m [33mContextMenuPrimitive[0m [36mfrom[0m [32m"@radix-ui/react-context-menu"[0m
  [90m  |[0m [31m[1m^^^^^^^^^^^^^^^^^^^^^^^^^^^^^^^^^^^^^^^^^^^^^^^^^^^^^^^^^^^^^^^^^^^^[0m
  [90m3 |[0m [36mimport[0m { [33mCheck[0m, [33mChevronRight[0m, [33mCircle[0m } [36mfrom[0m [32m"lucide-react"[0m
  [90m4 |[0m
  [90m5 |[0m [36mimport[0m { cn } [36mfrom[0m [32m"@/lib/utils"[0m



Import traces:
  Client Component Browser:
    ./components/ui/context-menu.jsx [Client Component Browser]
    ./components/MenuItemCard.jsx [Client Component Browser]
    ./app/(home)/page.js [Client Component Browser]
    ./app/(home)/page.js [Server Component]

  Client Component SSR:
    ./components/ui/context-menu.jsx [Client Component SSR]
    ./components/MenuItemCard.jsx [Client Component SSR]
    ./app/(home)/page.js [Client Component SSR]
    ./app/(home)/page.js [Server Component]

https://nextjs.org/docs/messages/module-not-found


⨯ ./components/ui/context-menu.jsx:2:1
Module not found: Can't resolve '@radix-ui/react-context-menu'
  [90m1 |[0m [36mimport[0m * [36mas[0m [33mReact[0m [36mfrom[0m [32m"react"[0m
[31m[1m>[0m [90m2 |[0m [36mimport[0m * [36mas[0m [33mContextMenuPrimitive[0m [36mfrom[0m [32m"@radix-ui/react-context-menu"[0m
  [90m  |[0m [31m[1m^^^^^^^^^^^^^^^^^^^^^^^^^^^^^^^^^^^^^^^^^^^^^^^^^^^^^^^^^^^^^^^^^^^^[0m
  [90m3 |[0m [36mimport[0m { [33mCheck[0m, [33mChevronRight[0m, [33mCircle[0m } [36mfrom[0m [32m"lucide-react"[0m
  [90m4 |[0m
  [90m5 |[0m [36mimport[0m { cn } [36mfrom[0m [32m"@/lib/utils"[0m



Import traces:
  Client Component Browser:
    ./components/ui/context-menu.jsx [Client Component Browser]
    ./components/MenuItemCard.jsx [Client Component Browser]
    ./app/(home)/page.js [Client Component Browser]
    ./app/(home)/page.js [Server Component]

  Client Component SSR:
    ./components/ui/context-menu.jsx [Client Component SSR]
    ./components/MenuItemCard.jsx [Client Component SSR]
    ./app/(home)/page.js [Client Component SSR]
    ./app/(home)/page.js [Server Component]

https://nextjs.org/docs/messages/module-not-found


⨯ ./components/ui/context-menu.jsx:2:1
Module not found: Can't resolve '@radix-ui/react-context-menu'
  [90m1 |[0m [36mimport[0m * [36mas[0m [33mReact[0m [36mfrom[0m [32m"react"[0m
[31m[1m>[0m [90m2 |[0m [36mimport[0m * [36mas[0m [33mContextMenuPrimitive[0m [36mfrom[0m [32m"@radix-ui/react-context-menu"[0m
  [90m  |[0m [31m[1m^^^^^^^^^^^^^^^^^^^^^^^^^^^^^^^^^^^^^^^^^^^^^^^^^^^^^^^^^^^^^^^^^^^^[0m
  [90m3 |[0m [36mimport[0m { [33mCheck[0m, [33mChevronRight[0m, [33mCircle[0m } [36mfrom[0m [32m"lucide-react"[0m
  [90m4 |[0m
  [90m5 |[0m [36mimport[0m { cn } [36mfrom[0m [32m"@/lib/utils"[0m



Import traces:
  Client Component Browser:
    ./components/ui/context-menu.jsx [Client Component Browser]
    ./components/MenuItemCard.jsx [Client Component Browser]
    ./app/(home)/page.js [Client Component Browser]
    ./app/(home)/page.js [Server Component]

  Client Component SSR:
    ./components/ui/context-menu.jsx [Client Component SSR]
    ./components/MenuItemCard.jsx [Client Component SSR]
    ./app/(home)/page.js [Client Component SSR]
    ./app/(home)/page.js [Server Component]

https://nextjs.org/docs/messages/module-not-found


⨯ ./components/ui/context-menu.jsx:2:1
Module not found: Can't resolve '@radix-ui/react-context-menu'
  [90m1 |[0m [36mimport[0m * [36mas[0m [33mReact[0m [36mfrom[0m [32m"react"[0m
[31m[1m>[0m [90m2 |[0m [36mimport[0m * [36mas[0m [33mContextMenuPrimitive[0m [36mfrom[0m [32m"@radix-ui/react-context-menu"[0m
  [90m  |[0m [31m[1m^^^^^^^^^^^^^^^^^^^^^^^^^^^^^^^^^^^^^^^^^^^^^^^^^^^^^^^^^^^^^^^^^^^^[0m
  [90m3 |[0m [36mimport[0m { [33mCheck[0m, [33mChevronRight[0m, [33mCircle[0m } [36mfrom[0m [32m"lucide-react"[0m
  [90m4 |[0m
  [90m5 |[0m [36mimport[0m { cn } [36mfrom[0m [32m"@/lib/utils"[0m



Import traces:
  Client Component Browser:
    ./components/ui/context-menu.jsx [Client Component Browser]
    ./components/MenuItemCard.jsx [Client Component Browser]
    ./app/(home)/page.js [Client Component Browser]
    ./app/(home)/page.js [Server Component]

  Client Component SSR:
    ./components/ui/context-menu.jsx [Client Component SSR]
    ./components/MenuItemCard.jsx [Client Component SSR]
    ./app/(home)/page.js [Client Component SSR]
    ./app/(home)/page.js [Server Component]

https://nextjs.org/docs/messages/module-not-found


⨯ ./components/ui/context-menu.jsx:2:1
Module not found: Can't resolve '@radix-ui/react-context-menu'
  [90m1 |[0m [36mimport[0m * [36mas[0m [33mReact[0m [36mfrom[0m [32m"react"[0m
[31m[1m>[0m [90m2 |[0m [36mimport[0m * [36mas[0m [33mContextMenuPrimitive[0m [36mfrom[0m [32m"@radix-ui/react-context-menu"[0m
  [90m  |[0m [31m[1m^^^^^^^^^^^^^^^^^^^^^^^^^^^^^^^^^^^^^^^^^^^^^^^^^^^^^^^^^^^^^^^^^^^^[0m
  [90m3 |[0m [36mimport[0m { [33mCheck[0m, [33mChevronRight[0m, [33mCircle[0m } [36mfrom[0m [32m"lucide-react"[0m
  [90m4 |[0m
  [90m5 |[0m [36mimport[0m { cn } [36mfrom[0m [32m"@/lib/utils"[0m



Import traces:
  Client Component Browser:
    ./components/ui/context-menu.jsx [Client Component Browser]
    ./components/MenuItemCard.jsx [Client Component Browser]
    ./app/(home)/page.js [Client Component Browser]
    ./app/(home)/page.js [Server Component]

  Client Component SSR:
    ./components/ui/context-menu.jsx [Client Component SSR]
    ./components/MenuItemCard.jsx [Client Component SSR]
    ./app/(home)/page.js [Client Component SSR]
    ./app/(home)/page.js [Server Component]

https://nextjs.org/docs/messages/module-not-found


⨯ ./components/ui/context-menu.jsx:2:1
Module not found: Can't resolve '@radix-ui/react-context-menu'
  [90m1 |[0m [36mimport[0m * [36mas[0m [33mReact[0m [36mfrom[0m [32m"react"[0m
[31m[1m>[0m [90m2 |[0m [36mimport[0m * [36mas[0m [33mContextMenuPrimitive[0m [36mfrom[0m [32m"@radix-ui/react-context-menu"[0m
  [90m  |[0m [31m[1m^^^^^^^^^^^^^^^^^^^^^^^^^^^^^^^^^^^^^^^^^^^^^^^^^^^^^^^^^^^^^^^^^^^^[0m
  [90m3 |[0m [36mimport[0m { [33mCheck[0m, [33mChevronRight[0m, [33mCircle[0m } [36mfrom[0m [32m"lucide-react"[0m
  [90m4 |[0m
  [90m5 |[0m [36mimport[0m { cn } [36mfrom[0m [32m"@/lib/utils"[0m



Import traces:
  Client Component Browser:
    ./components/ui/context-menu.jsx [Client Component Browser]
    ./components/MenuItemCard.jsx [Client Component Browser]
    ./app/(home)/page.js [Client Component Browser]
    ./app/(home)/page.js [Server Component]

  Client Component SSR:
    ./components/ui/context-menu.jsx [Client Component SSR]
    ./components/MenuItemCard.jsx [Client Component SSR]
    ./app/(home)/page.js [Client Component SSR]
    ./app/(home)/page.js [Server Component]

https://nextjs.org/docs/messages/module-not-found


⨯ ./components/ui/context-menu.jsx:2:1
Module not found: Can't resolve '@radix-ui/react-context-menu'
  [90m1 |[0m [36mimport[0m * [36mas[0m [33mReact[0m [36mfrom[0m [32m"react"[0m
[31m[1m>[0m [90m2 |[0m [36mimport[0m * [36mas[0m [33mContextMenuPrimitive[0m [36mfrom[0m [32m"@radix-ui/react-context-menu"[0m
  [90m  |[0m [31m[1m^^^^^^^^^^^^^^^^^^^^^^^^^^^^^^^^^^^^^^^^^^^^^^^^^^^^^^^^^^^^^^^^^^^^[0m
  [90m3 |[0m [36mimport[0m { [33mCheck[0m, [33mChevronRight[0m, [33mCircle[0m } [36mfrom[0m [32m"lucide-react"[0m
  [90m4 |[0m
  [90m5 |[0m [36mimport[0m { cn } [36mfrom[0m [32m"@/lib/utils"[0m



Import traces:
  Client Component Browser:
    ./components/ui/context-menu.jsx [Client Component Browser]
    ./components/MenuItemCard.jsx [Client Component Browser]
    ./app/(home)/page.js [Client Component Browser]
    ./app/(home)/page.js [Server Component]

  Client Component SSR:
    ./components/ui/context-menu.jsx [Client Component SSR]
    ./components/MenuItemCard.jsx [Client Component SSR]
    ./app/(home)/page.js [Client Component SSR]
    ./app/(home)/page.js [Server Component]

https://nextjs.org/docs/messages/module-not-found


⨯ ./components/ui/context-menu.jsx:2:1
Module not found: Can't resolve '@radix-ui/react-context-menu'
  [90m1 |[0m [36mimport[0m * [36mas[0m [33mReact[0m [36mfrom[0m [32m"react"[0m
[31m[1m>[0m [90m2 |[0m [36mimport[0m * [36mas[0m [33mContextMenuPrimitive[0m [36mfrom[0m [32m"@radix-ui/react-context-menu"[0m
  [90m  |[0m [31m[1m^^^^^^^^^^^^^^^^^^^^^^^^^^^^^^^^^^^^^^^^^^^^^^^^^^^^^^^^^^^^^^^^^^^^[0m
  [90m3 |[0m [36mimport[0m { [33mCheck[0m, [33mChevronRight[0m, [33mCircle[0m } [36mfrom[0m [32m"lucide-react"[0m
  [90m4 |[0m
  [90m5 |[0m [36mimport[0m { cn } [36mfrom[0m [32m"@/lib/utils"[0m



Import traces:
  Client Component Browser:
    ./components/ui/context-menu.jsx [Client Component Browser]
    ./components/MenuItemCard.jsx [Client Component Browser]
    ./app/(home)/page.js [Client Component Browser]
    ./app/(home)/page.js [Server Component]

  Client Component SSR:
    ./components/ui/context-menu.jsx [Client Component SSR]
    ./components/MenuItemCard.jsx [Client Component SSR]
    ./app/(home)/page.js [Client Component SSR]
    ./app/(home)/page.js [Server Component]

https://nextjs.org/docs/messages/module-not-found


⨯ ./components/ui/context-menu.jsx:2:1
Module not found: Can't resolve '@radix-ui/react-context-menu'
  [90m1 |[0m [36mimport[0m * [36mas[0m [33mReact[0m [36mfrom[0m [32m"react"[0m
[31m[1m>[0m [90m2 |[0m [36mimport[0m * [36mas[0m [33mContextMenuPrimitive[0m [36mfrom[0m [32m"@radix-ui/react-context-menu"[0m
  [90m  |[0m [31m[1m^^^^^^^^^^^^^^^^^^^^^^^^^^^^^^^^^^^^^^^^^^^^^^^^^^^^^^^^^^^^^^^^^^^^[0m
  [90m3 |[0m [36mimport[0m { [33mCheck[0m, [33mChevronRight[0m, [33mCircle[0m } [36mfrom[0m [32m"lucide-react"[0m
  [90m4 |[0m
  [90m5 |[0m [36mimport[0m { cn } [36mfrom[0m [32m"@/lib/utils"[0m



Import traces:
  Client Component Browser:
    ./components/ui/context-menu.jsx [Client Component Browser]
    ./components/MenuItemCard.jsx [Client Component Browser]
    ./app/(home)/page.js [Client Component Browser]
    ./app/(home)/page.js [Server Component]

  Client Component SSR:
    ./components/ui/context-menu.jsx [Client Component SSR]
    ./components/MenuItemCard.jsx [Client Component SSR]
    ./app/(home)/page.js [Client Component SSR]
    ./app/(home)/page.js [Server Component]

https://nextjs.org/docs/messages/module-not-found


⨯ ./components/ui/context-menu.jsx:2:1
Module not found: Can't resolve '@radix-ui/react-context-menu'
  [90m1 |[0m [36mimport[0m * [36mas[0m [33mReact[0m [36mfrom[0m [32m"react"[0m
[31m[1m>[0m [90m2 |[0m [36mimport[0m * [36mas[0m [33mContextMenuPrimitive[0m [36mfrom[0m [32m"@radix-ui/react-context-menu"[0m
  [90m  |[0m [31m[1m^^^^^^^^^^^^^^^^^^^^^^^^^^^^^^^^^^^^^^^^^^^^^^^^^^^^^^^^^^^^^^^^^^^^[0m
  [90m3 |[0m [36mimport[0m { [33mCheck[0m, [33mChevronRight[0m, [33mCircle[0m } [36mfrom[0m [32m"lucide-react"[0m
  [90m4 |[0m
  [90m5 |[0m [36mimport[0m { cn } [36mfrom[0m [32m"@/lib/utils"[0m



Import traces:
  Client Component Browser:
    ./components/ui/context-menu.jsx [Client Component Browser]
    ./components/MenuItemCard.jsx [Client Component Browser]
    ./app/(home)/page.js [Client Component Browser]
    ./app/(home)/page.js [Server Component]

  Client Component SSR:
    ./components/ui/context-menu.jsx [Client Component SSR]
    ./components/MenuItemCard.jsx [Client Component SSR]
    ./app/(home)/page.js [Client Component SSR]
    ./app/(home)/page.js [Server Component]

https://nextjs.org/docs/messages/module-not-found


⨯ ./components/ui/context-menu.jsx:2:1
Module not found: Can't resolve '@radix-ui/react-context-menu'
  [90m1 |[0m [36mimport[0m * [36mas[0m [33mReact[0m [36mfrom[0m [32m"react"[0m
[31m[1m>[0m [90m2 |[0m [36mimport[0m * [36mas[0m [33mContextMenuPrimitive[0m [36mfrom[0m [32m"@radix-ui/react-context-menu"[0m
  [90m  |[0m [31m[1m^^^^^^^^^^^^^^^^^^^^^^^^^^^^^^^^^^^^^^^^^^^^^^^^^^^^^^^^^^^^^^^^^^^^[0m
  [90m3 |[0m [36mimport[0m { [33mCheck[0m, [33mChevronRight[0m, [33mCircle[0m } [36mfrom[0m [32m"lucide-react"[0m
  [90m4 |[0m
  [90m5 |[0m [36mimport[0m { cn } [36mfrom[0m [32m"@/lib/utils"[0m



Import traces:
  Client Component Browser:
    ./components/ui/context-menu.jsx [Client Component Browser]
    ./components/MenuItemCard.jsx [Client Component Browser]
    ./app/(home)/page.js [Client Component Browser]
    ./app/(home)/page.js [Server Component]

  Client Component SSR:
    ./components/ui/context-menu.jsx [Client Component SSR]
    ./components/MenuItemCard.jsx [Client Component SSR]
    ./app/(home)/page.js [Client Component SSR]
    ./app/(home)/page.js [Server Component]

https://nextjs.org/docs/messages/module-not-found


⨯ ./components/ui/context-menu.jsx:2:1
Module not found: Can't resolve '@radix-ui/react-context-menu'
  [90m1 |[0m [36mimport[0m * [36mas[0m [33mReact[0m [36mfrom[0m [32m"react"[0m
[31m[1m>[0m [90m2 |[0m [36mimport[0m * [36mas[0m [33mContextMenuPrimitive[0m [36mfrom[0m [32m"@radix-ui/react-context-menu"[0m
  [90m  |[0m [31m[1m^^^^^^^^^^^^^^^^^^^^^^^^^^^^^^^^^^^^^^^^^^^^^^^^^^^^^^^^^^^^^^^^^^^^[0m
  [90m3 |[0m [36mimport[0m { [33mCheck[0m, [33mChevronRight[0m, [33mCircle[0m } [36mfrom[0m [32m"lucide-react"[0m
  [90m4 |[0m
  [90m5 |[0m [36mimport[0m { cn } [36mfrom[0m [32m"@/lib/utils"[0m



Import traces:
  Client Component Browser:
    ./components/ui/context-menu.jsx [Client Component Browser]
    ./components/MenuItemCard.jsx [Client Component Browser]
    ./app/(home)/page.js [Client Component Browser]
    ./app/(home)/page.js [Server Component]

  Client Component SSR:
    ./components/ui/context-menu.jsx [Client Component SSR]
    ./components/MenuItemCard.jsx [Client Component SSR]
    ./app/(home)/page.js [Client Component SSR]
    ./app/(home)/page.js [Server Component]

https://nextjs.org/docs/messages/module-not-found


⨯ ./components/ui/context-menu.jsx:2:1
Module not found: Can't resolve '@radix-ui/react-context-menu'
  [90m1 |[0m [36mimport[0m * [36mas[0m [33mReact[0m [36mfrom[0m [32m"react"[0m
[31m[1m>[0m [90m2 |[0m [36mimport[0m * [36mas[0m [33mContextMenuPrimitive[0m [36mfrom[0m [32m"@radix-ui/react-context-menu"[0m
  [90m  |[0m [31m[1m^^^^^^^^^^^^^^^^^^^^^^^^^^^^^^^^^^^^^^^^^^^^^^^^^^^^^^^^^^^^^^^^^^^^[0m
  [90m3 |[0m [36mimport[0m { [33mCheck[0m, [33mChevronRight[0m, [33mCircle[0m } [36mfrom[0m [32m"lucide-react"[0m
  [90m4 |[0m
  [90m5 |[0m [36mimport[0m { cn } [36mfrom[0m [32m"@/lib/utils"[0m



Import traces:
  Client Component Browser:
    ./components/ui/context-menu.jsx [Client Component Browser]
    ./components/MenuItemCard.jsx [Client Component Browser]
    ./app/(home)/page.js [Client Component Browser]
    ./app/(home)/page.js [Server Component]

  Client Component SSR:
    ./components/ui/context-menu.jsx [Client Component SSR]
    ./components/MenuItemCard.jsx [Client Component SSR]
    ./app/(home)/page.js [Client Component SSR]
    ./app/(home)/page.js [Server Component]

https://nextjs.org/docs/messages/module-not-found


⨯ ./components/ui/context-menu.jsx:2:1
Module not found: Can't resolve '@radix-ui/react-context-menu'
  [90m1 |[0m [36mimport[0m * [36mas[0m [33mReact[0m [36mfrom[0m [32m"react"[0m
[31m[1m>[0m [90m2 |[0m [36mimport[0m * [36mas[0m [33mContextMenuPrimitive[0m [36mfrom[0m [32m"@radix-ui/react-context-menu"[0m
  [90m  |[0m [31m[1m^^^^^^^^^^^^^^^^^^^^^^^^^^^^^^^^^^^^^^^^^^^^^^^^^^^^^^^^^^^^^^^^^^^^[0m
  [90m3 |[0m [36mimport[0m { [33mCheck[0m, [33mChevronRight[0m, [33mCircle[0m } [36mfrom[0m [32m"lucide-react"[0m
  [90m4 |[0m
  [90m5 |[0m [36mimport[0m { cn } [36mfrom[0m [32m"@/lib/utils"[0m



Import traces:
  Client Component Browser:
    ./components/ui/context-menu.jsx [Client Component Browser]
    ./components/MenuItemCard.jsx [Client Component Browser]
    ./app/(home)/page.js [Client Component Browser]
    ./app/(home)/page.js [Server Component]

  Client Component SSR:
    ./components/ui/context-menu.jsx [Client Component SSR]
    ./components/MenuItemCard.jsx [Client Component SSR]
    ./app/(home)/page.js [Client Component SSR]
    ./app/(home)/page.js [Server Component]

https://nextjs.org/docs/messages/module-not-found


⨯ ./components/ui/context-menu.jsx:2:1
Module not found: Can't resolve '@radix-ui/react-context-menu'
  [90m1 |[0m [36mimport[0m * [36mas[0m [33mReact[0m [36mfrom[0m [32m"react"[0m
[31m[1m>[0m [90m2 |[0m [36mimport[0m * [36mas[0m [33mContextMenuPrimitive[0m [36mfrom[0m [32m"@radix-ui/react-context-menu"[0m
  [90m  |[0m [31m[1m^^^^^^^^^^^^^^^^^^^^^^^^^^^^^^^^^^^^^^^^^^^^^^^^^^^^^^^^^^^^^^^^^^^^[0m
  [90m3 |[0m [36mimport[0m { [33mCheck[0m, [33mChevronRight[0m, [33mCircle[0m } [36mfrom[0m [32m"lucide-react"[0m
  [90m4 |[0m
  [90m5 |[0m [36mimport[0m { cn } [36mfrom[0m [32m"@/lib/utils"[0m



Import traces:
  Client Component Browser:
    ./components/ui/context-menu.jsx [Client Component Browser]
    ./components/MenuItemCard.jsx [Client Component Browser]
    ./app/(home)/page.js [Client Component Browser]
    ./app/(home)/page.js [Server Component]

  Client Component SSR:
    ./components/ui/context-menu.jsx [Client Component SSR]
    ./components/MenuItemCard.jsx [Client Component SSR]
    ./app/(home)/page.js [Client Component SSR]
    ./app/(home)/page.js [Server Component]

https://nextjs.org/docs/messages/module-not-found


⨯ ./components/ui/context-menu.jsx:2:1
Module not found: Can't resolve '@radix-ui/react-context-menu'
  [90m1 |[0m [36mimport[0m * [36mas[0m [33mReact[0m [36mfrom[0m [32m"react"[0m
[31m[1m>[0m [90m2 |[0m [36mimport[0m * [36mas[0m [33mContextMenuPrimitive[0m [36mfrom[0m [32m"@radix-ui/react-context-menu"[0m
  [90m  |[0m [31m[1m^^^^^^^^^^^^^^^^^^^^^^^^^^^^^^^^^^^^^^^^^^^^^^^^^^^^^^^^^^^^^^^^^^^^[0m
  [90m3 |[0m [36mimport[0m { [33mCheck[0m, [33mChevronRight[0m, [33mCircle[0m } [36mfrom[0m [32m"lucide-react"[0m
  [90m4 |[0m
  [90m5 |[0m [36mimport[0m { cn } [36mfrom[0m [32m"@/lib/utils"[0m



Import traces:
  Client Component Browser:
    ./components/ui/context-menu.jsx [Client Component Browser]
    ./components/MenuItemCard.jsx [Client Component Browser]
    ./app/(home)/page.js [Client Component Browser]
    ./app/(home)/page.js [Server Component]

  Client Component SSR:
    ./components/ui/context-menu.jsx [Client Component SSR]
    ./components/MenuItemCard.jsx [Client Component SSR]
    ./app/(home)/page.js [Client Component SSR]
    ./app/(home)/page.js [Server Component]

https://nextjs.org/docs/messages/module-not-found


⨯ ./components/ui/context-menu.jsx:2:1
Module not found: Can't resolve '@radix-ui/react-context-menu'
  [90m1 |[0m [36mimport[0m * [36mas[0m [33mReact[0m [36mfrom[0m [32m"react"[0m
[31m[1m>[0m [90m2 |[0m [36mimport[0m * [36mas[0m [33mContextMenuPrimitive[0m [36mfrom[0m [32m"@radix-ui/react-context-menu"[0m
  [90m  |[0m [31m[1m^^^^^^^^^^^^^^^^^^^^^^^^^^^^^^^^^^^^^^^^^^^^^^^^^^^^^^^^^^^^^^^^^^^^[0m
  [90m3 |[0m [36mimport[0m { [33mCheck[0m, [33mChevronRight[0m, [33mCircle[0m } [36mfrom[0m [32m"lucide-react"[0m
  [90m4 |[0m
  [90m5 |[0m [36mimport[0m { cn } [36mfrom[0m [32m"@/lib/utils"[0m



Import traces:
  Client Component Browser:
    ./components/ui/context-menu.jsx [Client Component Browser]
    ./components/MenuItemCard.jsx [Client Component Browser]
    ./app/(home)/page.js [Client Component Browser]
    ./app/(home)/page.js [Server Component]

  Client Component SSR:
    ./components/ui/context-menu.jsx [Client Component SSR]
    ./components/MenuItemCard.jsx [Client Component SSR]
    ./app/(home)/page.js [Client Component SSR]
    ./app/(home)/page.js [Server Component]

https://nextjs.org/docs/messages/module-not-found


⨯ ./components/ui/context-menu.jsx:2:1
Module not found: Can't resolve '@radix-ui/react-context-menu'
  [90m1 |[0m [36mimport[0m * [36mas[0m [33mReact[0m [36mfrom[0m [32m"react"[0m
[31m[1m>[0m [90m2 |[0m [36mimport[0m * [36mas[0m [33mContextMenuPrimitive[0m [36mfrom[0m [32m"@radix-ui/react-context-menu"[0m
  [90m  |[0m [31m[1m^^^^^^^^^^^^^^^^^^^^^^^^^^^^^^^^^^^^^^^^^^^^^^^^^^^^^^^^^^^^^^^^^^^^[0m
  [90m3 |[0m [36mimport[0m { [33mCheck[0m, [33mChevronRight[0m, [33mCircle[0m } [36mfrom[0m [32m"lucide-react"[0m
  [90m4 |[0m
  [90m5 |[0m [36mimport[0m { cn } [36mfrom[0m [32m"@/lib/utils"[0m



Import traces:
  Client Component Browser:
    ./components/ui/context-menu.jsx [Client Component Browser]
    ./components/MenuItemCard.jsx [Client Component Browser]
    ./app/(home)/page.js [Client Component Browser]
    ./app/(home)/page.js [Server Component]

  Client Component SSR:
    ./components/ui/context-menu.jsx [Client Component SSR]
    ./components/MenuItemCard.jsx [Client Component SSR]
    ./app/(home)/page.js [Client Component SSR]
    ./app/(home)/page.js [Server Component]

https://nextjs.org/docs/messages/module-not-found


⨯ ./components/ui/context-menu.jsx:2:1
Module not found: Can't resolve '@radix-ui/react-context-menu'
  [90m1 |[0m [36mimport[0m * [36mas[0m [33mReact[0m [36mfrom[0m [32m"react"[0m
[31m[1m>[0m [90m2 |[0m [36mimport[0m * [36mas[0m [33mContextMenuPrimitive[0m [36mfrom[0m [32m"@radix-ui/react-context-menu"[0m
  [90m  |[0m [31m[1m^^^^^^^^^^^^^^^^^^^^^^^^^^^^^^^^^^^^^^^^^^^^^^^^^^^^^^^^^^^^^^^^^^^^[0m
  [90m3 |[0m [36mimport[0m { [33mCheck[0m, [33mChevronRight[0m, [33mCircle[0m } [36mfrom[0m [32m"lucide-react"[0m
  [90m4 |[0m
  [90m5 |[0m [36mimport[0m { cn } [36mfrom[0m [32m"@/lib/utils"[0m



Import traces:
  Client Component Browser:
    ./components/ui/context-menu.jsx [Client Component Browser]
    ./components/MenuItemCard.jsx [Client Component Browser]
    ./app/(home)/page.js [Client Component Browser]
    ./app/(home)/page.js [Server Component]

  Client Component SSR:
    ./components/ui/context-menu.jsx [Client Component SSR]
    ./components/MenuItemCard.jsx [Client Component SSR]
    ./app/(home)/page.js [Client Component SSR]
    ./app/(home)/page.js [Server Component]

https://nextjs.org/docs/messages/module-not-found


⨯ ./components/ui/context-menu.jsx:2:1
Module not found: Can't resolve '@radix-ui/react-context-menu'
  [90m1 |[0m [36mimport[0m * [36mas[0m [33mReact[0m [36mfrom[0m [32m"react"[0m
[31m[1m>[0m [90m2 |[0m [36mimport[0m * [36mas[0m [33mContextMenuPrimitive[0m [36mfrom[0m [32m"@radix-ui/react-context-menu"[0m
  [90m  |[0m [31m[1m^^^^^^^^^^^^^^^^^^^^^^^^^^^^^^^^^^^^^^^^^^^^^^^^^^^^^^^^^^^^^^^^^^^^[0m
  [90m3 |[0m [36mimport[0m { [33mCheck[0m, [33mChevronRight[0m, [33mCircle[0m } [36mfrom[0m [32m"lucide-react"[0m
  [90m4 |[0m
  [90m5 |[0m [36mimport[0m { cn } [36mfrom[0m [32m"@/lib/utils"[0m



Import traces:
  Client Component Browser:
    ./components/ui/context-menu.jsx [Client Component Browser]
    ./components/MenuItemCard.jsx [Client Component Browser]
    ./app/(home)/page.js [Client Component Browser]
    ./app/(home)/page.js [Server Component]

  Client Component SSR:
    ./components/ui/context-menu.jsx [Client Component SSR]
    ./components/MenuItemCard.jsx [Client Component SSR]
    ./app/(home)/page.js [Client Component SSR]
    ./app/(home)/page.js [Server Component]

https://nextjs.org/docs/messages/module-not-found


⨯ ./components/ui/context-menu.jsx:2:1
Module not found: Can't resolve '@radix-ui/react-context-menu'
  [90m1 |[0m [36mimport[0m * [36mas[0m [33mReact[0m [36mfrom[0m [32m"react"[0m
[31m[1m>[0m [90m2 |[0m [36mimport[0m * [36mas[0m [33mContextMenuPrimitive[0m [36mfrom[0m [32m"@radix-ui/react-context-menu"[0m
  [90m  |[0m [31m[1m^^^^^^^^^^^^^^^^^^^^^^^^^^^^^^^^^^^^^^^^^^^^^^^^^^^^^^^^^^^^^^^^^^^^[0m
  [90m3 |[0m [36mimport[0m { [33mCheck[0m, [33mChevronRight[0m, [33mCircle[0m } [36mfrom[0m [32m"lucide-react"[0m
  [90m4 |[0m
  [90m5 |[0m [36mimport[0m { cn } [36mfrom[0m [32m"@/lib/utils"[0m



Import traces:
  Client Component Browser:
    ./components/ui/context-menu.jsx [Client Component Browser]
    ./components/MenuItemCard.jsx [Client Component Browser]
    ./app/(home)/page.js [Client Component Browser]
    ./app/(home)/page.js [Server Component]

  Client Component SSR:
    ./components/ui/context-menu.jsx [Client Component SSR]
    ./components/MenuItemCard.jsx [Client Component SSR]
    ./app/(home)/page.js [Client Component SSR]
    ./app/(home)/page.js [Server Component]

https://nextjs.org/docs/messages/module-not-found


⨯ ./components/ui/context-menu.jsx:2:1
Module not found: Can't resolve '@radix-ui/react-context-menu'
  [90m1 |[0m [36mimport[0m * [36mas[0m [33mReact[0m [36mfrom[0m [32m"react"[0m
[31m[1m>[0m [90m2 |[0m [36mimport[0m * [36mas[0m [33mContextMenuPrimitive[0m [36mfrom[0m [32m"@radix-ui/react-context-menu"[0m
  [90m  |[0m [31m[1m^^^^^^^^^^^^^^^^^^^^^^^^^^^^^^^^^^^^^^^^^^^^^^^^^^^^^^^^^^^^^^^^^^^^[0m
  [90m3 |[0m [36mimport[0m { [33mCheck[0m, [33mChevronRight[0m, [33mCircle[0m } [36mfrom[0m [32m"lucide-react"[0m
  [90m4 |[0m
  [90m5 |[0m [36mimport[0m { cn } [36mfrom[0m [32m"@/lib/utils"[0m



Import traces:
  Client Component Browser:
    ./components/ui/context-menu.jsx [Client Component Browser]
    ./components/MenuItemCard.jsx [Client Component Browser]
    ./app/(home)/page.js [Client Component Browser]
    ./app/(home)/page.js [Server Component]

  Client Component SSR:
    ./components/ui/context-menu.jsx [Client Component SSR]
    ./components/MenuItemCard.jsx [Client Component SSR]
    ./app/(home)/page.js [Client Component SSR]
    ./app/(home)/page.js [Server Component]

https://nextjs.org/docs/messages/module-not-found


⨯ ./components/ui/context-menu.jsx:2:1
Module not found: Can't resolve '@radix-ui/react-context-menu'
  [90m1 |[0m [36mimport[0m * [36mas[0m [33mReact[0m [36mfrom[0m [32m"react"[0m
[31m[1m>[0m [90m2 |[0m [36mimport[0m * [36mas[0m [33mContextMenuPrimitive[0m [36mfrom[0m [32m"@radix-ui/react-context-menu"[0m
  [90m  |[0m [31m[1m^^^^^^^^^^^^^^^^^^^^^^^^^^^^^^^^^^^^^^^^^^^^^^^^^^^^^^^^^^^^^^^^^^^^[0m
  [90m3 |[0m [36mimport[0m { [33mCheck[0m, [33mChevronRight[0m, [33mCircle[0m } [36mfrom[0m [32m"lucide-react"[0m
  [90m4 |[0m
  [90m5 |[0m [36mimport[0m { cn } [36mfrom[0m [32m"@/lib/utils"[0m



Import traces:
  Client Component Browser:
    ./components/ui/context-menu.jsx [Client Component Browser]
    ./components/MenuItemCard.jsx [Client Component Browser]
    ./app/(home)/page.js [Client Component Browser]
    ./app/(home)/page.js [Server Component]

  Client Component SSR:
    ./components/ui/context-menu.jsx [Client Component SSR]
    ./components/MenuItemCard.jsx [Client Component SSR]
    ./app/(home)/page.js [Client Component SSR]
    ./app/(home)/page.js [Server Component]

https://nextjs.org/docs/messages/module-not-found


⨯ ./components/ui/context-menu.jsx:2:1
Module not found: Can't resolve '@radix-ui/react-context-menu'
  [90m1 |[0m [36mimport[0m * [36mas[0m [33mReact[0m [36mfrom[0m [32m"react"[0m
[31m[1m>[0m [90m2 |[0m [36mimport[0m * [36mas[0m [33mContextMenuPrimitive[0m [36mfrom[0m [32m"@radix-ui/react-context-menu"[0m
  [90m  |[0m [31m[1m^^^^^^^^^^^^^^^^^^^^^^^^^^^^^^^^^^^^^^^^^^^^^^^^^^^^^^^^^^^^^^^^^^^^[0m
  [90m3 |[0m [36mimport[0m { [33mCheck[0m, [33mChevronRight[0m, [33mCircle[0m } [36mfrom[0m [32m"lucide-react"[0m
  [90m4 |[0m
  [90m5 |[0m [36mimport[0m { cn } [36mfrom[0m [32m"@/lib/utils"[0m



Import traces:
  Client Component Browser:
    ./components/ui/context-menu.jsx [Client Component Browser]
    ./components/MenuItemCard.jsx [Client Component Browser]
    ./app/(home)/page.js [Client Component Browser]
    ./app/(home)/page.js [Server Component]

  Client Component SSR:
    ./components/ui/context-menu.jsx [Client Component SSR]
    ./components/MenuItemCard.jsx [Client Component SSR]
    ./app/(home)/page.js [Client Component SSR]
    ./app/(home)/page.js [Server Component]

https://nextjs.org/docs/messages/module-not-found


⨯ ./components/ui/context-menu.jsx:2:1
Module not found: Can't resolve '@radix-ui/react-context-menu'
  [90m1 |[0m [36mimport[0m * [36mas[0m [33mReact[0m [36mfrom[0m [32m"react"[0m
[31m[1m>[0m [90m2 |[0m [36mimport[0m * [36mas[0m [33mContextMenuPrimitive[0m [36mfrom[0m [32m"@radix-ui/react-context-menu"[0m
  [90m  |[0m [31m[1m^^^^^^^^^^^^^^^^^^^^^^^^^^^^^^^^^^^^^^^^^^^^^^^^^^^^^^^^^^^^^^^^^^^^[0m
  [90m3 |[0m [36mimport[0m { [33mCheck[0m, [33mChevronRight[0m, [33mCircle[0m } [36mfrom[0m [32m"lucide-react"[0m
  [90m4 |[0m
  [90m5 |[0m [36mimport[0m { cn } [36mfrom[0m [32m"@/lib/utils"[0m



Import traces:
  Client Component Browser:
    ./components/ui/context-menu.jsx [Client Component Browser]
    ./components/MenuItemCard.jsx [Client Component Browser]
    ./app/(home)/page.js [Client Component Browser]
    ./app/(home)/page.js [Server Component]

  Client Component SSR:
    ./components/ui/context-menu.jsx [Client Component SSR]
    ./components/MenuItemCard.jsx [Client Component SSR]
    ./app/(home)/page.js [Client Component SSR]
    ./app/(home)/page.js [Server Component]

https://nextjs.org/docs/messages/module-not-found


⨯ ./components/ui/context-menu.jsx:2:1
Module not found: Can't resolve '@radix-ui/react-context-menu'
  [90m1 |[0m [36mimport[0m * [36mas[0m [33mReact[0m [36mfrom[0m [32m"react"[0m
[31m[1m>[0m [90m2 |[0m [36mimport[0m * [36mas[0m [33mContextMenuPrimitive[0m [36mfrom[0m [32m"@radix-ui/react-context-menu"[0m
  [90m  |[0m [31m[1m^^^^^^^^^^^^^^^^^^^^^^^^^^^^^^^^^^^^^^^^^^^^^^^^^^^^^^^^^^^^^^^^^^^^[0m
  [90m3 |[0m [36mimport[0m { [33mCheck[0m, [33mChevronRight[0m, [33mCircle[0m } [36mfrom[0m [32m"lucide-react"[0m
  [90m4 |[0m
  [90m5 |[0m [36mimport[0m { cn } [36mfrom[0m [32m"@/lib/utils"[0m



Import traces:
  Client Component Browser:
    ./components/ui/context-menu.jsx [Client Component Browser]
    ./components/MenuItemCard.jsx [Client Component Browser]
    ./app/(home)/page.js [Client Component Browser]
    ./app/(home)/page.js [Server Component]

  Client Component SSR:
    ./components/ui/context-menu.jsx [Client Component SSR]
    ./components/MenuItemCard.jsx [Client Component SSR]
    ./app/(home)/page.js [Client Component SSR]
    ./app/(home)/page.js [Server Component]

https://nextjs.org/docs/messages/module-not-found


⨯ ./components/ui/context-menu.jsx:2:1
Module not found: Can't resolve '@radix-ui/react-context-menu'
  [90m1 |[0m [36mimport[0m * [36mas[0m [33mReact[0m [36mfrom[0m [32m"react"[0m
[31m[1m>[0m [90m2 |[0m [36mimport[0m * [36mas[0m [33mContextMenuPrimitive[0m [36mfrom[0m [32m"@radix-ui/react-context-menu"[0m
  [90m  |[0m [31m[1m^^^^^^^^^^^^^^^^^^^^^^^^^^^^^^^^^^^^^^^^^^^^^^^^^^^^^^^^^^^^^^^^^^^^[0m
  [90m3 |[0m [36mimport[0m { [33mCheck[0m, [33mChevronRight[0m, [33mCircle[0m } [36mfrom[0m [32m"lucide-react"[0m
  [90m4 |[0m
  [90m5 |[0m [36mimport[0m { cn } [36mfrom[0m [32m"@/lib/utils"[0m



Import traces:
  Client Component Browser:
    ./components/ui/context-menu.jsx [Client Component Browser]
    ./components/MenuItemCard.jsx [Client Component Browser]
    ./app/(home)/page.js [Client Component Browser]
    ./app/(home)/page.js [Server Component]

  Client Component SSR:
    ./components/ui/context-menu.jsx [Client Component SSR]
    ./components/MenuItemCard.jsx [Client Component SSR]
    ./app/(home)/page.js [Client Component SSR]
    ./app/(home)/page.js [Server Component]

https://nextjs.org/docs/messages/module-not-found


⨯ ./components/ui/context-menu.jsx:2:1
Module not found: Can't resolve '@radix-ui/react-context-menu'
  [90m1 |[0m [36mimport[0m * [36mas[0m [33mReact[0m [36mfrom[0m [32m"react"[0m
[31m[1m>[0m [90m2 |[0m [36mimport[0m * [36mas[0m [33mContextMenuPrimitive[0m [36mfrom[0m [32m"@radix-ui/react-context-menu"[0m
  [90m  |[0m [31m[1m^^^^^^^^^^^^^^^^^^^^^^^^^^^^^^^^^^^^^^^^^^^^^^^^^^^^^^^^^^^^^^^^^^^^[0m
  [90m3 |[0m [36mimport[0m { [33mCheck[0m, [33mChevronRight[0m, [33mCircle[0m } [36mfrom[0m [32m"lucide-react"[0m
  [90m4 |[0m
  [90m5 |[0m [36mimport[0m { cn } [36mfrom[0m [32m"@/lib/utils"[0m



Import traces:
  Client Component Browser:
    ./components/ui/context-menu.jsx [Client Component Browser]
    ./components/MenuItemCard.jsx [Client Component Browser]
    ./app/(home)/page.js [Client Component Browser]
    ./app/(home)/page.js [Server Component]

  Client Component SSR:
    ./components/ui/context-menu.jsx [Client Component SSR]
    ./components/MenuItemCard.jsx [Client Component SSR]
    ./app/(home)/page.js [Client Component SSR]
    ./app/(home)/page.js [Server Component]

https://nextjs.org/docs/messages/module-not-found


⨯ ./components/ui/context-menu.jsx:2:1
Module not found: Can't resolve '@radix-ui/react-context-menu'
  [90m1 |[0m [36mimport[0m * [36mas[0m [33mReact[0m [36mfrom[0m [32m"react"[0m
[31m[1m>[0m [90m2 |[0m [36mimport[0m * [36mas[0m [33mContextMenuPrimitive[0m [36mfrom[0m [32m"@radix-ui/react-context-menu"[0m
  [90m  |[0m [31m[1m^^^^^^^^^^^^^^^^^^^^^^^^^^^^^^^^^^^^^^^^^^^^^^^^^^^^^^^^^^^^^^^^^^^^[0m
  [90m3 |[0m [36mimport[0m { [33mCheck[0m, [33mChevronRight[0m, [33mCircle[0m } [36mfrom[0m [32m"lucide-react"[0m
  [90m4 |[0m
  [90m5 |[0m [36mimport[0m { cn } [36mfrom[0m [32m"@/lib/utils"[0m



Import traces:
  Client Component Browser:
    ./components/ui/context-menu.jsx [Client Component Browser]
    ./components/MenuItemCard.jsx [Client Component Browser]
    ./app/(home)/page.js [Client Component Browser]
    ./app/(home)/page.js [Server Component]

  Client Component SSR:
    ./components/ui/context-menu.jsx [Client Component SSR]
    ./components/MenuItemCard.jsx [Client Component SSR]
    ./app/(home)/page.js [Client Component SSR]
    ./app/(home)/page.js [Server Component]

https://nextjs.org/docs/messages/module-not-found


⨯ ./components/ui/context-menu.jsx:2:1
Module not found: Can't resolve '@radix-ui/react-context-menu'
  [90m1 |[0m [36mimport[0m * [36mas[0m [33mReact[0m [36mfrom[0m [32m"react"[0m
[31m[1m>[0m [90m2 |[0m [36mimport[0m * [36mas[0m [33mContextMenuPrimitive[0m [36mfrom[0m [32m"@radix-ui/react-context-menu"[0m
  [90m  |[0m [31m[1m^^^^^^^^^^^^^^^^^^^^^^^^^^^^^^^^^^^^^^^^^^^^^^^^^^^^^^^^^^^^^^^^^^^^[0m
  [90m3 |[0m [36mimport[0m { [33mCheck[0m, [33mChevronRight[0m, [33mCircle[0m } [36mfrom[0m [32m"lucide-react"[0m
  [90m4 |[0m
  [90m5 |[0m [36mimport[0m { cn } [36mfrom[0m [32m"@/lib/utils"[0m



Import traces:
  Client Component Browser:
    ./components/ui/context-menu.jsx [Client Component Browser]
    ./components/MenuItemCard.jsx [Client Component Browser]
    ./app/(home)/page.js [Client Component Browser]
    ./app/(home)/page.js [Server Component]

  Client Component SSR:
    ./components/ui/context-menu.jsx [Client Component SSR]
    ./components/MenuItemCard.jsx [Client Component SSR]
    ./app/(home)/page.js [Client Component SSR]
    ./app/(home)/page.js [Server Component]

https://nextjs.org/docs/messages/module-not-found


⨯ ./components/ui/context-menu.jsx:2:1
Module not found: Can't resolve '@radix-ui/react-context-menu'
  [90m1 |[0m [36mimport[0m * [36mas[0m [33mReact[0m [36mfrom[0m [32m"react"[0m
[31m[1m>[0m [90m2 |[0m [36mimport[0m * [36mas[0m [33mContextMenuPrimitive[0m [36mfrom[0m [32m"@radix-ui/react-context-menu"[0m
  [90m  |[0m [31m[1m^^^^^^^^^^^^^^^^^^^^^^^^^^^^^^^^^^^^^^^^^^^^^^^^^^^^^^^^^^^^^^^^^^^^[0m
  [90m3 |[0m [36mimport[0m { [33mCheck[0m, [33mChevronRight[0m, [33mCircle[0m } [36mfrom[0m [32m"lucide-react"[0m
  [90m4 |[0m
  [90m5 |[0m [36mimport[0m { cn } [36mfrom[0m [32m"@/lib/utils"[0m



Import traces:
  Client Component Browser:
    ./components/ui/context-menu.jsx [Client Component Browser]
    ./components/MenuItemCard.jsx [Client Component Browser]
    ./app/(home)/page.js [Client Component Browser]
    ./app/(home)/page.js [Server Component]

  Client Component SSR:
    ./components/ui/context-menu.jsx [Client Component SSR]
    ./components/MenuItemCard.jsx [Client Component SSR]
    ./app/(home)/page.js [Client Component SSR]
    ./app/(home)/page.js [Server Component]

https://nextjs.org/docs/messages/module-not-found


⨯ ./components/ui/context-menu.jsx:2:1
Module not found: Can't resolve '@radix-ui/react-context-menu'
  [90m1 |[0m [36mimport[0m * [36mas[0m [33mReact[0m [36mfrom[0m [32m"react"[0m
[31m[1m>[0m [90m2 |[0m [36mimport[0m * [36mas[0m [33mContextMenuPrimitive[0m [36mfrom[0m [32m"@radix-ui/react-context-menu"[0m
  [90m  |[0m [31m[1m^^^^^^^^^^^^^^^^^^^^^^^^^^^^^^^^^^^^^^^^^^^^^^^^^^^^^^^^^^^^^^^^^^^^[0m
  [90m3 |[0m [36mimport[0m { [33mCheck[0m, [33mChevronRight[0m, [33mCircle[0m } [36mfrom[0m [32m"lucide-react"[0m
  [90m4 |[0m
  [90m5 |[0m [36mimport[0m { cn } [36mfrom[0m [32m"@/lib/utils"[0m



Import traces:
  Client Component Browser:
    ./components/ui/context-menu.jsx [Client Component Browser]
    ./components/MenuItemCard.jsx [Client Component Browser]
    ./app/(home)/page.js [Client Component Browser]
    ./app/(home)/page.js [Server Component]

  Client Component SSR:
    ./components/ui/context-menu.jsx [Client Component SSR]
    ./components/MenuItemCard.jsx [Client Component SSR]
    ./app/(home)/page.js [Client Component SSR]
    ./app/(home)/page.js [Server Component]

https://nextjs.org/docs/messages/module-not-found


⨯ ./components/ui/context-menu.jsx:2:1
Module not found: Can't resolve '@radix-ui/react-context-menu'
  [90m1 |[0m [36mimport[0m * [36mas[0m [33mReact[0m [36mfrom[0m [32m"react"[0m
[31m[1m>[0m [90m2 |[0m [36mimport[0m * [36mas[0m [33mContextMenuPrimitive[0m [36mfrom[0m [32m"@radix-ui/react-context-menu"[0m
  [90m  |[0m [31m[1m^^^^^^^^^^^^^^^^^^^^^^^^^^^^^^^^^^^^^^^^^^^^^^^^^^^^^^^^^^^^^^^^^^^^[0m
  [90m3 |[0m [36mimport[0m { [33mCheck[0m, [33mChevronRight[0m, [33mCircle[0m } [36mfrom[0m [32m"lucide-react"[0m
  [90m4 |[0m
  [90m5 |[0m [36mimport[0m { cn } [36mfrom[0m [32m"@/lib/utils"[0m



Import traces:
  Client Component Browser:
    ./components/ui/context-menu.jsx [Client Component Browser]
    ./components/MenuItemCard.jsx [Client Component Browser]
    ./app/(home)/page.js [Client Component Browser]
    ./app/(home)/page.js [Server Component]

  Client Component SSR:
    ./components/ui/context-menu.jsx [Client Component SSR]
    ./components/MenuItemCard.jsx [Client Component SSR]
    ./app/(home)/page.js [Client Component SSR]
    ./app/(home)/page.js [Server Component]

https://nextjs.org/docs/messages/module-not-found


⨯ ./components/ui/context-menu.jsx:2:1
Module not found: Can't resolve '@radix-ui/react-context-menu'
  [90m1 |[0m [36mimport[0m * [36mas[0m [33mReact[0m [36mfrom[0m [32m"react"[0m
[31m[1m>[0m [90m2 |[0m [36mimport[0m * [36mas[0m [33mContextMenuPrimitive[0m [36mfrom[0m [32m"@radix-ui/react-context-menu"[0m
  [90m  |[0m [31m[1m^^^^^^^^^^^^^^^^^^^^^^^^^^^^^^^^^^^^^^^^^^^^^^^^^^^^^^^^^^^^^^^^^^^^[0m
  [90m3 |[0m [36mimport[0m { [33mCheck[0m, [33mChevronRight[0m, [33mCircle[0m } [36mfrom[0m [32m"lucide-react"[0m
  [90m4 |[0m
  [90m5 |[0m [36mimport[0m { cn } [36mfrom[0m [32m"@/lib/utils"[0m



Import traces:
  Client Component Browser:
    ./components/ui/context-menu.jsx [Client Component Browser]
    ./components/MenuItemCard.jsx [Client Component Browser]
    ./app/(home)/page.js [Client Component Browser]
    ./app/(home)/page.js [Server Component]

  Client Component SSR:
    ./components/ui/context-menu.jsx [Client Component SSR]
    ./components/MenuItemCard.jsx [Client Component SSR]
    ./app/(home)/page.js [Client Component SSR]
    ./app/(home)/page.js [Server Component]

https://nextjs.org/docs/messages/module-not-found


⨯ ./components/ui/context-menu.jsx:2:1
Module not found: Can't resolve '@radix-ui/react-context-menu'
  [90m1 |[0m [36mimport[0m * [36mas[0m [33mReact[0m [36mfrom[0m [32m"react"[0m
[31m[1m>[0m [90m2 |[0m [36mimport[0m * [36mas[0m [33mContextMenuPrimitive[0m [36mfrom[0m [32m"@radix-ui/react-context-menu"[0m
  [90m  |[0m [31m[1m^^^^^^^^^^^^^^^^^^^^^^^^^^^^^^^^^^^^^^^^^^^^^^^^^^^^^^^^^^^^^^^^^^^^[0m
  [90m3 |[0m [36mimport[0m { [33mCheck[0m, [33mChevronRight[0m, [33mCircle[0m } [36mfrom[0m [32m"lucide-react"[0m
  [90m4 |[0m
  [90m5 |[0m [36mimport[0m { cn } [36mfrom[0m [32m"@/lib/utils"[0m



Import traces:
  Client Component Browser:
    ./components/ui/context-menu.jsx [Client Component Browser]
    ./components/MenuItemCard.jsx [Client Component Browser]
    ./app/(home)/page.js [Client Component Browser]
    ./app/(home)/page.js [Server Component]

  Client Component SSR:
    ./components/ui/context-menu.jsx [Client Component SSR]
    ./components/MenuItemCard.jsx [Client Component SSR]
    ./app/(home)/page.js [Client Component SSR]
    ./app/(home)/page.js [Server Component]

https://nextjs.org/docs/messages/module-not-found


⨯ ./components/ui/context-menu.jsx:2:1
Module not found: Can't resolve '@radix-ui/react-context-menu'
  [90m1 |[0m [36mimport[0m * [36mas[0m [33mReact[0m [36mfrom[0m [32m"react"[0m
[31m[1m>[0m [90m2 |[0m [36mimport[0m * [36mas[0m [33mContextMenuPrimitive[0m [36mfrom[0m [32m"@radix-ui/react-context-menu"[0m
  [90m  |[0m [31m[1m^^^^^^^^^^^^^^^^^^^^^^^^^^^^^^^^^^^^^^^^^^^^^^^^^^^^^^^^^^^^^^^^^^^^[0m
  [90m3 |[0m [36mimport[0m { [33mCheck[0m, [33mChevronRight[0m, [33mCircle[0m } [36mfrom[0m [32m"lucide-react"[0m
  [90m4 |[0m
  [90m5 |[0m [36mimport[0m { cn } [36mfrom[0m [32m"@/lib/utils"[0m



Import traces:
  Client Component Browser:
    ./components/ui/context-menu.jsx [Client Component Browser]
    ./components/MenuItemCard.jsx [Client Component Browser]
    ./app/(home)/page.js [Client Component Browser]
    ./app/(home)/page.js [Server Component]

  Client Component SSR:
    ./components/ui/context-menu.jsx [Client Component SSR]
    ./components/MenuItemCard.jsx [Client Component SSR]
    ./app/(home)/page.js [Client Component SSR]
    ./app/(home)/page.js [Server Component]

https://nextjs.org/docs/messages/module-not-found


⨯ ./components/ui/context-menu.jsx:2:1
Module not found: Can't resolve '@radix-ui/react-context-menu'
  [90m1 |[0m [36mimport[0m * [36mas[0m [33mReact[0m [36mfrom[0m [32m"react"[0m
[31m[1m>[0m [90m2 |[0m [36mimport[0m * [36mas[0m [33mContextMenuPrimitive[0m [36mfrom[0m [32m"@radix-ui/react-context-menu"[0m
  [90m  |[0m [31m[1m^^^^^^^^^^^^^^^^^^^^^^^^^^^^^^^^^^^^^^^^^^^^^^^^^^^^^^^^^^^^^^^^^^^^[0m
  [90m3 |[0m [36mimport[0m { [33mCheck[0m, [33mChevronRight[0m, [33mCircle[0m } [36mfrom[0m [32m"lucide-react"[0m
  [90m4 |[0m
  [90m5 |[0m [36mimport[0m { cn } [36mfrom[0m [32m"@/lib/utils"[0m



Import traces:
  Client Component Browser:
    ./components/ui/context-menu.jsx [Client Component Browser]
    ./components/MenuItemCard.jsx [Client Component Browser]
    ./app/(home)/page.js [Client Component Browser]
    ./app/(home)/page.js [Server Component]

  Client Component SSR:
    ./components/ui/context-menu.jsx [Client Component SSR]
    ./components/MenuItemCard.jsx [Client Component SSR]
    ./app/(home)/page.js [Client Component SSR]
    ./app/(home)/page.js [Server Component]

https://nextjs.org/docs/messages/module-not-found


⨯ ./components/ui/context-menu.jsx:2:1
Module not found: Can't resolve '@radix-ui/react-context-menu'
  [90m1 |[0m [36mimport[0m * [36mas[0m [33mReact[0m [36mfrom[0m [32m"react"[0m
[31m[1m>[0m [90m2 |[0m [36mimport[0m * [36mas[0m [33mContextMenuPrimitive[0m [36mfrom[0m [32m"@radix-ui/react-context-menu"[0m
  [90m  |[0m [31m[1m^^^^^^^^^^^^^^^^^^^^^^^^^^^^^^^^^^^^^^^^^^^^^^^^^^^^^^^^^^^^^^^^^^^^[0m
  [90m3 |[0m [36mimport[0m { [33mCheck[0m, [33mChevronRight[0m, [33mCircle[0m } [36mfrom[0m [32m"lucide-react"[0m
  [90m4 |[0m
  [90m5 |[0m [36mimport[0m { cn } [36mfrom[0m [32m"@/lib/utils"[0m



Import traces:
  Client Component Browser:
    ./components/ui/context-menu.jsx [Client Component Browser]
    ./components/MenuItemCard.jsx [Client Component Browser]
    ./app/(home)/page.js [Client Component Browser]
    ./app/(home)/page.js [Server Component]

  Client Component SSR:
    ./components/ui/context-menu.jsx [Client Component SSR]
    ./components/MenuItemCard.jsx [Client Component SSR]
    ./app/(home)/page.js [Client Component SSR]
    ./app/(home)/page.js [Server Component]

https://nextjs.org/docs/messages/module-not-found


⨯ ./components/ui/context-menu.jsx:2:1
Module not found: Can't resolve '@radix-ui/react-context-menu'
  [90m1 |[0m [36mimport[0m * [36mas[0m [33mReact[0m [36mfrom[0m [32m"react"[0m
[31m[1m>[0m [90m2 |[0m [36mimport[0m * [36mas[0m [33mContextMenuPrimitive[0m [36mfrom[0m [32m"@radix-ui/react-context-menu"[0m
  [90m  |[0m [31m[1m^^^^^^^^^^^^^^^^^^^^^^^^^^^^^^^^^^^^^^^^^^^^^^^^^^^^^^^^^^^^^^^^^^^^[0m
  [90m3 |[0m [36mimport[0m { [33mCheck[0m, [33mChevronRight[0m, [33mCircle[0m } [36mfrom[0m [32m"lucide-react"[0m
  [90m4 |[0m
  [90m5 |[0m [36mimport[0m { cn } [36mfrom[0m [32m"@/lib/utils"[0m



Import traces:
  Client Component Browser:
    ./components/ui/context-menu.jsx [Client Component Browser]
    ./components/MenuItemCard.jsx [Client Component Browser]
    ./app/(home)/page.js [Client Component Browser]
    ./app/(home)/page.js [Server Component]

  Client Component SSR:
    ./components/ui/context-menu.jsx [Client Component SSR]
    ./components/MenuItemCard.jsx [Client Component SSR]
    ./app/(home)/page.js [Client Component SSR]
    ./app/(home)/page.js [Server Component]

https://nextjs.org/docs/messages/module-not-found


⨯ ./components/ui/context-menu.jsx:2:1
Module not found: Can't resolve '@radix-ui/react-context-menu'
  [90m1 |[0m [36mimport[0m * [36mas[0m [33mReact[0m [36mfrom[0m [32m"react"[0m
[31m[1m>[0m [90m2 |[0m [36mimport[0m * [36mas[0m [33mContextMenuPrimitive[0m [36mfrom[0m [32m"@radix-ui/react-context-menu"[0m
  [90m  |[0m [31m[1m^^^^^^^^^^^^^^^^^^^^^^^^^^^^^^^^^^^^^^^^^^^^^^^^^^^^^^^^^^^^^^^^^^^^[0m
  [90m3 |[0m [36mimport[0m { [33mCheck[0m, [33mChevronRight[0m, [33mCircle[0m } [36mfrom[0m [32m"lucide-react"[0m
  [90m4 |[0m
  [90m5 |[0m [36mimport[0m { cn } [36mfrom[0m [32m"@/lib/utils"[0m



Import traces:
  Client Component Browser:
    ./components/ui/context-menu.jsx [Client Component Browser]
    ./components/MenuItemCard.jsx [Client Component Browser]
    ./app/(home)/page.js [Client Component Browser]
    ./app/(home)/page.js [Server Component]

  Client Component SSR:
    ./components/ui/context-menu.jsx [Client Component SSR]
    ./components/MenuItemCard.jsx [Client Component SSR]
    ./app/(home)/page.js [Client Component SSR]
    ./app/(home)/page.js [Server Component]

https://nextjs.org/docs/messages/module-not-found


⨯ ./components/ui/context-menu.jsx:2:1
Module not found: Can't resolve '@radix-ui/react-context-menu'
  [90m1 |[0m [36mimport[0m * [36mas[0m [33mReact[0m [36mfrom[0m [32m"react"[0m
[31m[1m>[0m [90m2 |[0m [36mimport[0m * [36mas[0m [33mContextMenuPrimitive[0m [36mfrom[0m [32m"@radix-ui/react-context-menu"[0m
  [90m  |[0m [31m[1m^^^^^^^^^^^^^^^^^^^^^^^^^^^^^^^^^^^^^^^^^^^^^^^^^^^^^^^^^^^^^^^^^^^^[0m
  [90m3 |[0m [36mimport[0m { [33mCheck[0m, [33mChevronRight[0m, [33mCircle[0m } [36mfrom[0m [32m"lucide-react"[0m
  [90m4 |[0m
  [90m5 |[0m [36mimport[0m { cn } [36mfrom[0m [32m"@/lib/utils"[0m



Import traces:
  Client Component Browser:
    ./components/ui/context-menu.jsx [Client Component Browser]
    ./components/MenuItemCard.jsx [Client Component Browser]
    ./app/(home)/page.js [Client Component Browser]
    ./app/(home)/page.js [Server Component]

  Client Component SSR:
    ./components/ui/context-menu.jsx [Client Component SSR]
    ./components/MenuItemCard.jsx [Client Component SSR]
    ./app/(home)/page.js [Client Component SSR]
    ./app/(home)/page.js [Server Component]

https://nextjs.org/docs/messages/module-not-found


⨯ ./components/ui/context-menu.jsx:2:1
Module not found: Can't resolve '@radix-ui/react-context-menu'
  [90m1 |[0m [36mimport[0m * [36mas[0m [33mReact[0m [36mfrom[0m [32m"react"[0m
[31m[1m>[0m [90m2 |[0m [36mimport[0m * [36mas[0m [33mContextMenuPrimitive[0m [36mfrom[0m [32m"@radix-ui/react-context-menu"[0m
  [90m  |[0m [31m[1m^^^^^^^^^^^^^^^^^^^^^^^^^^^^^^^^^^^^^^^^^^^^^^^^^^^^^^^^^^^^^^^^^^^^[0m
  [90m3 |[0m [36mimport[0m { [33mCheck[0m, [33mChevronRight[0m, [33mCircle[0m } [36mfrom[0m [32m"lucide-react"[0m
  [90m4 |[0m
  [90m5 |[0m [36mimport[0m { cn } [36mfrom[0m [32m"@/lib/utils"[0m



Import traces:
  Client Component Browser:
    ./components/ui/context-menu.jsx [Client Component Browser]
    ./components/MenuItemCard.jsx [Client Component Browser]
    ./app/(home)/page.js [Client Component Browser]
    ./app/(home)/page.js [Server Component]

  Client Component SSR:
    ./components/ui/context-menu.jsx [Client Component SSR]
    ./components/MenuItemCard.jsx [Client Component SSR]
    ./app/(home)/page.js [Client Component SSR]
    ./app/(home)/page.js [Server Component]

https://nextjs.org/docs/messages/module-not-found


⨯ ./components/ui/context-menu.jsx:2:1
Module not found: Can't resolve '@radix-ui/react-context-menu'
  [90m1 |[0m [36mimport[0m * [36mas[0m [33mReact[0m [36mfrom[0m [32m"react"[0m
[31m[1m>[0m [90m2 |[0m [36mimport[0m * [36mas[0m [33mContextMenuPrimitive[0m [36mfrom[0m [32m"@radix-ui/react-context-menu"[0m
  [90m  |[0m [31m[1m^^^^^^^^^^^^^^^^^^^^^^^^^^^^^^^^^^^^^^^^^^^^^^^^^^^^^^^^^^^^^^^^^^^^[0m
  [90m3 |[0m [36mimport[0m { [33mCheck[0m, [33mChevronRight[0m, [33mCircle[0m } [36mfrom[0m [32m"lucide-react"[0m
  [90m4 |[0m
  [90m5 |[0m [36mimport[0m { cn } [36mfrom[0m [32m"@/lib/utils"[0m



Import traces:
  Client Component Browser:
    ./components/ui/context-menu.jsx [Client Component Browser]
    ./components/MenuItemCard.jsx [Client Component Browser]
    ./app/(home)/page.js [Client Component Browser]
    ./app/(home)/page.js [Server Component]

  Client Component SSR:
    ./components/ui/context-menu.jsx [Client Component SSR]
    ./components/MenuItemCard.jsx [Client Component SSR]
    ./app/(home)/page.js [Client Component SSR]
    ./app/(home)/page.js [Server Component]

https://nextjs.org/docs/messages/module-not-found


⨯ ./components/ui/context-menu.jsx:2:1
Module not found: Can't resolve '@radix-ui/react-context-menu'
  [90m1 |[0m [36mimport[0m * [36mas[0m [33mReact[0m [36mfrom[0m [32m"react"[0m
[31m[1m>[0m [90m2 |[0m [36mimport[0m * [36mas[0m [33mContextMenuPrimitive[0m [36mfrom[0m [32m"@radix-ui/react-context-menu"[0m
  [90m  |[0m [31m[1m^^^^^^^^^^^^^^^^^^^^^^^^^^^^^^^^^^^^^^^^^^^^^^^^^^^^^^^^^^^^^^^^^^^^[0m
  [90m3 |[0m [36mimport[0m { [33mCheck[0m, [33mChevronRight[0m, [33mCircle[0m } [36mfrom[0m [32m"lucide-react"[0m
  [90m4 |[0m
  [90m5 |[0m [36mimport[0m { cn } [36mfrom[0m [32m"@/lib/utils"[0m



Import traces:
  Client Component Browser:
    ./components/ui/context-menu.jsx [Client Component Browser]
    ./components/MenuItemCard.jsx [Client Component Browser]
    ./app/(home)/page.js [Client Component Browser]
    ./app/(home)/page.js [Server Component]

  Client Component SSR:
    ./components/ui/context-menu.jsx [Client Component SSR]
    ./components/MenuItemCard.jsx [Client Component SSR]
    ./app/(home)/page.js [Client Component SSR]
    ./app/(home)/page.js [Server Component]

https://nextjs.org/docs/messages/module-not-found


⨯ ./components/ui/context-menu.jsx:2:1
Module not found: Can't resolve '@radix-ui/react-context-menu'
  [90m1 |[0m [36mimport[0m * [36mas[0m [33mReact[0m [36mfrom[0m [32m"react"[0m
[31m[1m>[0m [90m2 |[0m [36mimport[0m * [36mas[0m [33mContextMenuPrimitive[0m [36mfrom[0m [32m"@radix-ui/react-context-menu"[0m
  [90m  |[0m [31m[1m^^^^^^^^^^^^^^^^^^^^^^^^^^^^^^^^^^^^^^^^^^^^^^^^^^^^^^^^^^^^^^^^^^^^[0m
  [90m3 |[0m [36mimport[0m { [33mCheck[0m, [33mChevronRight[0m, [33mCircle[0m } [36mfrom[0m [32m"lucide-react"[0m
  [90m4 |[0m
  [90m5 |[0m [36mimport[0m { cn } [36mfrom[0m [32m"@/lib/utils"[0m



Import traces:
  Client Component Browser:
    ./components/ui/context-menu.jsx [Client Component Browser]
    ./components/MenuItemCard.jsx [Client Component Browser]
    ./app/(home)/page.js [Client Component Browser]
    ./app/(home)/page.js [Server Component]

  Client Component SSR:
    ./components/ui/context-menu.jsx [Client Component SSR]
    ./components/MenuItemCard.jsx [Client Component SSR]
    ./app/(home)/page.js [Client Component SSR]
    ./app/(home)/page.js [Server Component]

https://nextjs.org/docs/messages/module-not-found


⨯ ./components/ui/context-menu.jsx:2:1
Module not found: Can't resolve '@radix-ui/react-context-menu'
  [90m1 |[0m [36mimport[0m * [36mas[0m [33mReact[0m [36mfrom[0m [32m"react"[0m
[31m[1m>[0m [90m2 |[0m [36mimport[0m * [36mas[0m [33mContextMenuPrimitive[0m [36mfrom[0m [32m"@radix-ui/react-context-menu"[0m
  [90m  |[0m [31m[1m^^^^^^^^^^^^^^^^^^^^^^^^^^^^^^^^^^^^^^^^^^^^^^^^^^^^^^^^^^^^^^^^^^^^[0m
  [90m3 |[0m [36mimport[0m { [33mCheck[0m, [33mChevronRight[0m, [33mCircle[0m } [36mfrom[0m [32m"lucide-react"[0m
  [90m4 |[0m
  [90m5 |[0m [36mimport[0m { cn } [36mfrom[0m [32m"@/lib/utils"[0m



Import traces:
  Client Component Browser:
    ./components/ui/context-menu.jsx [Client Component Browser]
    ./components/MenuItemCard.jsx [Client Component Browser]
    ./app/(home)/page.js [Client Component Browser]
    ./app/(home)/page.js [Server Component]

  Client Component SSR:
    ./components/ui/context-menu.jsx [Client Component SSR]
    ./components/MenuItemCard.jsx [Client Component SSR]
    ./app/(home)/page.js [Client Component SSR]
    ./app/(home)/page.js [Server Component]

https://nextjs.org/docs/messages/module-not-found


⨯ ./components/ui/context-menu.jsx:2:1
Module not found: Can't resolve '@radix-ui/react-context-menu'
  [90m1 |[0m [36mimport[0m * [36mas[0m [33mReact[0m [36mfrom[0m [32m"react"[0m
[31m[1m>[0m [90m2 |[0m [36mimport[0m * [36mas[0m [33mContextMenuPrimitive[0m [36mfrom[0m [32m"@radix-ui/react-context-menu"[0m
  [90m  |[0m [31m[1m^^^^^^^^^^^^^^^^^^^^^^^^^^^^^^^^^^^^^^^^^^^^^^^^^^^^^^^^^^^^^^^^^^^^[0m
  [90m3 |[0m [36mimport[0m { [33mCheck[0m, [33mChevronRight[0m, [33mCircle[0m } [36mfrom[0m [32m"lucide-react"[0m
  [90m4 |[0m
  [90m5 |[0m [36mimport[0m { cn } [36mfrom[0m [32m"@/lib/utils"[0m



Import traces:
  Client Component Browser:
    ./components/ui/context-menu.jsx [Client Component Browser]
    ./components/MenuItemCard.jsx [Client Component Browser]
    ./app/(home)/page.js [Client Component Browser]
    ./app/(home)/page.js [Server Component]

  Client Component SSR:
    ./components/ui/context-menu.jsx [Client Component SSR]
    ./components/MenuItemCard.jsx [Client Component SSR]
    ./app/(home)/page.js [Client Component SSR]
    ./app/(home)/page.js [Server Component]

https://nextjs.org/docs/messages/module-not-found


⨯ ./components/ui/context-menu.jsx:2:1
Module not found: Can't resolve '@radix-ui/react-context-menu'
  [90m1 |[0m [36mimport[0m * [36mas[0m [33mReact[0m [36mfrom[0m [32m"react"[0m
[31m[1m>[0m [90m2 |[0m [36mimport[0m * [36mas[0m [33mContextMenuPrimitive[0m [36mfrom[0m [32m"@radix-ui/react-context-menu"[0m
  [90m  |[0m [31m[1m^^^^^^^^^^^^^^^^^^^^^^^^^^^^^^^^^^^^^^^^^^^^^^^^^^^^^^^^^^^^^^^^^^^^[0m
  [90m3 |[0m [36mimport[0m { [33mCheck[0m, [33mChevronRight[0m, [33mCircle[0m } [36mfrom[0m [32m"lucide-react"[0m
  [90m4 |[0m
  [90m5 |[0m [36mimport[0m { cn } [36mfrom[0m [32m"@/lib/utils"[0m



Import traces:
  Client Component Browser:
    ./components/ui/context-menu.jsx [Client Component Browser]
    ./components/MenuItemCard.jsx [Client Component Browser]
    ./app/(home)/page.js [Client Component Browser]
    ./app/(home)/page.js [Server Component]

  Client Component SSR:
    ./components/ui/context-menu.jsx [Client Component SSR]
    ./components/MenuItemCard.jsx [Client Component SSR]
    ./app/(home)/page.js [Client Component SSR]
    ./app/(home)/page.js [Server Component]

https://nextjs.org/docs/messages/module-not-found


⨯ ./components/ui/context-menu.jsx:2:1
Module not found: Can't resolve '@radix-ui/react-context-menu'
  [90m1 |[0m [36mimport[0m * [36mas[0m [33mReact[0m [36mfrom[0m [32m"react"[0m
[31m[1m>[0m [90m2 |[0m [36mimport[0m * [36mas[0m [33mContextMenuPrimitive[0m [36mfrom[0m [32m"@radix-ui/react-context-menu"[0m
  [90m  |[0m [31m[1m^^^^^^^^^^^^^^^^^^^^^^^^^^^^^^^^^^^^^^^^^^^^^^^^^^^^^^^^^^^^^^^^^^^^[0m
  [90m3 |[0m [36mimport[0m { [33mCheck[0m, [33mChevronRight[0m, [33mCircle[0m } [36mfrom[0m [32m"lucide-react"[0m
  [90m4 |[0m
  [90m5 |[0m [36mimport[0m { cn } [36mfrom[0m [32m"@/lib/utils"[0m



Import traces:
  Client Component Browser:
    ./components/ui/context-menu.jsx [Client Component Browser]
    ./components/MenuItemCard.jsx [Client Component Browser]
    ./app/(home)/page.js [Client Component Browser]
    ./app/(home)/page.js [Server Component]

  Client Component SSR:
    ./components/ui/context-menu.jsx [Client Component SSR]
    ./components/MenuItemCard.jsx [Client Component SSR]
    ./app/(home)/page.js [Client Component SSR]
    ./app/(home)/page.js [Server Component]

https://nextjs.org/docs/messages/module-not-found


⨯ ./components/ui/context-menu.jsx:2:1
Module not found: Can't resolve '@radix-ui/react-context-menu'
  [90m1 |[0m [36mimport[0m * [36mas[0m [33mReact[0m [36mfrom[0m [32m"react"[0m
[31m[1m>[0m [90m2 |[0m [36mimport[0m * [36mas[0m [33mContextMenuPrimitive[0m [36mfrom[0m [32m"@radix-ui/react-context-menu"[0m
  [90m  |[0m [31m[1m^^^^^^^^^^^^^^^^^^^^^^^^^^^^^^^^^^^^^^^^^^^^^^^^^^^^^^^^^^^^^^^^^^^^[0m
  [90m3 |[0m [36mimport[0m { [33mCheck[0m, [33mChevronRight[0m, [33mCircle[0m } [36mfrom[0m [32m"lucide-react"[0m
  [90m4 |[0m
  [90m5 |[0m [36mimport[0m { cn } [36mfrom[0m [32m"@/lib/utils"[0m



Import traces:
  Client Component Browser:
    ./components/ui/context-menu.jsx [Client Component Browser]
    ./components/MenuItemCard.jsx [Client Component Browser]
    ./app/(home)/page.js [Client Component Browser]
    ./app/(home)/page.js [Server Component]

  Client Component SSR:
    ./components/ui/context-menu.jsx [Client Component SSR]
    ./components/MenuItemCard.jsx [Client Component SSR]
    ./app/(home)/page.js [Client Component SSR]
    ./app/(home)/page.js [Server Component]

https://nextjs.org/docs/messages/module-not-found


⨯ ./components/ui/context-menu.jsx:2:1
Module not found: Can't resolve '@radix-ui/react-context-menu'
  [90m1 |[0m [36mimport[0m * [36mas[0m [33mReact[0m [36mfrom[0m [32m"react"[0m
[31m[1m>[0m [90m2 |[0m [36mimport[0m * [36mas[0m [33mContextMenuPrimitive[0m [36mfrom[0m [32m"@radix-ui/react-context-menu"[0m
  [90m  |[0m [31m[1m^^^^^^^^^^^^^^^^^^^^^^^^^^^^^^^^^^^^^^^^^^^^^^^^^^^^^^^^^^^^^^^^^^^^[0m
  [90m3 |[0m [36mimport[0m { [33mCheck[0m, [33mChevronRight[0m, [33mCircle[0m } [36mfrom[0m [32m"lucide-react"[0m
  [90m4 |[0m
  [90m5 |[0m [36mimport[0m { cn } [36mfrom[0m [32m"@/lib/utils"[0m



Import traces:
  Client Component Browser:
    ./components/ui/context-menu.jsx [Client Component Browser]
    ./components/MenuItemCard.jsx [Client Component Browser]
    ./app/(home)/page.js [Client Component Browser]
    ./app/(home)/page.js [Server Component]

  Client Component SSR:
    ./components/ui/context-menu.jsx [Client Component SSR]
    ./components/MenuItemCard.jsx [Client Component SSR]
    ./app/(home)/page.js [Client Component SSR]
    ./app/(home)/page.js [Server Component]

https://nextjs.org/docs/messages/module-not-found


⨯ ./components/ui/context-menu.jsx:2:1
Module not found: Can't resolve '@radix-ui/react-context-menu'
  [90m1 |[0m [36mimport[0m * [36mas[0m [33mReact[0m [36mfrom[0m [32m"react"[0m
[31m[1m>[0m [90m2 |[0m [36mimport[0m * [36mas[0m [33mContextMenuPrimitive[0m [36mfrom[0m [32m"@radix-ui/react-context-menu"[0m
  [90m  |[0m [31m[1m^^^^^^^^^^^^^^^^^^^^^^^^^^^^^^^^^^^^^^^^^^^^^^^^^^^^^^^^^^^^^^^^^^^^[0m
  [90m3 |[0m [36mimport[0m { [33mCheck[0m, [33mChevronRight[0m, [33mCircle[0m } [36mfrom[0m [32m"lucide-react"[0m
  [90m4 |[0m
  [90m5 |[0m [36mimport[0m { cn } [36mfrom[0m [32m"@/lib/utils"[0m



Import traces:
  Client Component Browser:
    ./components/ui/context-menu.jsx [Client Component Browser]
    ./components/MenuItemCard.jsx [Client Component Browser]
    ./app/(home)/page.js [Client Component Browser]
    ./app/(home)/page.js [Server Component]

  Client Component SSR:
    ./components/ui/context-menu.jsx [Client Component SSR]
    ./components/MenuItemCard.jsx [Client Component SSR]
    ./app/(home)/page.js [Client Component SSR]
    ./app/(home)/page.js [Server Component]

https://nextjs.org/docs/messages/module-not-found


⨯ ./components/ui/context-menu.jsx:2:1
Module not found: Can't resolve '@radix-ui/react-context-menu'
  [90m1 |[0m [36mimport[0m * [36mas[0m [33mReact[0m [36mfrom[0m [32m"react"[0m
[31m[1m>[0m [90m2 |[0m [36mimport[0m * [36mas[0m [33mContextMenuPrimitive[0m [36mfrom[0m [32m"@radix-ui/react-context-menu"[0m
  [90m  |[0m [31m[1m^^^^^^^^^^^^^^^^^^^^^^^^^^^^^^^^^^^^^^^^^^^^^^^^^^^^^^^^^^^^^^^^^^^^[0m
  [90m3 |[0m [36mimport[0m { [33mCheck[0m, [33mChevronRight[0m, [33mCircle[0m } [36mfrom[0m [32m"lucide-react"[0m
  [90m4 |[0m
  [90m5 |[0m [36mimport[0m { cn } [36mfrom[0m [32m"@/lib/utils"[0m



Import traces:
  Client Component Browser:
    ./components/ui/context-menu.jsx [Client Component Browser]
    ./components/MenuItemCard.jsx [Client Component Browser]
    ./app/(home)/page.js [Client Component Browser]
    ./app/(home)/page.js [Server Component]

  Client Component SSR:
    ./components/ui/context-menu.jsx [Client Component SSR]
    ./components/MenuItemCard.jsx [Client Component SSR]
    ./app/(home)/page.js [Client Component SSR]
    ./app/(home)/page.js [Server Component]

https://nextjs.org/docs/messages/module-not-found


⨯ ./components/ui/context-menu.jsx:2:1
Module not found: Can't resolve '@radix-ui/react-context-menu'
  [90m1 |[0m [36mimport[0m * [36mas[0m [33mReact[0m [36mfrom[0m [32m"react"[0m
[31m[1m>[0m [90m2 |[0m [36mimport[0m * [36mas[0m [33mContextMenuPrimitive[0m [36mfrom[0m [32m"@radix-ui/react-context-menu"[0m
  [90m  |[0m [31m[1m^^^^^^^^^^^^^^^^^^^^^^^^^^^^^^^^^^^^^^^^^^^^^^^^^^^^^^^^^^^^^^^^^^^^[0m
  [90m3 |[0m [36mimport[0m { [33mCheck[0m, [33mChevronRight[0m, [33mCircle[0m } [36mfrom[0m [32m"lucide-react"[0m
  [90m4 |[0m
  [90m5 |[0m [36mimport[0m { cn } [36mfrom[0m [32m"@/lib/utils"[0m



Import traces:
  Client Component Browser:
    ./components/ui/context-menu.jsx [Client Component Browser]
    ./components/MenuItemCard.jsx [Client Component Browser]
    ./app/(home)/page.js [Client Component Browser]
    ./app/(home)/page.js [Server Component]

  Client Component SSR:
    ./components/ui/context-menu.jsx [Client Component SSR]
    ./components/MenuItemCard.jsx [Client Component SSR]
    ./app/(home)/page.js [Client Component SSR]
    ./app/(home)/page.js [Server Component]

https://nextjs.org/docs/messages/module-not-found


⨯ ./components/ui/context-menu.jsx:2:1
Module not found: Can't resolve '@radix-ui/react-context-menu'
  [90m1 |[0m [36mimport[0m * [36mas[0m [33mReact[0m [36mfrom[0m [32m"react"[0m
[31m[1m>[0m [90m2 |[0m [36mimport[0m * [36mas[0m [33mContextMenuPrimitive[0m [36mfrom[0m [32m"@radix-ui/react-context-menu"[0m
  [90m  |[0m [31m[1m^^^^^^^^^^^^^^^^^^^^^^^^^^^^^^^^^^^^^^^^^^^^^^^^^^^^^^^^^^^^^^^^^^^^[0m
  [90m3 |[0m [36mimport[0m { [33mCheck[0m, [33mChevronRight[0m, [33mCircle[0m } [36mfrom[0m [32m"lucide-react"[0m
  [90m4 |[0m
  [90m5 |[0m [36mimport[0m { cn } [36mfrom[0m [32m"@/lib/utils"[0m



Import traces:
  Client Component Browser:
    ./components/ui/context-menu.jsx [Client Component Browser]
    ./components/MenuItemCard.jsx [Client Component Browser]
    ./app/(home)/page.js [Client Component Browser]
    ./app/(home)/page.js [Server Component]

  Client Component SSR:
    ./components/ui/context-menu.jsx [Client Component SSR]
    ./components/MenuItemCard.jsx [Client Component SSR]
    ./app/(home)/page.js [Client Component SSR]
    ./app/(home)/page.js [Server Component]

https://nextjs.org/docs/messages/module-not-found


⨯ ./components/ui/context-menu.jsx:2:1
Module not found: Can't resolve '@radix-ui/react-context-menu'
  [90m1 |[0m [36mimport[0m * [36mas[0m [33mReact[0m [36mfrom[0m [32m"react"[0m
[31m[1m>[0m [90m2 |[0m [36mimport[0m * [36mas[0m [33mContextMenuPrimitive[0m [36mfrom[0m [32m"@radix-ui/react-context-menu"[0m
  [90m  |[0m [31m[1m^^^^^^^^^^^^^^^^^^^^^^^^^^^^^^^^^^^^^^^^^^^^^^^^^^^^^^^^^^^^^^^^^^^^[0m
  [90m3 |[0m [36mimport[0m { [33mCheck[0m, [33mChevronRight[0m, [33mCircle[0m } [36mfrom[0m [32m"lucide-react"[0m
  [90m4 |[0m
  [90m5 |[0m [36mimport[0m { cn } [36mfrom[0m [32m"@/lib/utils"[0m



Import traces:
  Client Component Browser:
    ./components/ui/context-menu.jsx [Client Component Browser]
    ./components/MenuItemCard.jsx [Client Component Browser]
    ./app/(home)/page.js [Client Component Browser]
    ./app/(home)/page.js [Server Component]

  Client Component SSR:
    ./components/ui/context-menu.jsx [Client Component SSR]
    ./components/MenuItemCard.jsx [Client Component SSR]
    ./app/(home)/page.js [Client Component SSR]
    ./app/(home)/page.js [Server Component]

https://nextjs.org/docs/messages/module-not-found


⨯ ./components/ui/context-menu.jsx:2:1
Module not found: Can't resolve '@radix-ui/react-context-menu'
  [90m1 |[0m [36mimport[0m * [36mas[0m [33mReact[0m [36mfrom[0m [32m"react"[0m
[31m[1m>[0m [90m2 |[0m [36mimport[0m * [36mas[0m [33mContextMenuPrimitive[0m [36mfrom[0m [32m"@radix-ui/react-context-menu"[0m
  [90m  |[0m [31m[1m^^^^^^^^^^^^^^^^^^^^^^^^^^^^^^^^^^^^^^^^^^^^^^^^^^^^^^^^^^^^^^^^^^^^[0m
  [90m3 |[0m [36mimport[0m { [33mCheck[0m, [33mChevronRight[0m, [33mCircle[0m } [36mfrom[0m [32m"lucide-react"[0m
  [90m4 |[0m
  [90m5 |[0m [36mimport[0m { cn } [36mfrom[0m [32m"@/lib/utils"[0m



Import traces:
  Client Component Browser:
    ./components/ui/context-menu.jsx [Client Component Browser]
    ./components/MenuItemCard.jsx [Client Component Browser]
    ./app/(home)/page.js [Client Component Browser]
    ./app/(home)/page.js [Server Component]

  Client Component SSR:
    ./components/ui/context-menu.jsx [Client Component SSR]
    ./components/MenuItemCard.jsx [Client Component SSR]
    ./app/(home)/page.js [Client Component SSR]
    ./app/(home)/page.js [Server Component]

https://nextjs.org/docs/messages/module-not-found


⨯ ./components/ui/context-menu.jsx:2:1
Module not found: Can't resolve '@radix-ui/react-context-menu'
  [90m1 |[0m [36mimport[0m * [36mas[0m [33mReact[0m [36mfrom[0m [32m"react"[0m
[31m[1m>[0m [90m2 |[0m [36mimport[0m * [36mas[0m [33mContextMenuPrimitive[0m [36mfrom[0m [32m"@radix-ui/react-context-menu"[0m
  [90m  |[0m [31m[1m^^^^^^^^^^^^^^^^^^^^^^^^^^^^^^^^^^^^^^^^^^^^^^^^^^^^^^^^^^^^^^^^^^^^[0m
  [90m3 |[0m [36mimport[0m { [33mCheck[0m, [33mChevronRight[0m, [33mCircle[0m } [36mfrom[0m [32m"lucide-react"[0m
  [90m4 |[0m
  [90m5 |[0m [36mimport[0m { cn } [36mfrom[0m [32m"@/lib/utils"[0m



Import traces:
  Client Component Browser:
    ./components/ui/context-menu.jsx [Client Component Browser]
    ./components/MenuItemCard.jsx [Client Component Browser]
    ./app/(home)/page.js [Client Component Browser]
    ./app/(home)/page.js [Server Component]

  Client Component SSR:
    ./components/ui/context-menu.jsx [Client Component SSR]
    ./components/MenuItemCard.jsx [Client Component SSR]
    ./app/(home)/page.js [Client Component SSR]
    ./app/(home)/page.js [Server Component]

https://nextjs.org/docs/messages/module-not-found


⨯ ./components/ui/context-menu.jsx:2:1
Module not found: Can't resolve '@radix-ui/react-context-menu'
  [90m1 |[0m [36mimport[0m * [36mas[0m [33mReact[0m [36mfrom[0m [32m"react"[0m
[31m[1m>[0m [90m2 |[0m [36mimport[0m * [36mas[0m [33mContextMenuPrimitive[0m [36mfrom[0m [32m"@radix-ui/react-context-menu"[0m
  [90m  |[0m [31m[1m^^^^^^^^^^^^^^^^^^^^^^^^^^^^^^^^^^^^^^^^^^^^^^^^^^^^^^^^^^^^^^^^^^^^[0m
  [90m3 |[0m [36mimport[0m { [33mCheck[0m, [33mChevronRight[0m, [33mCircle[0m } [36mfrom[0m [32m"lucide-react"[0m
  [90m4 |[0m
  [90m5 |[0m [36mimport[0m { cn } [36mfrom[0m [32m"@/lib/utils"[0m



Import traces:
  Client Component Browser:
    ./components/ui/context-menu.jsx [Client Component Browser]
    ./components/MenuItemCard.jsx [Client Component Browser]
    ./app/(home)/page.js [Client Component Browser]
    ./app/(home)/page.js [Server Component]

  Client Component SSR:
    ./components/ui/context-menu.jsx [Client Component SSR]
    ./components/MenuItemCard.jsx [Client Component SSR]
    ./app/(home)/page.js [Client Component SSR]
    ./app/(home)/page.js [Server Component]

https://nextjs.org/docs/messages/module-not-found


⨯ ./components/ui/context-menu.jsx:2:1
Module not found: Can't resolve '@radix-ui/react-context-menu'
  [90m1 |[0m [36mimport[0m * [36mas[0m [33mReact[0m [36mfrom[0m [32m"react"[0m
[31m[1m>[0m [90m2 |[0m [36mimport[0m * [36mas[0m [33mContextMenuPrimitive[0m [36mfrom[0m [32m"@radix-ui/react-context-menu"[0m
  [90m  |[0m [31m[1m^^^^^^^^^^^^^^^^^^^^^^^^^^^^^^^^^^^^^^^^^^^^^^^^^^^^^^^^^^^^^^^^^^^^[0m
  [90m3 |[0m [36mimport[0m { [33mCheck[0m, [33mChevronRight[0m, [33mCircle[0m } [36mfrom[0m [32m"lucide-react"[0m
  [90m4 |[0m
  [90m5 |[0m [36mimport[0m { cn } [36mfrom[0m [32m"@/lib/utils"[0m



Import traces:
  Client Component Browser:
    ./components/ui/context-menu.jsx [Client Component Browser]
    ./components/MenuItemCard.jsx [Client Component Browser]
    ./app/(home)/page.js [Client Component Browser]
    ./app/(home)/page.js [Server Component]

  Client Component SSR:
    ./components/ui/context-menu.jsx [Client Component SSR]
    ./components/MenuItemCard.jsx [Client Component SSR]
    ./app/(home)/page.js [Client Component SSR]
    ./app/(home)/page.js [Server Component]

https://nextjs.org/docs/messages/module-not-found


⨯ ./components/ui/context-menu.jsx:2:1
Module not found: Can't resolve '@radix-ui/react-context-menu'
  [90m1 |[0m [36mimport[0m * [36mas[0m [33mReact[0m [36mfrom[0m [32m"react"[0m
[31m[1m>[0m [90m2 |[0m [36mimport[0m * [36mas[0m [33mContextMenuPrimitive[0m [36mfrom[0m [32m"@radix-ui/react-context-menu"[0m
  [90m  |[0m [31m[1m^^^^^^^^^^^^^^^^^^^^^^^^^^^^^^^^^^^^^^^^^^^^^^^^^^^^^^^^^^^^^^^^^^^^[0m
  [90m3 |[0m [36mimport[0m { [33mCheck[0m, [33mChevronRight[0m, [33mCircle[0m } [36mfrom[0m [32m"lucide-react"[0m
  [90m4 |[0m
  [90m5 |[0m [36mimport[0m { cn } [36mfrom[0m [32m"@/lib/utils"[0m



Import traces:
  Client Component Browser:
    ./components/ui/context-menu.jsx [Client Component Browser]
    ./components/MenuItemCard.jsx [Client Component Browser]
    ./app/(home)/page.js [Client Component Browser]
    ./app/(home)/page.js [Server Component]

  Client Component SSR:
    ./components/ui/context-menu.jsx [Client Component SSR]
    ./components/MenuItemCard.jsx [Client Component SSR]
    ./app/(home)/page.js [Client Component SSR]
    ./app/(home)/page.js [Server Component]

https://nextjs.org/docs/messages/module-not-found


⨯ ./components/ui/context-menu.jsx:2:1
Module not found: Can't resolve '@radix-ui/react-context-menu'
  [90m1 |[0m [36mimport[0m * [36mas[0m [33mReact[0m [36mfrom[0m [32m"react"[0m
[31m[1m>[0m [90m2 |[0m [36mimport[0m * [36mas[0m [33mContextMenuPrimitive[0m [36mfrom[0m [32m"@radix-ui/react-context-menu"[0m
  [90m  |[0m [31m[1m^^^^^^^^^^^^^^^^^^^^^^^^^^^^^^^^^^^^^^^^^^^^^^^^^^^^^^^^^^^^^^^^^^^^[0m
  [90m3 |[0m [36mimport[0m { [33mCheck[0m, [33mChevronRight[0m, [33mCircle[0m } [36mfrom[0m [32m"lucide-react"[0m
  [90m4 |[0m
  [90m5 |[0m [36mimport[0m { cn } [36mfrom[0m [32m"@/lib/utils"[0m



Import traces:
  Client Component Browser:
    ./components/ui/context-menu.jsx [Client Component Browser]
    ./components/MenuItemCard.jsx [Client Component Browser]
    ./app/(home)/page.js [Client Component Browser]
    ./app/(home)/page.js [Server Component]

  Client Component SSR:
    ./components/ui/context-menu.jsx [Client Component SSR]
    ./components/MenuItemCard.jsx [Client Component SSR]
    ./app/(home)/page.js [Client Component SSR]
    ./app/(home)/page.js [Server Component]

https://nextjs.org/docs/messages/module-not-found


⨯ ./components/ui/context-menu.jsx:2:1
Module not found: Can't resolve '@radix-ui/react-context-menu'
  [90m1 |[0m [36mimport[0m * [36mas[0m [33mReact[0m [36mfrom[0m [32m"react"[0m
[31m[1m>[0m [90m2 |[0m [36mimport[0m * [36mas[0m [33mContextMenuPrimitive[0m [36mfrom[0m [32m"@radix-ui/react-context-menu"[0m
  [90m  |[0m [31m[1m^^^^^^^^^^^^^^^^^^^^^^^^^^^^^^^^^^^^^^^^^^^^^^^^^^^^^^^^^^^^^^^^^^^^[0m
  [90m3 |[0m [36mimport[0m { [33mCheck[0m, [33mChevronRight[0m, [33mCircle[0m } [36mfrom[0m [32m"lucide-react"[0m
  [90m4 |[0m
  [90m5 |[0m [36mimport[0m { cn } [36mfrom[0m [32m"@/lib/utils"[0m



Import traces:
  Client Component Browser:
    ./components/ui/context-menu.jsx [Client Component Browser]
    ./components/MenuItemCard.jsx [Client Component Browser]
    ./app/(home)/page.js [Client Component Browser]
    ./app/(home)/page.js [Server Component]

  Client Component SSR:
    ./components/ui/context-menu.jsx [Client Component SSR]
    ./components/MenuItemCard.jsx [Client Component SSR]
    ./app/(home)/page.js [Client Component SSR]
    ./app/(home)/page.js [Server Component]

https://nextjs.org/docs/messages/module-not-found


⨯ ./components/ui/context-menu.jsx:2:1
Module not found: Can't resolve '@radix-ui/react-context-menu'
  [90m1 |[0m [36mimport[0m * [36mas[0m [33mReact[0m [36mfrom[0m [32m"react"[0m
[31m[1m>[0m [90m2 |[0m [36mimport[0m * [36mas[0m [33mContextMenuPrimitive[0m [36mfrom[0m [32m"@radix-ui/react-context-menu"[0m
  [90m  |[0m [31m[1m^^^^^^^^^^^^^^^^^^^^^^^^^^^^^^^^^^^^^^^^^^^^^^^^^^^^^^^^^^^^^^^^^^^^[0m
  [90m3 |[0m [36mimport[0m { [33mCheck[0m, [33mChevronRight[0m, [33mCircle[0m } [36mfrom[0m [32m"lucide-react"[0m
  [90m4 |[0m
  [90m5 |[0m [36mimport[0m { cn } [36mfrom[0m [32m"@/lib/utils"[0m



Import traces:
  Client Component Browser:
    ./components/ui/context-menu.jsx [Client Component Browser]
    ./components/MenuItemCard.jsx [Client Component Browser]
    ./app/(home)/page.js [Client Component Browser]
    ./app/(home)/page.js [Server Component]

  Client Component SSR:
    ./components/ui/context-menu.jsx [Client Component SSR]
    ./components/MenuItemCard.jsx [Client Component SSR]
    ./app/(home)/page.js [Client Component SSR]
    ./app/(home)/page.js [Server Component]

https://nextjs.org/docs/messages/module-not-found


⨯ ./components/ui/context-menu.jsx:2:1
Module not found: Can't resolve '@radix-ui/react-context-menu'
  [90m1 |[0m [36mimport[0m * [36mas[0m [33mReact[0m [36mfrom[0m [32m"react"[0m
[31m[1m>[0m [90m2 |[0m [36mimport[0m * [36mas[0m [33mContextMenuPrimitive[0m [36mfrom[0m [32m"@radix-ui/react-context-menu"[0m
  [90m  |[0m [31m[1m^^^^^^^^^^^^^^^^^^^^^^^^^^^^^^^^^^^^^^^^^^^^^^^^^^^^^^^^^^^^^^^^^^^^[0m
  [90m3 |[0m [36mimport[0m { [33mCheck[0m, [33mChevronRight[0m, [33mCircle[0m } [36mfrom[0m [32m"lucide-react"[0m
  [90m4 |[0m
  [90m5 |[0m [36mimport[0m { cn } [36mfrom[0m [32m"@/lib/utils"[0m



Import traces:
  Client Component Browser:
    ./components/ui/context-menu.jsx [Client Component Browser]
    ./components/MenuItemCard.jsx [Client Component Browser]
    ./app/(home)/page.js [Client Component Browser]
    ./app/(home)/page.js [Server Component]

  Client Component SSR:
    ./components/ui/context-menu.jsx [Client Component SSR]
    ./components/MenuItemCard.jsx [Client Component SSR]
    ./app/(home)/page.js [Client Component SSR]
    ./app/(home)/page.js [Server Component]

https://nextjs.org/docs/messages/module-not-found


⨯ ./components/ui/context-menu.jsx:2:1
Module not found: Can't resolve '@radix-ui/react-context-menu'
  [90m1 |[0m [36mimport[0m * [36mas[0m [33mReact[0m [36mfrom[0m [32m"react"[0m
[31m[1m>[0m [90m2 |[0m [36mimport[0m * [36mas[0m [33mContextMenuPrimitive[0m [36mfrom[0m [32m"@radix-ui/react-context-menu"[0m
  [90m  |[0m [31m[1m^^^^^^^^^^^^^^^^^^^^^^^^^^^^^^^^^^^^^^^^^^^^^^^^^^^^^^^^^^^^^^^^^^^^[0m
  [90m3 |[0m [36mimport[0m { [33mCheck[0m, [33mChevronRight[0m, [33mCircle[0m } [36mfrom[0m [32m"lucide-react"[0m
  [90m4 |[0m
  [90m5 |[0m [36mimport[0m { cn } [36mfrom[0m [32m"@/lib/utils"[0m



Import traces:
  Client Component Browser:
    ./components/ui/context-menu.jsx [Client Component Browser]
    ./components/MenuItemCard.jsx [Client Component Browser]
    ./app/(home)/page.js [Client Component Browser]
    ./app/(home)/page.js [Server Component]

  Client Component SSR:
    ./components/ui/context-menu.jsx [Client Component SSR]
    ./components/MenuItemCard.jsx [Client Component SSR]
    ./app/(home)/page.js [Client Component SSR]
    ./app/(home)/page.js [Server Component]

https://nextjs.org/docs/messages/module-not-found


⨯ ./components/ui/context-menu.jsx:2:1
Module not found: Can't resolve '@radix-ui/react-context-menu'
  [90m1 |[0m [36mimport[0m * [36mas[0m [33mReact[0m [36mfrom[0m [32m"react"[0m
[31m[1m>[0m [90m2 |[0m [36mimport[0m * [36mas[0m [33mContextMenuPrimitive[0m [36mfrom[0m [32m"@radix-ui/react-context-menu"[0m
  [90m  |[0m [31m[1m^^^^^^^^^^^^^^^^^^^^^^^^^^^^^^^^^^^^^^^^^^^^^^^^^^^^^^^^^^^^^^^^^^^^[0m
  [90m3 |[0m [36mimport[0m { [33mCheck[0m, [33mChevronRight[0m, [33mCircle[0m } [36mfrom[0m [32m"lucide-react"[0m
  [90m4 |[0m
  [90m5 |[0m [36mimport[0m { cn } [36mfrom[0m [32m"@/lib/utils"[0m



Import traces:
  Client Component Browser:
    ./components/ui/context-menu.jsx [Client Component Browser]
    ./components/MenuItemCard.jsx [Client Component Browser]
    ./app/(home)/page.js [Client Component Browser]
    ./app/(home)/page.js [Server Component]

  Client Component SSR:
    ./components/ui/context-menu.jsx [Client Component SSR]
    ./components/MenuItemCard.jsx [Client Component SSR]
    ./app/(home)/page.js [Client Component SSR]
    ./app/(home)/page.js [Server Component]

https://nextjs.org/docs/messages/module-not-found


⨯ ./components/ui/context-menu.jsx:2:1
Module not found: Can't resolve '@radix-ui/react-context-menu'
  [90m1 |[0m [36mimport[0m * [36mas[0m [33mReact[0m [36mfrom[0m [32m"react"[0m
[31m[1m>[0m [90m2 |[0m [36mimport[0m * [36mas[0m [33mContextMenuPrimitive[0m [36mfrom[0m [32m"@radix-ui/react-context-menu"[0m
  [90m  |[0m [31m[1m^^^^^^^^^^^^^^^^^^^^^^^^^^^^^^^^^^^^^^^^^^^^^^^^^^^^^^^^^^^^^^^^^^^^[0m
  [90m3 |[0m [36mimport[0m { [33mCheck[0m, [33mChevronRight[0m, [33mCircle[0m } [36mfrom[0m [32m"lucide-react"[0m
  [90m4 |[0m
  [90m5 |[0m [36mimport[0m { cn } [36mfrom[0m [32m"@/lib/utils"[0m



Import traces:
  Client Component Browser:
    ./components/ui/context-menu.jsx [Client Component Browser]
    ./components/MenuItemCard.jsx [Client Component Browser]
    ./app/(home)/page.js [Client Component Browser]
    ./app/(home)/page.js [Server Component]

  Client Component SSR:
    ./components/ui/context-menu.jsx [Client Component SSR]
    ./components/MenuItemCard.jsx [Client Component SSR]
    ./app/(home)/page.js [Client Component SSR]
    ./app/(home)/page.js [Server Component]

https://nextjs.org/docs/messages/module-not-found


⨯ ./components/ui/context-menu.jsx:2:1
Module not found: Can't resolve '@radix-ui/react-context-menu'
  [90m1 |[0m [36mimport[0m * [36mas[0m [33mReact[0m [36mfrom[0m [32m"react"[0m
[31m[1m>[0m [90m2 |[0m [36mimport[0m * [36mas[0m [33mContextMenuPrimitive[0m [36mfrom[0m [32m"@radix-ui/react-context-menu"[0m
  [90m  |[0m [31m[1m^^^^^^^^^^^^^^^^^^^^^^^^^^^^^^^^^^^^^^^^^^^^^^^^^^^^^^^^^^^^^^^^^^^^[0m
  [90m3 |[0m [36mimport[0m { [33mCheck[0m, [33mChevronRight[0m, [33mCircle[0m } [36mfrom[0m [32m"lucide-react"[0m
  [90m4 |[0m
  [90m5 |[0m [36mimport[0m { cn } [36mfrom[0m [32m"@/lib/utils"[0m



Import traces:
  Client Component Browser:
    ./components/ui/context-menu.jsx [Client Component Browser]
    ./components/MenuItemCard.jsx [Client Component Browser]
    ./app/(home)/page.js [Client Component Browser]
    ./app/(home)/page.js [Server Component]

  Client Component SSR:
    ./components/ui/context-menu.jsx [Client Component SSR]
    ./components/MenuItemCard.jsx [Client Component SSR]
    ./app/(home)/page.js [Client Component SSR]
    ./app/(home)/page.js [Server Component]

https://nextjs.org/docs/messages/module-not-found


⨯ ./components/ui/context-menu.jsx:2:1
Module not found: Can't resolve '@radix-ui/react-context-menu'
  [90m1 |[0m [36mimport[0m * [36mas[0m [33mReact[0m [36mfrom[0m [32m"react"[0m
[31m[1m>[0m [90m2 |[0m [36mimport[0m * [36mas[0m [33mContextMenuPrimitive[0m [36mfrom[0m [32m"@radix-ui/react-context-menu"[0m
  [90m  |[0m [31m[1m^^^^^^^^^^^^^^^^^^^^^^^^^^^^^^^^^^^^^^^^^^^^^^^^^^^^^^^^^^^^^^^^^^^^[0m
  [90m3 |[0m [36mimport[0m { [33mCheck[0m, [33mChevronRight[0m, [33mCircle[0m } [36mfrom[0m [32m"lucide-react"[0m
  [90m4 |[0m
  [90m5 |[0m [36mimport[0m { cn } [36mfrom[0m [32m"@/lib/utils"[0m



Import traces:
  Client Component Browser:
    ./components/ui/context-menu.jsx [Client Component Browser]
    ./components/MenuItemCard.jsx [Client Component Browser]
    ./app/(home)/page.js [Client Component Browser]
    ./app/(home)/page.js [Server Component]

  Client Component SSR:
    ./components/ui/context-menu.jsx [Client Component SSR]
    ./components/MenuItemCard.jsx [Client Component SSR]
    ./app/(home)/page.js [Client Component SSR]
    ./app/(home)/page.js [Server Component]

https://nextjs.org/docs/messages/module-not-found


⨯ ./components/ui/context-menu.jsx:2:1
Module not found: Can't resolve '@radix-ui/react-context-menu'
  [90m1 |[0m [36mimport[0m * [36mas[0m [33mReact[0m [36mfrom[0m [32m"react"[0m
[31m[1m>[0m [90m2 |[0m [36mimport[0m * [36mas[0m [33mContextMenuPrimitive[0m [36mfrom[0m [32m"@radix-ui/react-context-menu"[0m
  [90m  |[0m [31m[1m^^^^^^^^^^^^^^^^^^^^^^^^^^^^^^^^^^^^^^^^^^^^^^^^^^^^^^^^^^^^^^^^^^^^[0m
  [90m3 |[0m [36mimport[0m { [33mCheck[0m, [33mChevronRight[0m, [33mCircle[0m } [36mfrom[0m [32m"lucide-react"[0m
  [90m4 |[0m
  [90m5 |[0m [36mimport[0m { cn } [36mfrom[0m [32m"@/lib/utils"[0m



Import traces:
  Client Component Browser:
    ./components/ui/context-menu.jsx [Client Component Browser]
    ./components/MenuItemCard.jsx [Client Component Browser]
    ./app/(home)/page.js [Client Component Browser]
    ./app/(home)/page.js [Server Component]

  Client Component SSR:
    ./components/ui/context-menu.jsx [Client Component SSR]
    ./components/MenuItemCard.jsx [Client Component SSR]
    ./app/(home)/page.js [Client Component SSR]
    ./app/(home)/page.js [Server Component]

https://nextjs.org/docs/messages/module-not-found


⨯ ./components/ui/context-menu.jsx:2:1
Module not found: Can't resolve '@radix-ui/react-context-menu'
  [90m1 |[0m [36mimport[0m * [36mas[0m [33mReact[0m [36mfrom[0m [32m"react"[0m
[31m[1m>[0m [90m2 |[0m [36mimport[0m * [36mas[0m [33mContextMenuPrimitive[0m [36mfrom[0m [32m"@radix-ui/react-context-menu"[0m
  [90m  |[0m [31m[1m^^^^^^^^^^^^^^^^^^^^^^^^^^^^^^^^^^^^^^^^^^^^^^^^^^^^^^^^^^^^^^^^^^^^[0m
  [90m3 |[0m [36mimport[0m { [33mCheck[0m, [33mChevronRight[0m, [33mCircle[0m } [36mfrom[0m [32m"lucide-react"[0m
  [90m4 |[0m
  [90m5 |[0m [36mimport[0m { cn } [36mfrom[0m [32m"@/lib/utils"[0m



Import traces:
  Client Component Browser:
    ./components/ui/context-menu.jsx [Client Component Browser]
    ./components/MenuItemCard.jsx [Client Component Browser]
    ./app/(home)/page.js [Client Component Browser]
    ./app/(home)/page.js [Server Component]

  Client Component SSR:
    ./components/ui/context-menu.jsx [Client Component SSR]
    ./components/MenuItemCard.jsx [Client Component SSR]
    ./app/(home)/page.js [Client Component SSR]
    ./app/(home)/page.js [Server Component]

https://nextjs.org/docs/messages/module-not-found


⨯ ./components/ui/context-menu.jsx:2:1
Module not found: Can't resolve '@radix-ui/react-context-menu'
  [90m1 |[0m [36mimport[0m * [36mas[0m [33mReact[0m [36mfrom[0m [32m"react"[0m
[31m[1m>[0m [90m2 |[0m [36mimport[0m * [36mas[0m [33mContextMenuPrimitive[0m [36mfrom[0m [32m"@radix-ui/react-context-menu"[0m
  [90m  |[0m [31m[1m^^^^^^^^^^^^^^^^^^^^^^^^^^^^^^^^^^^^^^^^^^^^^^^^^^^^^^^^^^^^^^^^^^^^[0m
  [90m3 |[0m [36mimport[0m { [33mCheck[0m, [33mChevronRight[0m, [33mCircle[0m } [36mfrom[0m [32m"lucide-react"[0m
  [90m4 |[0m
  [90m5 |[0m [36mimport[0m { cn } [36mfrom[0m [32m"@/lib/utils"[0m



Import traces:
  Client Component Browser:
    ./components/ui/context-menu.jsx [Client Component Browser]
    ./components/MenuItemCard.jsx [Client Component Browser]
    ./app/(home)/page.js [Client Component Browser]
    ./app/(home)/page.js [Server Component]

  Client Component SSR:
    ./components/ui/context-menu.jsx [Client Component SSR]
    ./components/MenuItemCard.jsx [Client Component SSR]
    ./app/(home)/page.js [Client Component SSR]
    ./app/(home)/page.js [Server Component]

https://nextjs.org/docs/messages/module-not-found


⨯ ./components/ui/context-menu.jsx:2:1
Module not found: Can't resolve '@radix-ui/react-context-menu'
  [90m1 |[0m [36mimport[0m * [36mas[0m [33mReact[0m [36mfrom[0m [32m"react"[0m
[31m[1m>[0m [90m2 |[0m [36mimport[0m * [36mas[0m [33mContextMenuPrimitive[0m [36mfrom[0m [32m"@radix-ui/react-context-menu"[0m
  [90m  |[0m [31m[1m^^^^^^^^^^^^^^^^^^^^^^^^^^^^^^^^^^^^^^^^^^^^^^^^^^^^^^^^^^^^^^^^^^^^[0m
  [90m3 |[0m [36mimport[0m { [33mCheck[0m, [33mChevronRight[0m, [33mCircle[0m } [36mfrom[0m [32m"lucide-react"[0m
  [90m4 |[0m
  [90m5 |[0m [36mimport[0m { cn } [36mfrom[0m [32m"@/lib/utils"[0m



Import traces:
  Client Component Browser:
    ./components/ui/context-menu.jsx [Client Component Browser]
    ./components/MenuItemCard.jsx [Client Component Browser]
    ./app/(home)/page.js [Client Component Browser]
    ./app/(home)/page.js [Server Component]

  Client Component SSR:
    ./components/ui/context-menu.jsx [Client Component SSR]
    ./components/MenuItemCard.jsx [Client Component SSR]
    ./app/(home)/page.js [Client Component SSR]
    ./app/(home)/page.js [Server Component]

https://nextjs.org/docs/messages/module-not-found


⨯ ./components/ui/context-menu.jsx:2:1
Module not found: Can't resolve '@radix-ui/react-context-menu'
  [90m1 |[0m [36mimport[0m * [36mas[0m [33mReact[0m [36mfrom[0m [32m"react"[0m
[31m[1m>[0m [90m2 |[0m [36mimport[0m * [36mas[0m [33mContextMenuPrimitive[0m [36mfrom[0m [32m"@radix-ui/react-context-menu"[0m
  [90m  |[0m [31m[1m^^^^^^^^^^^^^^^^^^^^^^^^^^^^^^^^^^^^^^^^^^^^^^^^^^^^^^^^^^^^^^^^^^^^[0m
  [90m3 |[0m [36mimport[0m { [33mCheck[0m, [33mChevronRight[0m, [33mCircle[0m } [36mfrom[0m [32m"lucide-react"[0m
  [90m4 |[0m
  [90m5 |[0m [36mimport[0m { cn } [36mfrom[0m [32m"@/lib/utils"[0m



Import traces:
  Client Component Browser:
    ./components/ui/context-menu.jsx [Client Component Browser]
    ./components/MenuItemCard.jsx [Client Component Browser]
    ./app/(home)/page.js [Client Component Browser]
    ./app/(home)/page.js [Server Component]

  Client Component SSR:
    ./components/ui/context-menu.jsx [Client Component SSR]
    ./components/MenuItemCard.jsx [Client Component SSR]
    ./app/(home)/page.js [Client Component SSR]
    ./app/(home)/page.js [Server Component]

https://nextjs.org/docs/messages/module-not-found


⨯ ./components/ui/context-menu.jsx:2:1
Module not found: Can't resolve '@radix-ui/react-context-menu'
  [90m1 |[0m [36mimport[0m * [36mas[0m [33mReact[0m [36mfrom[0m [32m"react"[0m
[31m[1m>[0m [90m2 |[0m [36mimport[0m * [36mas[0m [33mContextMenuPrimitive[0m [36mfrom[0m [32m"@radix-ui/react-context-menu"[0m
  [90m  |[0m [31m[1m^^^^^^^^^^^^^^^^^^^^^^^^^^^^^^^^^^^^^^^^^^^^^^^^^^^^^^^^^^^^^^^^^^^^[0m
  [90m3 |[0m [36mimport[0m { [33mCheck[0m, [33mChevronRight[0m, [33mCircle[0m } [36mfrom[0m [32m"lucide-react"[0m
  [90m4 |[0m
  [90m5 |[0m [36mimport[0m { cn } [36mfrom[0m [32m"@/lib/utils"[0m



Import traces:
  Client Component Browser:
    ./components/ui/context-menu.jsx [Client Component Browser]
    ./components/MenuItemCard.jsx [Client Component Browser]
    ./app/(home)/page.js [Client Component Browser]
    ./app/(home)/page.js [Server Component]

  Client Component SSR:
    ./components/ui/context-menu.jsx [Client Component SSR]
    ./components/MenuItemCard.jsx [Client Component SSR]
    ./app/(home)/page.js [Client Component SSR]
    ./app/(home)/page.js [Server Component]

https://nextjs.org/docs/messages/module-not-found


⨯ ./components/ui/context-menu.jsx:2:1
Module not found: Can't resolve '@radix-ui/react-context-menu'
  [90m1 |[0m [36mimport[0m * [36mas[0m [33mReact[0m [36mfrom[0m [32m"react"[0m
[31m[1m>[0m [90m2 |[0m [36mimport[0m * [36mas[0m [33mContextMenuPrimitive[0m [36mfrom[0m [32m"@radix-ui/react-context-menu"[0m
  [90m  |[0m [31m[1m^^^^^^^^^^^^^^^^^^^^^^^^^^^^^^^^^^^^^^^^^^^^^^^^^^^^^^^^^^^^^^^^^^^^[0m
  [90m3 |[0m [36mimport[0m { [33mCheck[0m, [33mChevronRight[0m, [33mCircle[0m } [36mfrom[0m [32m"lucide-react"[0m
  [90m4 |[0m
  [90m5 |[0m [36mimport[0m { cn } [36mfrom[0m [32m"@/lib/utils"[0m



Import traces:
  Client Component Browser:
    ./components/ui/context-menu.jsx [Client Component Browser]
    ./components/MenuItemCard.jsx [Client Component Browser]
    ./app/(home)/page.js [Client Component Browser]
    ./app/(home)/page.js [Server Component]

  Client Component SSR:
    ./components/ui/context-menu.jsx [Client Component SSR]
    ./components/MenuItemCard.jsx [Client Component SSR]
    ./app/(home)/page.js [Client Component SSR]
    ./app/(home)/page.js [Server Component]

https://nextjs.org/docs/messages/module-not-found


⨯ ./components/ui/context-menu.jsx:2:1
Module not found: Can't resolve '@radix-ui/react-context-menu'
  [90m1 |[0m [36mimport[0m * [36mas[0m [33mReact[0m [36mfrom[0m [32m"react"[0m
[31m[1m>[0m [90m2 |[0m [36mimport[0m * [36mas[0m [33mContextMenuPrimitive[0m [36mfrom[0m [32m"@radix-ui/react-context-menu"[0m
  [90m  |[0m [31m[1m^^^^^^^^^^^^^^^^^^^^^^^^^^^^^^^^^^^^^^^^^^^^^^^^^^^^^^^^^^^^^^^^^^^^[0m
  [90m3 |[0m [36mimport[0m { [33mCheck[0m, [33mChevronRight[0m, [33mCircle[0m } [36mfrom[0m [32m"lucide-react"[0m
  [90m4 |[0m
  [90m5 |[0m [36mimport[0m { cn } [36mfrom[0m [32m"@/lib/utils"[0m



Import traces:
  Client Component Browser:
    ./components/ui/context-menu.jsx [Client Component Browser]
    ./components/MenuItemCard.jsx [Client Component Browser]
    ./app/(home)/page.js [Client Component Browser]
    ./app/(home)/page.js [Server Component]

  Client Component SSR:
    ./components/ui/context-menu.jsx [Client Component SSR]
    ./components/MenuItemCard.jsx [Client Component SSR]
    ./app/(home)/page.js [Client Component SSR]
    ./app/(home)/page.js [Server Component]

https://nextjs.org/docs/messages/module-not-found


⨯ ./components/ui/context-menu.jsx:2:1
Module not found: Can't resolve '@radix-ui/react-context-menu'
  [90m1 |[0m [36mimport[0m * [36mas[0m [33mReact[0m [36mfrom[0m [32m"react"[0m
[31m[1m>[0m [90m2 |[0m [36mimport[0m * [36mas[0m [33mContextMenuPrimitive[0m [36mfrom[0m [32m"@radix-ui/react-context-menu"[0m
  [90m  |[0m [31m[1m^^^^^^^^^^^^^^^^^^^^^^^^^^^^^^^^^^^^^^^^^^^^^^^^^^^^^^^^^^^^^^^^^^^^[0m
  [90m3 |[0m [36mimport[0m { [33mCheck[0m, [33mChevronRight[0m, [33mCircle[0m } [36mfrom[0m [32m"lucide-react"[0m
  [90m4 |[0m
  [90m5 |[0m [36mimport[0m { cn } [36mfrom[0m [32m"@/lib/utils"[0m



Import traces:
  Client Component Browser:
    ./components/ui/context-menu.jsx [Client Component Browser]
    ./components/MenuItemCard.jsx [Client Component Browser]
    ./app/(home)/page.js [Client Component Browser]
    ./app/(home)/page.js [Server Component]

  Client Component SSR:
    ./components/ui/context-menu.jsx [Client Component SSR]
    ./components/MenuItemCard.jsx [Client Component SSR]
    ./app/(home)/page.js [Client Component SSR]
    ./app/(home)/page.js [Server Component]

https://nextjs.org/docs/messages/module-not-found


⨯ ./components/ui/context-menu.jsx:2:1
Module not found: Can't resolve '@radix-ui/react-context-menu'
  [90m1 |[0m [36mimport[0m * [36mas[0m [33mReact[0m [36mfrom[0m [32m"react"[0m
[31m[1m>[0m [90m2 |[0m [36mimport[0m * [36mas[0m [33mContextMenuPrimitive[0m [36mfrom[0m [32m"@radix-ui/react-context-menu"[0m
  [90m  |[0m [31m[1m^^^^^^^^^^^^^^^^^^^^^^^^^^^^^^^^^^^^^^^^^^^^^^^^^^^^^^^^^^^^^^^^^^^^[0m
  [90m3 |[0m [36mimport[0m { [33mCheck[0m, [33mChevronRight[0m, [33mCircle[0m } [36mfrom[0m [32m"lucide-react"[0m
  [90m4 |[0m
  [90m5 |[0m [36mimport[0m { cn } [36mfrom[0m [32m"@/lib/utils"[0m



Import traces:
  Client Component Browser:
    ./components/ui/context-menu.jsx [Client Component Browser]
    ./components/MenuItemCard.jsx [Client Component Browser]
    ./app/(home)/page.js [Client Component Browser]
    ./app/(home)/page.js [Server Component]

  Client Component SSR:
    ./components/ui/context-menu.jsx [Client Component SSR]
    ./components/MenuItemCard.jsx [Client Component SSR]
    ./app/(home)/page.js [Client Component SSR]
    ./app/(home)/page.js [Server Component]

https://nextjs.org/docs/messages/module-not-found


⨯ ./components/ui/context-menu.jsx:2:1
Module not found: Can't resolve '@radix-ui/react-context-menu'
  [90m1 |[0m [36mimport[0m * [36mas[0m [33mReact[0m [36mfrom[0m [32m"react"[0m
[31m[1m>[0m [90m2 |[0m [36mimport[0m * [36mas[0m [33mContextMenuPrimitive[0m [36mfrom[0m [32m"@radix-ui/react-context-menu"[0m
  [90m  |[0m [31m[1m^^^^^^^^^^^^^^^^^^^^^^^^^^^^^^^^^^^^^^^^^^^^^^^^^^^^^^^^^^^^^^^^^^^^[0m
  [90m3 |[0m [36mimport[0m { [33mCheck[0m, [33mChevronRight[0m, [33mCircle[0m } [36mfrom[0m [32m"lucide-react"[0m
  [90m4 |[0m
  [90m5 |[0m [36mimport[0m { cn } [36mfrom[0m [32m"@/lib/utils"[0m



Import traces:
  Client Component Browser:
    ./components/ui/context-menu.jsx [Client Component Browser]
    ./components/MenuItemCard.jsx [Client Component Browser]
    ./app/(home)/page.js [Client Component Browser]
    ./app/(home)/page.js [Server Component]

  Client Component SSR:
    ./components/ui/context-menu.jsx [Client Component SSR]
    ./components/MenuItemCard.jsx [Client Component SSR]
    ./app/(home)/page.js [Client Component SSR]
    ./app/(home)/page.js [Server Component]

https://nextjs.org/docs/messages/module-not-found


⨯ ./components/ui/context-menu.jsx:2:1
Module not found: Can't resolve '@radix-ui/react-context-menu'
  [90m1 |[0m [36mimport[0m * [36mas[0m [33mReact[0m [36mfrom[0m [32m"react"[0m
[31m[1m>[0m [90m2 |[0m [36mimport[0m * [36mas[0m [33mContextMenuPrimitive[0m [36mfrom[0m [32m"@radix-ui/react-context-menu"[0m
  [90m  |[0m [31m[1m^^^^^^^^^^^^^^^^^^^^^^^^^^^^^^^^^^^^^^^^^^^^^^^^^^^^^^^^^^^^^^^^^^^^[0m
  [90m3 |[0m [36mimport[0m { [33mCheck[0m, [33mChevronRight[0m, [33mCircle[0m } [36mfrom[0m [32m"lucide-react"[0m
  [90m4 |[0m
  [90m5 |[0m [36mimport[0m { cn } [36mfrom[0m [32m"@/lib/utils"[0m



Import traces:
  Client Component Browser:
    ./components/ui/context-menu.jsx [Client Component Browser]
    ./components/MenuItemCard.jsx [Client Component Browser]
    ./app/(home)/page.js [Client Component Browser]
    ./app/(home)/page.js [Server Component]

  Client Component SSR:
    ./components/ui/context-menu.jsx [Client Component SSR]
    ./components/MenuItemCard.jsx [Client Component SSR]
    ./app/(home)/page.js [Client Component SSR]
    ./app/(home)/page.js [Server Component]

https://nextjs.org/docs/messages/module-not-found


⨯ ./components/ui/context-menu.jsx:2:1
Module not found: Can't resolve '@radix-ui/react-context-menu'
  [90m1 |[0m [36mimport[0m * [36mas[0m [33mReact[0m [36mfrom[0m [32m"react"[0m
[31m[1m>[0m [90m2 |[0m [36mimport[0m * [36mas[0m [33mContextMenuPrimitive[0m [36mfrom[0m [32m"@radix-ui/react-context-menu"[0m
  [90m  |[0m [31m[1m^^^^^^^^^^^^^^^^^^^^^^^^^^^^^^^^^^^^^^^^^^^^^^^^^^^^^^^^^^^^^^^^^^^^[0m
  [90m3 |[0m [36mimport[0m { [33mCheck[0m, [33mChevronRight[0m, [33mCircle[0m } [36mfrom[0m [32m"lucide-react"[0m
  [90m4 |[0m
  [90m5 |[0m [36mimport[0m { cn } [36mfrom[0m [32m"@/lib/utils"[0m



Import traces:
  Client Component Browser:
    ./components/ui/context-menu.jsx [Client Component Browser]
    ./components/MenuItemCard.jsx [Client Component Browser]
    ./app/(home)/page.js [Client Component Browser]
    ./app/(home)/page.js [Server Component]

  Client Component SSR:
    ./components/ui/context-menu.jsx [Client Component SSR]
    ./components/MenuItemCard.jsx [Client Component SSR]
    ./app/(home)/page.js [Client Component SSR]
    ./app/(home)/page.js [Server Component]

https://nextjs.org/docs/messages/module-not-found


⨯ ./components/ui/context-menu.jsx:2:1
Module not found: Can't resolve '@radix-ui/react-context-menu'
  [90m1 |[0m [36mimport[0m * [36mas[0m [33mReact[0m [36mfrom[0m [32m"react"[0m
[31m[1m>[0m [90m2 |[0m [36mimport[0m * [36mas[0m [33mContextMenuPrimitive[0m [36mfrom[0m [32m"@radix-ui/react-context-menu"[0m
  [90m  |[0m [31m[1m^^^^^^^^^^^^^^^^^^^^^^^^^^^^^^^^^^^^^^^^^^^^^^^^^^^^^^^^^^^^^^^^^^^^[0m
  [90m3 |[0m [36mimport[0m { [33mCheck[0m, [33mChevronRight[0m, [33mCircle[0m } [36mfrom[0m [32m"lucide-react"[0m
  [90m4 |[0m
  [90m5 |[0m [36mimport[0m { cn } [36mfrom[0m [32m"@/lib/utils"[0m



Import traces:
  Client Component Browser:
    ./components/ui/context-menu.jsx [Client Component Browser]
    ./components/MenuItemCard.jsx [Client Component Browser]
    ./app/(home)/page.js [Client Component Browser]
    ./app/(home)/page.js [Server Component]

  Client Component SSR:
    ./components/ui/context-menu.jsx [Client Component SSR]
    ./components/MenuItemCard.jsx [Client Component SSR]
    ./app/(home)/page.js [Client Component SSR]
    ./app/(home)/page.js [Server Component]

https://nextjs.org/docs/messages/module-not-found


⨯ ./components/ui/context-menu.jsx:2:1
Module not found: Can't resolve '@radix-ui/react-context-menu'
  [90m1 |[0m [36mimport[0m * [36mas[0m [33mReact[0m [36mfrom[0m [32m"react"[0m
[31m[1m>[0m [90m2 |[0m [36mimport[0m * [36mas[0m [33mContextMenuPrimitive[0m [36mfrom[0m [32m"@radix-ui/react-context-menu"[0m
  [90m  |[0m [31m[1m^^^^^^^^^^^^^^^^^^^^^^^^^^^^^^^^^^^^^^^^^^^^^^^^^^^^^^^^^^^^^^^^^^^^[0m
  [90m3 |[0m [36mimport[0m { [33mCheck[0m, [33mChevronRight[0m, [33mCircle[0m } [36mfrom[0m [32m"lucide-react"[0m
  [90m4 |[0m
  [90m5 |[0m [36mimport[0m { cn } [36mfrom[0m [32m"@/lib/utils"[0m



Import traces:
  Client Component Browser:
    ./components/ui/context-menu.jsx [Client Component Browser]
    ./components/MenuItemCard.jsx [Client Component Browser]
    ./app/(home)/page.js [Client Component Browser]
    ./app/(home)/page.js [Server Component]

  Client Component SSR:
    ./components/ui/context-menu.jsx [Client Component SSR]
    ./components/MenuItemCard.jsx [Client Component SSR]
    ./app/(home)/page.js [Client Component SSR]
    ./app/(home)/page.js [Server Component]

https://nextjs.org/docs/messages/module-not-found


⨯ ./components/ui/context-menu.jsx:2:1
Module not found: Can't resolve '@radix-ui/react-context-menu'
  [90m1 |[0m [36mimport[0m * [36mas[0m [33mReact[0m [36mfrom[0m [32m"react"[0m
[31m[1m>[0m [90m2 |[0m [36mimport[0m * [36mas[0m [33mContextMenuPrimitive[0m [36mfrom[0m [32m"@radix-ui/react-context-menu"[0m
  [90m  |[0m [31m[1m^^^^^^^^^^^^^^^^^^^^^^^^^^^^^^^^^^^^^^^^^^^^^^^^^^^^^^^^^^^^^^^^^^^^[0m
  [90m3 |[0m [36mimport[0m { [33mCheck[0m, [33mChevronRight[0m, [33mCircle[0m } [36mfrom[0m [32m"lucide-react"[0m
  [90m4 |[0m
  [90m5 |[0m [36mimport[0m { cn } [36mfrom[0m [32m"@/lib/utils"[0m



Import traces:
  Client Component Browser:
    ./components/ui/context-menu.jsx [Client Component Browser]
    ./components/MenuItemCard.jsx [Client Component Browser]
    ./app/(home)/page.js [Client Component Browser]
    ./app/(home)/page.js [Server Component]

  Client Component SSR:
    ./components/ui/context-menu.jsx [Client Component SSR]
    ./components/MenuItemCard.jsx [Client Component SSR]
    ./app/(home)/page.js [Client Component SSR]
    ./app/(home)/page.js [Server Component]

https://nextjs.org/docs/messages/module-not-found


⨯ ./components/ui/context-menu.jsx:2:1
Module not found: Can't resolve '@radix-ui/react-context-menu'
  [90m1 |[0m [36mimport[0m * [36mas[0m [33mReact[0m [36mfrom[0m [32m"react"[0m
[31m[1m>[0m [90m2 |[0m [36mimport[0m * [36mas[0m [33mContextMenuPrimitive[0m [36mfrom[0m [32m"@radix-ui/react-context-menu"[0m
  [90m  |[0m [31m[1m^^^^^^^^^^^^^^^^^^^^^^^^^^^^^^^^^^^^^^^^^^^^^^^^^^^^^^^^^^^^^^^^^^^^[0m
  [90m3 |[0m [36mimport[0m { [33mCheck[0m, [33mChevronRight[0m, [33mCircle[0m } [36mfrom[0m [32m"lucide-react"[0m
  [90m4 |[0m
  [90m5 |[0m [36mimport[0m { cn } [36mfrom[0m [32m"@/lib/utils"[0m



Import traces:
  Client Component Browser:
    ./components/ui/context-menu.jsx [Client Component Browser]
    ./components/MenuItemCard.jsx [Client Component Browser]
    ./app/(home)/page.js [Client Component Browser]
    ./app/(home)/page.js [Server Component]

  Client Component SSR:
    ./components/ui/context-menu.jsx [Client Component SSR]
    ./components/MenuItemCard.jsx [Client Component SSR]
    ./app/(home)/page.js [Client Component SSR]
    ./app/(home)/page.js [Server Component]

https://nextjs.org/docs/messages/module-not-found


⨯ ./components/ui/context-menu.jsx:2:1
Module not found: Can't resolve '@radix-ui/react-context-menu'
  [90m1 |[0m [36mimport[0m * [36mas[0m [33mReact[0m [36mfrom[0m [32m"react"[0m
[31m[1m>[0m [90m2 |[0m [36mimport[0m * [36mas[0m [33mContextMenuPrimitive[0m [36mfrom[0m [32m"@radix-ui/react-context-menu"[0m
  [90m  |[0m [31m[1m^^^^^^^^^^^^^^^^^^^^^^^^^^^^^^^^^^^^^^^^^^^^^^^^^^^^^^^^^^^^^^^^^^^^[0m
  [90m3 |[0m [36mimport[0m { [33mCheck[0m, [33mChevronRight[0m, [33mCircle[0m } [36mfrom[0m [32m"lucide-react"[0m
  [90m4 |[0m
  [90m5 |[0m [36mimport[0m { cn } [36mfrom[0m [32m"@/lib/utils"[0m



Import traces:
  Client Component Browser:
    ./components/ui/context-menu.jsx [Client Component Browser]
    ./components/MenuItemCard.jsx [Client Component Browser]
    ./app/(home)/page.js [Client Component Browser]
    ./app/(home)/page.js [Server Component]

  Client Component SSR:
    ./components/ui/context-menu.jsx [Client Component SSR]
    ./components/MenuItemCard.jsx [Client Component SSR]
    ./app/(home)/page.js [Client Component SSR]
    ./app/(home)/page.js [Server Component]

https://nextjs.org/docs/messages/module-not-found


⨯ ./components/ui/context-menu.jsx:2:1
Module not found: Can't resolve '@radix-ui/react-context-menu'
  [90m1 |[0m [36mimport[0m * [36mas[0m [33mReact[0m [36mfrom[0m [32m"react"[0m
[31m[1m>[0m [90m2 |[0m [36mimport[0m * [36mas[0m [33mContextMenuPrimitive[0m [36mfrom[0m [32m"@radix-ui/react-context-menu"[0m
  [90m  |[0m [31m[1m^^^^^^^^^^^^^^^^^^^^^^^^^^^^^^^^^^^^^^^^^^^^^^^^^^^^^^^^^^^^^^^^^^^^[0m
  [90m3 |[0m [36mimport[0m { [33mCheck[0m, [33mChevronRight[0m, [33mCircle[0m } [36mfrom[0m [32m"lucide-react"[0m
  [90m4 |[0m
  [90m5 |[0m [36mimport[0m { cn } [36mfrom[0m [32m"@/lib/utils"[0m



Import traces:
  Client Component Browser:
    ./components/ui/context-menu.jsx [Client Component Browser]
    ./components/MenuItemCard.jsx [Client Component Browser]
    ./app/(home)/page.js [Client Component Browser]
    ./app/(home)/page.js [Server Component]

  Client Component SSR:
    ./components/ui/context-menu.jsx [Client Component SSR]
    ./components/MenuItemCard.jsx [Client Component SSR]
    ./app/(home)/page.js [Client Component SSR]
    ./app/(home)/page.js [Server Component]

https://nextjs.org/docs/messages/module-not-found


⨯ ./components/ui/context-menu.jsx:2:1
Module not found: Can't resolve '@radix-ui/react-context-menu'
  [90m1 |[0m [36mimport[0m * [36mas[0m [33mReact[0m [36mfrom[0m [32m"react"[0m
[31m[1m>[0m [90m2 |[0m [36mimport[0m * [36mas[0m [33mContextMenuPrimitive[0m [36mfrom[0m [32m"@radix-ui/react-context-menu"[0m
  [90m  |[0m [31m[1m^^^^^^^^^^^^^^^^^^^^^^^^^^^^^^^^^^^^^^^^^^^^^^^^^^^^^^^^^^^^^^^^^^^^[0m
  [90m3 |[0m [36mimport[0m { [33mCheck[0m, [33mChevronRight[0m, [33mCircle[0m } [36mfrom[0m [32m"lucide-react"[0m
  [90m4 |[0m
  [90m5 |[0m [36mimport[0m { cn } [36mfrom[0m [32m"@/lib/utils"[0m



Import traces:
  Client Component Browser:
    ./components/ui/context-menu.jsx [Client Component Browser]
    ./components/MenuItemCard.jsx [Client Component Browser]
    ./app/(home)/page.js [Client Component Browser]
    ./app/(home)/page.js [Server Component]

  Client Component SSR:
    ./components/ui/context-menu.jsx [Client Component SSR]
    ./components/MenuItemCard.jsx [Client Component SSR]
    ./app/(home)/page.js [Client Component SSR]
    ./app/(home)/page.js [Server Component]

https://nextjs.org/docs/messages/module-not-found


⨯ ./components/ui/context-menu.jsx:2:1
Module not found: Can't resolve '@radix-ui/react-context-menu'
  [90m1 |[0m [36mimport[0m * [36mas[0m [33mReact[0m [36mfrom[0m [32m"react"[0m
[31m[1m>[0m [90m2 |[0m [36mimport[0m * [36mas[0m [33mContextMenuPrimitive[0m [36mfrom[0m [32m"@radix-ui/react-context-menu"[0m
  [90m  |[0m [31m[1m^^^^^^^^^^^^^^^^^^^^^^^^^^^^^^^^^^^^^^^^^^^^^^^^^^^^^^^^^^^^^^^^^^^^[0m
  [90m3 |[0m [36mimport[0m { [33mCheck[0m, [33mChevronRight[0m, [33mCircle[0m } [36mfrom[0m [32m"lucide-react"[0m
  [90m4 |[0m
  [90m5 |[0m [36mimport[0m { cn } [36mfrom[0m [32m"@/lib/utils"[0m



Import traces:
  Client Component Browser:
    ./components/ui/context-menu.jsx [Client Component Browser]
    ./components/MenuItemCard.jsx [Client Component Browser]
    ./app/(home)/page.js [Client Component Browser]
    ./app/(home)/page.js [Server Component]

  Client Component SSR:
    ./components/ui/context-menu.jsx [Client Component SSR]
    ./components/MenuItemCard.jsx [Client Component SSR]
    ./app/(home)/page.js [Client Component SSR]
    ./app/(home)/page.js [Server Component]

https://nextjs.org/docs/messages/module-not-found


⨯ ./components/ui/context-menu.jsx:2:1
Module not found: Can't resolve '@radix-ui/react-context-menu'
  [90m1 |[0m [36mimport[0m * [36mas[0m [33mReact[0m [36mfrom[0m [32m"react"[0m
[31m[1m>[0m [90m2 |[0m [36mimport[0m * [36mas[0m [33mContextMenuPrimitive[0m [36mfrom[0m [32m"@radix-ui/react-context-menu"[0m
  [90m  |[0m [31m[1m^^^^^^^^^^^^^^^^^^^^^^^^^^^^^^^^^^^^^^^^^^^^^^^^^^^^^^^^^^^^^^^^^^^^[0m
  [90m3 |[0m [36mimport[0m { [33mCheck[0m, [33mChevronRight[0m, [33mCircle[0m } [36mfrom[0m [32m"lucide-react"[0m
  [90m4 |[0m
  [90m5 |[0m [36mimport[0m { cn } [36mfrom[0m [32m"@/lib/utils"[0m



Import traces:
  Client Component Browser:
    ./components/ui/context-menu.jsx [Client Component Browser]
    ./components/MenuItemCard.jsx [Client Component Browser]
    ./app/(home)/page.js [Client Component Browser]
    ./app/(home)/page.js [Server Component]

  Client Component SSR:
    ./components/ui/context-menu.jsx [Client Component SSR]
    ./components/MenuItemCard.jsx [Client Component SSR]
    ./app/(home)/page.js [Client Component SSR]
    ./app/(home)/page.js [Server Component]

https://nextjs.org/docs/messages/module-not-found


⨯ ./components/ui/context-menu.jsx:2:1
Module not found: Can't resolve '@radix-ui/react-context-menu'
  [90m1 |[0m [36mimport[0m * [36mas[0m [33mReact[0m [36mfrom[0m [32m"react"[0m
[31m[1m>[0m [90m2 |[0m [36mimport[0m * [36mas[0m [33mContextMenuPrimitive[0m [36mfrom[0m [32m"@radix-ui/react-context-menu"[0m
  [90m  |[0m [31m[1m^^^^^^^^^^^^^^^^^^^^^^^^^^^^^^^^^^^^^^^^^^^^^^^^^^^^^^^^^^^^^^^^^^^^[0m
  [90m3 |[0m [36mimport[0m { [33mCheck[0m, [33mChevronRight[0m, [33mCircle[0m } [36mfrom[0m [32m"lucide-react"[0m
  [90m4 |[0m
  [90m5 |[0m [36mimport[0m { cn } [36mfrom[0m [32m"@/lib/utils"[0m



Import traces:
  Client Component Browser:
    ./components/ui/context-menu.jsx [Client Component Browser]
    ./components/MenuItemCard.jsx [Client Component Browser]
    ./app/(home)/page.js [Client Component Browser]
    ./app/(home)/page.js [Server Component]

  Client Component SSR:
    ./components/ui/context-menu.jsx [Client Component SSR]
    ./components/MenuItemCard.jsx [Client Component SSR]
    ./app/(home)/page.js [Client Component SSR]
    ./app/(home)/page.js [Server Component]

https://nextjs.org/docs/messages/module-not-found


⨯ ./components/ui/context-menu.jsx:2:1
Module not found: Can't resolve '@radix-ui/react-context-menu'
  [90m1 |[0m [36mimport[0m * [36mas[0m [33mReact[0m [36mfrom[0m [32m"react"[0m
[31m[1m>[0m [90m2 |[0m [36mimport[0m * [36mas[0m [33mContextMenuPrimitive[0m [36mfrom[0m [32m"@radix-ui/react-context-menu"[0m
  [90m  |[0m [31m[1m^^^^^^^^^^^^^^^^^^^^^^^^^^^^^^^^^^^^^^^^^^^^^^^^^^^^^^^^^^^^^^^^^^^^[0m
  [90m3 |[0m [36mimport[0m { [33mCheck[0m, [33mChevronRight[0m, [33mCircle[0m } [36mfrom[0m [32m"lucide-react"[0m
  [90m4 |[0m
  [90m5 |[0m [36mimport[0m { cn } [36mfrom[0m [32m"@/lib/utils"[0m



Import traces:
  Client Component Browser:
    ./components/ui/context-menu.jsx [Client Component Browser]
    ./components/MenuItemCard.jsx [Client Component Browser]
    ./app/(home)/page.js [Client Component Browser]
    ./app/(home)/page.js [Server Component]

  Client Component SSR:
    ./components/ui/context-menu.jsx [Client Component SSR]
    ./components/MenuItemCard.jsx [Client Component SSR]
    ./app/(home)/page.js [Client Component SSR]
    ./app/(home)/page.js [Server Component]

https://nextjs.org/docs/messages/module-not-found


⨯ ./components/ui/context-menu.jsx:2:1
Module not found: Can't resolve '@radix-ui/react-context-menu'
  [90m1 |[0m [36mimport[0m * [36mas[0m [33mReact[0m [36mfrom[0m [32m"react"[0m
[31m[1m>[0m [90m2 |[0m [36mimport[0m * [36mas[0m [33mContextMenuPrimitive[0m [36mfrom[0m [32m"@radix-ui/react-context-menu"[0m
  [90m  |[0m [31m[1m^^^^^^^^^^^^^^^^^^^^^^^^^^^^^^^^^^^^^^^^^^^^^^^^^^^^^^^^^^^^^^^^^^^^[0m
  [90m3 |[0m [36mimport[0m { [33mCheck[0m, [33mChevronRight[0m, [33mCircle[0m } [36mfrom[0m [32m"lucide-react"[0m
  [90m4 |[0m
  [90m5 |[0m [36mimport[0m { cn } [36mfrom[0m [32m"@/lib/utils"[0m



Import traces:
  Client Component Browser:
    ./components/ui/context-menu.jsx [Client Component Browser]
    ./components/MenuItemCard.jsx [Client Component Browser]
    ./app/(home)/page.js [Client Component Browser]
    ./app/(home)/page.js [Server Component]

  Client Component SSR:
    ./components/ui/context-menu.jsx [Client Component SSR]
    ./components/MenuItemCard.jsx [Client Component SSR]
    ./app/(home)/page.js [Client Component SSR]
    ./app/(home)/page.js [Server Component]

https://nextjs.org/docs/messages/module-not-found


⨯ ./components/ui/context-menu.jsx:2:1
Module not found: Can't resolve '@radix-ui/react-context-menu'
  [90m1 |[0m [36mimport[0m * [36mas[0m [33mReact[0m [36mfrom[0m [32m"react"[0m
[31m[1m>[0m [90m2 |[0m [36mimport[0m * [36mas[0m [33mContextMenuPrimitive[0m [36mfrom[0m [32m"@radix-ui/react-context-menu"[0m
  [90m  |[0m [31m[1m^^^^^^^^^^^^^^^^^^^^^^^^^^^^^^^^^^^^^^^^^^^^^^^^^^^^^^^^^^^^^^^^^^^^[0m
  [90m3 |[0m [36mimport[0m { [33mCheck[0m, [33mChevronRight[0m, [33mCircle[0m } [36mfrom[0m [32m"lucide-react"[0m
  [90m4 |[0m
  [90m5 |[0m [36mimport[0m { cn } [36mfrom[0m [32m"@/lib/utils"[0m



Import traces:
  Client Component Browser:
    ./components/ui/context-menu.jsx [Client Component Browser]
    ./components/MenuItemCard.jsx [Client Component Browser]
    ./app/(home)/page.js [Client Component Browser]
    ./app/(home)/page.js [Server Component]

  Client Component SSR:
    ./components/ui/context-menu.jsx [Client Component SSR]
    ./components/MenuItemCard.jsx [Client Component SSR]
    ./app/(home)/page.js [Client Component SSR]
    ./app/(home)/page.js [Server Component]

https://nextjs.org/docs/messages/module-not-found


⨯ ./components/ui/context-menu.jsx:2:1
Module not found: Can't resolve '@radix-ui/react-context-menu'
  [90m1 |[0m [36mimport[0m * [36mas[0m [33mReact[0m [36mfrom[0m [32m"react"[0m
[31m[1m>[0m [90m2 |[0m [36mimport[0m * [36mas[0m [33mContextMenuPrimitive[0m [36mfrom[0m [32m"@radix-ui/react-context-menu"[0m
  [90m  |[0m [31m[1m^^^^^^^^^^^^^^^^^^^^^^^^^^^^^^^^^^^^^^^^^^^^^^^^^^^^^^^^^^^^^^^^^^^^[0m
  [90m3 |[0m [36mimport[0m { [33mCheck[0m, [33mChevronRight[0m, [33mCircle[0m } [36mfrom[0m [32m"lucide-react"[0m
  [90m4 |[0m
  [90m5 |[0m [36mimport[0m { cn } [36mfrom[0m [32m"@/lib/utils"[0m



Import traces:
  Client Component Browser:
    ./components/ui/context-menu.jsx [Client Component Browser]
    ./components/MenuItemCard.jsx [Client Component Browser]
    ./app/(home)/page.js [Client Component Browser]
    ./app/(home)/page.js [Server Component]

  Client Component SSR:
    ./components/ui/context-menu.jsx [Client Component SSR]
    ./components/MenuItemCard.jsx [Client Component SSR]
    ./app/(home)/page.js [Client Component SSR]
    ./app/(home)/page.js [Server Component]

https://nextjs.org/docs/messages/module-not-found


⨯ ./components/ui/context-menu.jsx:2:1
Module not found: Can't resolve '@radix-ui/react-context-menu'
  [90m1 |[0m [36mimport[0m * [36mas[0m [33mReact[0m [36mfrom[0m [32m"react"[0m
[31m[1m>[0m [90m2 |[0m [36mimport[0m * [36mas[0m [33mContextMenuPrimitive[0m [36mfrom[0m [32m"@radix-ui/react-context-menu"[0m
  [90m  |[0m [31m[1m^^^^^^^^^^^^^^^^^^^^^^^^^^^^^^^^^^^^^^^^^^^^^^^^^^^^^^^^^^^^^^^^^^^^[0m
  [90m3 |[0m [36mimport[0m { [33mCheck[0m, [33mChevronRight[0m, [33mCircle[0m } [36mfrom[0m [32m"lucide-react"[0m
  [90m4 |[0m
  [90m5 |[0m [36mimport[0m { cn } [36mfrom[0m [32m"@/lib/utils"[0m



Import traces:
  Client Component Browser:
    ./components/ui/context-menu.jsx [Client Component Browser]
    ./components/MenuItemCard.jsx [Client Component Browser]
    ./app/(home)/page.js [Client Component Browser]
    ./app/(home)/page.js [Server Component]

  Client Component SSR:
    ./components/ui/context-menu.jsx [Client Component SSR]
    ./components/MenuItemCard.jsx [Client Component SSR]
    ./app/(home)/page.js [Client Component SSR]
    ./app/(home)/page.js [Server Component]

https://nextjs.org/docs/messages/module-not-found


⨯ ./components/ui/context-menu.jsx:2:1
Module not found: Can't resolve '@radix-ui/react-context-menu'
  [90m1 |[0m [36mimport[0m * [36mas[0m [33mReact[0m [36mfrom[0m [32m"react"[0m
[31m[1m>[0m [90m2 |[0m [36mimport[0m * [36mas[0m [33mContextMenuPrimitive[0m [36mfrom[0m [32m"@radix-ui/react-context-menu"[0m
  [90m  |[0m [31m[1m^^^^^^^^^^^^^^^^^^^^^^^^^^^^^^^^^^^^^^^^^^^^^^^^^^^^^^^^^^^^^^^^^^^^[0m
  [90m3 |[0m [36mimport[0m { [33mCheck[0m, [33mChevronRight[0m, [33mCircle[0m } [36mfrom[0m [32m"lucide-react"[0m
  [90m4 |[0m
  [90m5 |[0m [36mimport[0m { cn } [36mfrom[0m [32m"@/lib/utils"[0m



Import traces:
  Client Component Browser:
    ./components/ui/context-menu.jsx [Client Component Browser]
    ./components/MenuItemCard.jsx [Client Component Browser]
    ./app/(home)/page.js [Client Component Browser]
    ./app/(home)/page.js [Server Component]

  Client Component SSR:
    ./components/ui/context-menu.jsx [Client Component SSR]
    ./components/MenuItemCard.jsx [Client Component SSR]
    ./app/(home)/page.js [Client Component SSR]
    ./app/(home)/page.js [Server Component]

https://nextjs.org/docs/messages/module-not-found


⨯ ./components/ui/context-menu.jsx:2:1
Module not found: Can't resolve '@radix-ui/react-context-menu'
  [90m1 |[0m [36mimport[0m * [36mas[0m [33mReact[0m [36mfrom[0m [32m"react"[0m
[31m[1m>[0m [90m2 |[0m [36mimport[0m * [36mas[0m [33mContextMenuPrimitive[0m [36mfrom[0m [32m"@radix-ui/react-context-menu"[0m
  [90m  |[0m [31m[1m^^^^^^^^^^^^^^^^^^^^^^^^^^^^^^^^^^^^^^^^^^^^^^^^^^^^^^^^^^^^^^^^^^^^[0m
  [90m3 |[0m [36mimport[0m { [33mCheck[0m, [33mChevronRight[0m, [33mCircle[0m } [36mfrom[0m [32m"lucide-react"[0m
  [90m4 |[0m
  [90m5 |[0m [36mimport[0m { cn } [36mfrom[0m [32m"@/lib/utils"[0m



Import traces:
  Client Component Browser:
    ./components/ui/context-menu.jsx [Client Component Browser]
    ./components/MenuItemCard.jsx [Client Component Browser]
    ./app/(home)/page.js [Client Component Browser]
    ./app/(home)/page.js [Server Component]

  Client Component SSR:
    ./components/ui/context-menu.jsx [Client Component SSR]
    ./components/MenuItemCard.jsx [Client Component SSR]
    ./app/(home)/page.js [Client Component SSR]
    ./app/(home)/page.js [Server Component]

https://nextjs.org/docs/messages/module-not-found


⨯ ./components/ui/context-menu.jsx:2:1
Module not found: Can't resolve '@radix-ui/react-context-menu'
  [90m1 |[0m [36mimport[0m * [36mas[0m [33mReact[0m [36mfrom[0m [32m"react"[0m
[31m[1m>[0m [90m2 |[0m [36mimport[0m * [36mas[0m [33mContextMenuPrimitive[0m [36mfrom[0m [32m"@radix-ui/react-context-menu"[0m
  [90m  |[0m [31m[1m^^^^^^^^^^^^^^^^^^^^^^^^^^^^^^^^^^^^^^^^^^^^^^^^^^^^^^^^^^^^^^^^^^^^[0m
  [90m3 |[0m [36mimport[0m { [33mCheck[0m, [33mChevronRight[0m, [33mCircle[0m } [36mfrom[0m [32m"lucide-react"[0m
  [90m4 |[0m
  [90m5 |[0m [36mimport[0m { cn } [36mfrom[0m [32m"@/lib/utils"[0m



Import traces:
  Client Component Browser:
    ./components/ui/context-menu.jsx [Client Component Browser]
    ./components/MenuItemCard.jsx [Client Component Browser]
    ./app/(home)/page.js [Client Component Browser]
    ./app/(home)/page.js [Server Component]

  Client Component SSR:
    ./components/ui/context-menu.jsx [Client Component SSR]
    ./components/MenuItemCard.jsx [Client Component SSR]
    ./app/(home)/page.js [Client Component SSR]
    ./app/(home)/page.js [Server Component]

https://nextjs.org/docs/messages/module-not-found


⨯ ./components/ui/context-menu.jsx:2:1
Module not found: Can't resolve '@radix-ui/react-context-menu'
  [90m1 |[0m [36mimport[0m * [36mas[0m [33mReact[0m [36mfrom[0m [32m"react"[0m
[31m[1m>[0m [90m2 |[0m [36mimport[0m * [36mas[0m [33mContextMenuPrimitive[0m [36mfrom[0m [32m"@radix-ui/react-context-menu"[0m
  [90m  |[0m [31m[1m^^^^^^^^^^^^^^^^^^^^^^^^^^^^^^^^^^^^^^^^^^^^^^^^^^^^^^^^^^^^^^^^^^^^[0m
  [90m3 |[0m [36mimport[0m { [33mCheck[0m, [33mChevronRight[0m, [33mCircle[0m } [36mfrom[0m [32m"lucide-react"[0m
  [90m4 |[0m
  [90m5 |[0m [36mimport[0m { cn } [36mfrom[0m [32m"@/lib/utils"[0m



Import traces:
  Client Component Browser:
    ./components/ui/context-menu.jsx [Client Component Browser]
    ./components/MenuItemCard.jsx [Client Component Browser]
    ./app/(home)/page.js [Client Component Browser]
    ./app/(home)/page.js [Server Component]

  Client Component SSR:
    ./components/ui/context-menu.jsx [Client Component SSR]
    ./components/MenuItemCard.jsx [Client Component SSR]
    ./app/(home)/page.js [Client Component SSR]
    ./app/(home)/page.js [Server Component]

https://nextjs.org/docs/messages/module-not-found


⨯ ./components/ui/context-menu.jsx:2:1
Module not found: Can't resolve '@radix-ui/react-context-menu'
  [90m1 |[0m [36mimport[0m * [36mas[0m [33mReact[0m [36mfrom[0m [32m"react"[0m
[31m[1m>[0m [90m2 |[0m [36mimport[0m * [36mas[0m [33mContextMenuPrimitive[0m [36mfrom[0m [32m"@radix-ui/react-context-menu"[0m
  [90m  |[0m [31m[1m^^^^^^^^^^^^^^^^^^^^^^^^^^^^^^^^^^^^^^^^^^^^^^^^^^^^^^^^^^^^^^^^^^^^[0m
  [90m3 |[0m [36mimport[0m { [33mCheck[0m, [33mChevronRight[0m, [33mCircle[0m } [36mfrom[0m [32m"lucide-react"[0m
  [90m4 |[0m
  [90m5 |[0m [36mimport[0m { cn } [36mfrom[0m [32m"@/lib/utils"[0m



Import traces:
  Client Component Browser:
    ./components/ui/context-menu.jsx [Client Component Browser]
    ./components/MenuItemCard.jsx [Client Component Browser]
    ./app/(home)/page.js [Client Component Browser]
    ./app/(home)/page.js [Server Component]

  Client Component SSR:
    ./components/ui/context-menu.jsx [Client Component SSR]
    ./components/MenuItemCard.jsx [Client Component SSR]
    ./app/(home)/page.js [Client Component SSR]
    ./app/(home)/page.js [Server Component]

https://nextjs.org/docs/messages/module-not-found


⨯ ./components/ui/context-menu.jsx:2:1
Module not found: Can't resolve '@radix-ui/react-context-menu'
  [90m1 |[0m [36mimport[0m * [36mas[0m [33mReact[0m [36mfrom[0m [32m"react"[0m
[31m[1m>[0m [90m2 |[0m [36mimport[0m * [36mas[0m [33mContextMenuPrimitive[0m [36mfrom[0m [32m"@radix-ui/react-context-menu"[0m
  [90m  |[0m [31m[1m^^^^^^^^^^^^^^^^^^^^^^^^^^^^^^^^^^^^^^^^^^^^^^^^^^^^^^^^^^^^^^^^^^^^[0m
  [90m3 |[0m [36mimport[0m { [33mCheck[0m, [33mChevronRight[0m, [33mCircle[0m } [36mfrom[0m [32m"lucide-react"[0m
  [90m4 |[0m
  [90m5 |[0m [36mimport[0m { cn } [36mfrom[0m [32m"@/lib/utils"[0m



Import traces:
  Client Component Browser:
    ./components/ui/context-menu.jsx [Client Component Browser]
    ./components/MenuItemCard.jsx [Client Component Browser]
    ./app/(home)/page.js [Client Component Browser]
    ./app/(home)/page.js [Server Component]

  Client Component SSR:
    ./components/ui/context-menu.jsx [Client Component SSR]
    ./components/MenuItemCard.jsx [Client Component SSR]
    ./app/(home)/page.js [Client Component SSR]
    ./app/(home)/page.js [Server Component]

https://nextjs.org/docs/messages/module-not-found


⨯ ./components/ui/context-menu.jsx:2:1
Module not found: Can't resolve '@radix-ui/react-context-menu'
  [90m1 |[0m [36mimport[0m * [36mas[0m [33mReact[0m [36mfrom[0m [32m"react"[0m
[31m[1m>[0m [90m2 |[0m [36mimport[0m * [36mas[0m [33mContextMenuPrimitive[0m [36mfrom[0m [32m"@radix-ui/react-context-menu"[0m
  [90m  |[0m [31m[1m^^^^^^^^^^^^^^^^^^^^^^^^^^^^^^^^^^^^^^^^^^^^^^^^^^^^^^^^^^^^^^^^^^^^[0m
  [90m3 |[0m [36mimport[0m { [33mCheck[0m, [33mChevronRight[0m, [33mCircle[0m } [36mfrom[0m [32m"lucide-react"[0m
  [90m4 |[0m
  [90m5 |[0m [36mimport[0m { cn } [36mfrom[0m [32m"@/lib/utils"[0m



Import traces:
  Client Component Browser:
    ./components/ui/context-menu.jsx [Client Component Browser]
    ./components/MenuItemCard.jsx [Client Component Browser]
    ./app/(home)/page.js [Client Component Browser]
    ./app/(home)/page.js [Server Component]

  Client Component SSR:
    ./components/ui/context-menu.jsx [Client Component SSR]
    ./components/MenuItemCard.jsx [Client Component SSR]
    ./app/(home)/page.js [Client Component SSR]
    ./app/(home)/page.js [Server Component]

https://nextjs.org/docs/messages/module-not-found


⨯ ./components/ui/context-menu.jsx:2:1
Module not found: Can't resolve '@radix-ui/react-context-menu'
  [90m1 |[0m [36mimport[0m * [36mas[0m [33mReact[0m [36mfrom[0m [32m"react"[0m
[31m[1m>[0m [90m2 |[0m [36mimport[0m * [36mas[0m [33mContextMenuPrimitive[0m [36mfrom[0m [32m"@radix-ui/react-context-menu"[0m
  [90m  |[0m [31m[1m^^^^^^^^^^^^^^^^^^^^^^^^^^^^^^^^^^^^^^^^^^^^^^^^^^^^^^^^^^^^^^^^^^^^[0m
  [90m3 |[0m [36mimport[0m { [33mCheck[0m, [33mChevronRight[0m, [33mCircle[0m } [36mfrom[0m [32m"lucide-react"[0m
  [90m4 |[0m
  [90m5 |[0m [36mimport[0m { cn } [36mfrom[0m [32m"@/lib/utils"[0m



Import traces:
  Client Component Browser:
    ./components/ui/context-menu.jsx [Client Component Browser]
    ./components/MenuItemCard.jsx [Client Component Browser]
    ./app/(home)/page.js [Client Component Browser]
    ./app/(home)/page.js [Server Component]

  Client Component SSR:
    ./components/ui/context-menu.jsx [Client Component SSR]
    ./components/MenuItemCard.jsx [Client Component SSR]
    ./app/(home)/page.js [Client Component SSR]
    ./app/(home)/page.js [Server Component]

https://nextjs.org/docs/messages/module-not-found


⨯ ./components/ui/context-menu.jsx:2:1
Module not found: Can't resolve '@radix-ui/react-context-menu'
  [90m1 |[0m [36mimport[0m * [36mas[0m [33mReact[0m [36mfrom[0m [32m"react"[0m
[31m[1m>[0m [90m2 |[0m [36mimport[0m * [36mas[0m [33mContextMenuPrimitive[0m [36mfrom[0m [32m"@radix-ui/react-context-menu"[0m
  [90m  |[0m [31m[1m^^^^^^^^^^^^^^^^^^^^^^^^^^^^^^^^^^^^^^^^^^^^^^^^^^^^^^^^^^^^^^^^^^^^[0m
  [90m3 |[0m [36mimport[0m { [33mCheck[0m, [33mChevronRight[0m, [33mCircle[0m } [36mfrom[0m [32m"lucide-react"[0m
  [90m4 |[0m
  [90m5 |[0m [36mimport[0m { cn } [36mfrom[0m [32m"@/lib/utils"[0m



Import traces:
  Client Component Browser:
    ./components/ui/context-menu.jsx [Client Component Browser]
    ./components/MenuItemCard.jsx [Client Component Browser]
    ./app/(home)/page.js [Client Component Browser]
    ./app/(home)/page.js [Server Component]

  Client Component SSR:
    ./components/ui/context-menu.jsx [Client Component SSR]
    ./components/MenuItemCard.jsx [Client Component SSR]
    ./app/(home)/page.js [Client Component SSR]
    ./app/(home)/page.js [Server Component]

https://nextjs.org/docs/messages/module-not-found


⨯ ./components/ui/context-menu.jsx:2:1
Module not found: Can't resolve '@radix-ui/react-context-menu'
  [90m1 |[0m [36mimport[0m * [36mas[0m [33mReact[0m [36mfrom[0m [32m"react"[0m
[31m[1m>[0m [90m2 |[0m [36mimport[0m * [36mas[0m [33mContextMenuPrimitive[0m [36mfrom[0m [32m"@radix-ui/react-context-menu"[0m
  [90m  |[0m [31m[1m^^^^^^^^^^^^^^^^^^^^^^^^^^^^^^^^^^^^^^^^^^^^^^^^^^^^^^^^^^^^^^^^^^^^[0m
  [90m3 |[0m [36mimport[0m { [33mCheck[0m, [33mChevronRight[0m, [33mCircle[0m } [36mfrom[0m [32m"lucide-react"[0m
  [90m4 |[0m
  [90m5 |[0m [36mimport[0m { cn } [36mfrom[0m [32m"@/lib/utils"[0m



Import traces:
  Client Component Browser:
    ./components/ui/context-menu.jsx [Client Component Browser]
    ./components/MenuItemCard.jsx [Client Component Browser]
    ./app/(home)/page.js [Client Component Browser]
    ./app/(home)/page.js [Server Component]

  Client Component SSR:
    ./components/ui/context-menu.jsx [Client Component SSR]
    ./components/MenuItemCard.jsx [Client Component SSR]
    ./app/(home)/page.js [Client Component SSR]
    ./app/(home)/page.js [Server Component]

https://nextjs.org/docs/messages/module-not-found


⨯ ./components/ui/context-menu.jsx:2:1
Module not found: Can't resolve '@radix-ui/react-context-menu'
  [90m1 |[0m [36mimport[0m * [36mas[0m [33mReact[0m [36mfrom[0m [32m"react"[0m
[31m[1m>[0m [90m2 |[0m [36mimport[0m * [36mas[0m [33mContextMenuPrimitive[0m [36mfrom[0m [32m"@radix-ui/react-context-menu"[0m
  [90m  |[0m [31m[1m^^^^^^^^^^^^^^^^^^^^^^^^^^^^^^^^^^^^^^^^^^^^^^^^^^^^^^^^^^^^^^^^^^^^[0m
  [90m3 |[0m [36mimport[0m { [33mCheck[0m, [33mChevronRight[0m, [33mCircle[0m } [36mfrom[0m [32m"lucide-react"[0m
  [90m4 |[0m
  [90m5 |[0m [36mimport[0m { cn } [36mfrom[0m [32m"@/lib/utils"[0m



Import traces:
  Client Component Browser:
    ./components/ui/context-menu.jsx [Client Component Browser]
    ./components/MenuItemCard.jsx [Client Component Browser]
    ./app/(home)/page.js [Client Component Browser]
    ./app/(home)/page.js [Server Component]

  Client Component SSR:
    ./components/ui/context-menu.jsx [Client Component SSR]
    ./components/MenuItemCard.jsx [Client Component SSR]
    ./app/(home)/page.js [Client Component SSR]
    ./app/(home)/page.js [Server Component]

https://nextjs.org/docs/messages/module-not-found


⨯ ./components/ui/context-menu.jsx:2:1
Module not found: Can't resolve '@radix-ui/react-context-menu'
  [90m1 |[0m [36mimport[0m * [36mas[0m [33mReact[0m [36mfrom[0m [32m"react"[0m
[31m[1m>[0m [90m2 |[0m [36mimport[0m * [36mas[0m [33mContextMenuPrimitive[0m [36mfrom[0m [32m"@radix-ui/react-context-menu"[0m
  [90m  |[0m [31m[1m^^^^^^^^^^^^^^^^^^^^^^^^^^^^^^^^^^^^^^^^^^^^^^^^^^^^^^^^^^^^^^^^^^^^[0m
  [90m3 |[0m [36mimport[0m { [33mCheck[0m, [33mChevronRight[0m, [33mCircle[0m } [36mfrom[0m [32m"lucide-react"[0m
  [90m4 |[0m
  [90m5 |[0m [36mimport[0m { cn } [36mfrom[0m [32m"@/lib/utils"[0m



Import traces:
  Client Component Browser:
    ./components/ui/context-menu.jsx [Client Component Browser]
    ./components/MenuItemCard.jsx [Client Component Browser]
    ./app/(home)/page.js [Client Component Browser]
    ./app/(home)/page.js [Server Component]

  Client Component SSR:
    ./components/ui/context-menu.jsx [Client Component SSR]
    ./components/MenuItemCard.jsx [Client Component SSR]
    ./app/(home)/page.js [Client Component SSR]
    ./app/(home)/page.js [Server Component]

https://nextjs.org/docs/messages/module-not-found


⨯ ./components/ui/context-menu.jsx:2:1
Module not found: Can't resolve '@radix-ui/react-context-menu'
  [90m1 |[0m [36mimport[0m * [36mas[0m [33mReact[0m [36mfrom[0m [32m"react"[0m
[31m[1m>[0m [90m2 |[0m [36mimport[0m * [36mas[0m [33mContextMenuPrimitive[0m [36mfrom[0m [32m"@radix-ui/react-context-menu"[0m
  [90m  |[0m [31m[1m^^^^^^^^^^^^^^^^^^^^^^^^^^^^^^^^^^^^^^^^^^^^^^^^^^^^^^^^^^^^^^^^^^^^[0m
  [90m3 |[0m [36mimport[0m { [33mCheck[0m, [33mChevronRight[0m, [33mCircle[0m } [36mfrom[0m [32m"lucide-react"[0m
  [90m4 |[0m
  [90m5 |[0m [36mimport[0m { cn } [36mfrom[0m [32m"@/lib/utils"[0m



Import traces:
  Client Component Browser:
    ./components/ui/context-menu.jsx [Client Component Browser]
    ./components/MenuItemCard.jsx [Client Component Browser]
    ./app/(home)/page.js [Client Component Browser]
    ./app/(home)/page.js [Server Component]

  Client Component SSR:
    ./components/ui/context-menu.jsx [Client Component SSR]
    ./components/MenuItemCard.jsx [Client Component SSR]
    ./app/(home)/page.js [Client Component SSR]
    ./app/(home)/page.js [Server Component]

https://nextjs.org/docs/messages/module-not-found


⨯ ./components/ui/context-menu.jsx:2:1
Module not found: Can't resolve '@radix-ui/react-context-menu'
  [90m1 |[0m [36mimport[0m * [36mas[0m [33mReact[0m [36mfrom[0m [32m"react"[0m
[31m[1m>[0m [90m2 |[0m [36mimport[0m * [36mas[0m [33mContextMenuPrimitive[0m [36mfrom[0m [32m"@radix-ui/react-context-menu"[0m
  [90m  |[0m [31m[1m^^^^^^^^^^^^^^^^^^^^^^^^^^^^^^^^^^^^^^^^^^^^^^^^^^^^^^^^^^^^^^^^^^^^[0m
  [90m3 |[0m [36mimport[0m { [33mCheck[0m, [33mChevronRight[0m, [33mCircle[0m } [36mfrom[0m [32m"lucide-react"[0m
  [90m4 |[0m
  [90m5 |[0m [36mimport[0m { cn } [36mfrom[0m [32m"@/lib/utils"[0m



Import traces:
  Client Component Browser:
    ./components/ui/context-menu.jsx [Client Component Browser]
    ./components/MenuItemCard.jsx [Client Component Browser]
    ./app/(home)/page.js [Client Component Browser]
    ./app/(home)/page.js [Server Component]

  Client Component SSR:
    ./components/ui/context-menu.jsx [Client Component SSR]
    ./components/MenuItemCard.jsx [Client Component SSR]
    ./app/(home)/page.js [Client Component SSR]
    ./app/(home)/page.js [Server Component]

https://nextjs.org/docs/messages/module-not-found


⨯ ./components/ui/context-menu.jsx:2:1
Module not found: Can't resolve '@radix-ui/react-context-menu'
  [90m1 |[0m [36mimport[0m * [36mas[0m [33mReact[0m [36mfrom[0m [32m"react"[0m
[31m[1m>[0m [90m2 |[0m [36mimport[0m * [36mas[0m [33mContextMenuPrimitive[0m [36mfrom[0m [32m"@radix-ui/react-context-menu"[0m
  [90m  |[0m [31m[1m^^^^^^^^^^^^^^^^^^^^^^^^^^^^^^^^^^^^^^^^^^^^^^^^^^^^^^^^^^^^^^^^^^^^[0m
  [90m3 |[0m [36mimport[0m { [33mCheck[0m, [33mChevronRight[0m, [33mCircle[0m } [36mfrom[0m [32m"lucide-react"[0m
  [90m4 |[0m
  [90m5 |[0m [36mimport[0m { cn } [36mfrom[0m [32m"@/lib/utils"[0m



Import traces:
  Client Component Browser:
    ./components/ui/context-menu.jsx [Client Component Browser]
    ./components/MenuItemCard.jsx [Client Component Browser]
    ./app/(home)/page.js [Client Component Browser]
    ./app/(home)/page.js [Server Component]

  Client Component SSR:
    ./components/ui/context-menu.jsx [Client Component SSR]
    ./components/MenuItemCard.jsx [Client Component SSR]
    ./app/(home)/page.js [Client Component SSR]
    ./app/(home)/page.js [Server Component]

https://nextjs.org/docs/messages/module-not-found


⨯ ./components/ui/context-menu.jsx:2:1
Module not found: Can't resolve '@radix-ui/react-context-menu'
  [90m1 |[0m [36mimport[0m * [36mas[0m [33mReact[0m [36mfrom[0m [32m"react"[0m
[31m[1m>[0m [90m2 |[0m [36mimport[0m * [36mas[0m [33mContextMenuPrimitive[0m [36mfrom[0m [32m"@radix-ui/react-context-menu"[0m
  [90m  |[0m [31m[1m^^^^^^^^^^^^^^^^^^^^^^^^^^^^^^^^^^^^^^^^^^^^^^^^^^^^^^^^^^^^^^^^^^^^[0m
  [90m3 |[0m [36mimport[0m { [33mCheck[0m, [33mChevronRight[0m, [33mCircle[0m } [36mfrom[0m [32m"lucide-react"[0m
  [90m4 |[0m
  [90m5 |[0m [36mimport[0m { cn } [36mfrom[0m [32m"@/lib/utils"[0m



Import traces:
  Client Component Browser:
    ./components/ui/context-menu.jsx [Client Component Browser]
    ./components/MenuItemCard.jsx [Client Component Browser]
    ./app/(home)/page.js [Client Component Browser]
    ./app/(home)/page.js [Server Component]

  Client Component SSR:
    ./components/ui/context-menu.jsx [Client Component SSR]
    ./components/MenuItemCard.jsx [Client Component SSR]
    ./app/(home)/page.js [Client Component SSR]
    ./app/(home)/page.js [Server Component]

https://nextjs.org/docs/messages/module-not-found


⨯ ./components/ui/context-menu.jsx:2:1
Module not found: Can't resolve '@radix-ui/react-context-menu'
  [90m1 |[0m [36mimport[0m * [36mas[0m [33mReact[0m [36mfrom[0m [32m"react"[0m
[31m[1m>[0m [90m2 |[0m [36mimport[0m * [36mas[0m [33mContextMenuPrimitive[0m [36mfrom[0m [32m"@radix-ui/react-context-menu"[0m
  [90m  |[0m [31m[1m^^^^^^^^^^^^^^^^^^^^^^^^^^^^^^^^^^^^^^^^^^^^^^^^^^^^^^^^^^^^^^^^^^^^[0m
  [90m3 |[0m [36mimport[0m { [33mCheck[0m, [33mChevronRight[0m, [33mCircle[0m } [36mfrom[0m [32m"lucide-react"[0m
  [90m4 |[0m
  [90m5 |[0m [36mimport[0m { cn } [36mfrom[0m [32m"@/lib/utils"[0m



Import traces:
  Client Component Browser:
    ./components/ui/context-menu.jsx [Client Component Browser]
    ./components/MenuItemCard.jsx [Client Component Browser]
    ./app/(home)/page.js [Client Component Browser]
    ./app/(home)/page.js [Server Component]

  Client Component SSR:
    ./components/ui/context-menu.jsx [Client Component SSR]
    ./components/MenuItemCard.jsx [Client Component SSR]
    ./app/(home)/page.js [Client Component SSR]
    ./app/(home)/page.js [Server Component]

https://nextjs.org/docs/messages/module-not-found


⨯ ./components/ui/context-menu.jsx:2:1
Module not found: Can't resolve '@radix-ui/react-context-menu'
  [90m1 |[0m [36mimport[0m * [36mas[0m [33mReact[0m [36mfrom[0m [32m"react"[0m
[31m[1m>[0m [90m2 |[0m [36mimport[0m * [36mas[0m [33mContextMenuPrimitive[0m [36mfrom[0m [32m"@radix-ui/react-context-menu"[0m
  [90m  |[0m [31m[1m^^^^^^^^^^^^^^^^^^^^^^^^^^^^^^^^^^^^^^^^^^^^^^^^^^^^^^^^^^^^^^^^^^^^[0m
  [90m3 |[0m [36mimport[0m { [33mCheck[0m, [33mChevronRight[0m, [33mCircle[0m } [36mfrom[0m [32m"lucide-react"[0m
  [90m4 |[0m
  [90m5 |[0m [36mimport[0m { cn } [36mfrom[0m [32m"@/lib/utils"[0m



Import traces:
  Client Component Browser:
    ./components/ui/context-menu.jsx [Client Component Browser]
    ./components/MenuItemCard.jsx [Client Component Browser]
    ./app/(home)/page.js [Client Component Browser]
    ./app/(home)/page.js [Server Component]

  Client Component SSR:
    ./components/ui/context-menu.jsx [Client Component SSR]
    ./components/MenuItemCard.jsx [Client Component SSR]
    ./app/(home)/page.js [Client Component SSR]
    ./app/(home)/page.js [Server Component]

https://nextjs.org/docs/messages/module-not-found


⨯ ./components/ui/context-menu.jsx:2:1
Module not found: Can't resolve '@radix-ui/react-context-menu'
  [90m1 |[0m [36mimport[0m * [36mas[0m [33mReact[0m [36mfrom[0m [32m"react"[0m
[31m[1m>[0m [90m2 |[0m [36mimport[0m * [36mas[0m [33mContextMenuPrimitive[0m [36mfrom[0m [32m"@radix-ui/react-context-menu"[0m
  [90m  |[0m [31m[1m^^^^^^^^^^^^^^^^^^^^^^^^^^^^^^^^^^^^^^^^^^^^^^^^^^^^^^^^^^^^^^^^^^^^[0m
  [90m3 |[0m [36mimport[0m { [33mCheck[0m, [33mChevronRight[0m, [33mCircle[0m } [36mfrom[0m [32m"lucide-react"[0m
  [90m4 |[0m
  [90m5 |[0m [36mimport[0m { cn } [36mfrom[0m [32m"@/lib/utils"[0m



Import traces:
  Client Component Browser:
    ./components/ui/context-menu.jsx [Client Component Browser]
    ./components/MenuItemCard.jsx [Client Component Browser]
    ./app/(home)/page.js [Client Component Browser]
    ./app/(home)/page.js [Server Component]

  Client Component SSR:
    ./components/ui/context-menu.jsx [Client Component SSR]
    ./components/MenuItemCard.jsx [Client Component SSR]
    ./app/(home)/page.js [Client Component SSR]
    ./app/(home)/page.js [Server Component]

https://nextjs.org/docs/messages/module-not-found


⨯ ./components/ui/context-menu.jsx:2:1
Module not found: Can't resolve '@radix-ui/react-context-menu'
  [90m1 |[0m [36mimport[0m * [36mas[0m [33mReact[0m [36mfrom[0m [32m"react"[0m
[31m[1m>[0m [90m2 |[0m [36mimport[0m * [36mas[0m [33mContextMenuPrimitive[0m [36mfrom[0m [32m"@radix-ui/react-context-menu"[0m
  [90m  |[0m [31m[1m^^^^^^^^^^^^^^^^^^^^^^^^^^^^^^^^^^^^^^^^^^^^^^^^^^^^^^^^^^^^^^^^^^^^[0m
  [90m3 |[0m [36mimport[0m { [33mCheck[0m, [33mChevronRight[0m, [33mCircle[0m } [36mfrom[0m [32m"lucide-react"[0m
  [90m4 |[0m
  [90m5 |[0m [36mimport[0m { cn } [36mfrom[0m [32m"@/lib/utils"[0m



Import traces:
  Client Component Browser:
    ./components/ui/context-menu.jsx [Client Component Browser]
    ./components/MenuItemCard.jsx [Client Component Browser]
    ./app/(home)/page.js [Client Component Browser]
    ./app/(home)/page.js [Server Component]

  Client Component SSR:
    ./components/ui/context-menu.jsx [Client Component SSR]
    ./components/MenuItemCard.jsx [Client Component SSR]
    ./app/(home)/page.js [Client Component SSR]
    ./app/(home)/page.js [Server Component]

https://nextjs.org/docs/messages/module-not-found


⨯ ./components/ui/context-menu.jsx:2:1
Module not found: Can't resolve '@radix-ui/react-context-menu'
  [90m1 |[0m [36mimport[0m * [36mas[0m [33mReact[0m [36mfrom[0m [32m"react"[0m
[31m[1m>[0m [90m2 |[0m [36mimport[0m * [36mas[0m [33mContextMenuPrimitive[0m [36mfrom[0m [32m"@radix-ui/react-context-menu"[0m
  [90m  |[0m [31m[1m^^^^^^^^^^^^^^^^^^^^^^^^^^^^^^^^^^^^^^^^^^^^^^^^^^^^^^^^^^^^^^^^^^^^[0m
  [90m3 |[0m [36mimport[0m { [33mCheck[0m, [33mChevronRight[0m, [33mCircle[0m } [36mfrom[0m [32m"lucide-react"[0m
  [90m4 |[0m
  [90m5 |[0m [36mimport[0m { cn } [36mfrom[0m [32m"@/lib/utils"[0m



Import traces:
  Client Component Browser:
    ./components/ui/context-menu.jsx [Client Component Browser]
    ./components/MenuItemCard.jsx [Client Component Browser]
    ./app/(home)/page.js [Client Component Browser]
    ./app/(home)/page.js [Server Component]

  Client Component SSR:
    ./components/ui/context-menu.jsx [Client Component SSR]
    ./components/MenuItemCard.jsx [Client Component SSR]
    ./app/(home)/page.js [Client Component SSR]
    ./app/(home)/page.js [Server Component]

https://nextjs.org/docs/messages/module-not-found


⨯ ./components/ui/context-menu.jsx:2:1
Module not found: Can't resolve '@radix-ui/react-context-menu'
  [90m1 |[0m [36mimport[0m * [36mas[0m [33mReact[0m [36mfrom[0m [32m"react"[0m
[31m[1m>[0m [90m2 |[0m [36mimport[0m * [36mas[0m [33mContextMenuPrimitive[0m [36mfrom[0m [32m"@radix-ui/react-context-menu"[0m
  [90m  |[0m [31m[1m^^^^^^^^^^^^^^^^^^^^^^^^^^^^^^^^^^^^^^^^^^^^^^^^^^^^^^^^^^^^^^^^^^^^[0m
  [90m3 |[0m [36mimport[0m { [33mCheck[0m, [33mChevronRight[0m, [33mCircle[0m } [36mfrom[0m [32m"lucide-react"[0m
  [90m4 |[0m
  [90m5 |[0m [36mimport[0m { cn } [36mfrom[0m [32m"@/lib/utils"[0m



Import traces:
  Client Component Browser:
    ./components/ui/context-menu.jsx [Client Component Browser]
    ./components/MenuItemCard.jsx [Client Component Browser]
    ./app/(home)/page.js [Client Component Browser]
    ./app/(home)/page.js [Server Component]

  Client Component SSR:
    ./components/ui/context-menu.jsx [Client Component SSR]
    ./components/MenuItemCard.jsx [Client Component SSR]
    ./app/(home)/page.js [Client Component SSR]
    ./app/(home)/page.js [Server Component]

https://nextjs.org/docs/messages/module-not-found


⨯ ./components/ui/context-menu.jsx:2:1
Module not found: Can't resolve '@radix-ui/react-context-menu'
  [90m1 |[0m [36mimport[0m * [36mas[0m [33mReact[0m [36mfrom[0m [32m"react"[0m
[31m[1m>[0m [90m2 |[0m [36mimport[0m * [36mas[0m [33mContextMenuPrimitive[0m [36mfrom[0m [32m"@radix-ui/react-context-menu"[0m
  [90m  |[0m [31m[1m^^^^^^^^^^^^^^^^^^^^^^^^^^^^^^^^^^^^^^^^^^^^^^^^^^^^^^^^^^^^^^^^^^^^[0m
  [90m3 |[0m [36mimport[0m { [33mCheck[0m, [33mChevronRight[0m, [33mCircle[0m } [36mfrom[0m [32m"lucide-react"[0m
  [90m4 |[0m
  [90m5 |[0m [36mimport[0m { cn } [36mfrom[0m [32m"@/lib/utils"[0m



Import traces:
  Client Component Browser:
    ./components/ui/context-menu.jsx [Client Component Browser]
    ./components/MenuItemCard.jsx [Client Component Browser]
    ./app/(home)/page.js [Client Component Browser]
    ./app/(home)/page.js [Server Component]

  Client Component SSR:
    ./components/ui/context-menu.jsx [Client Component SSR]
    ./components/MenuItemCard.jsx [Client Component SSR]
    ./app/(home)/page.js [Client Component SSR]
    ./app/(home)/page.js [Server Component]

https://nextjs.org/docs/messages/module-not-found


⨯ ./components/ui/context-menu.jsx:2:1
Module not found: Can't resolve '@radix-ui/react-context-menu'
  [90m1 |[0m [36mimport[0m * [36mas[0m [33mReact[0m [36mfrom[0m [32m"react"[0m
[31m[1m>[0m [90m2 |[0m [36mimport[0m * [36mas[0m [33mContextMenuPrimitive[0m [36mfrom[0m [32m"@radix-ui/react-context-menu"[0m
  [90m  |[0m [31m[1m^^^^^^^^^^^^^^^^^^^^^^^^^^^^^^^^^^^^^^^^^^^^^^^^^^^^^^^^^^^^^^^^^^^^[0m
  [90m3 |[0m [36mimport[0m { [33mCheck[0m, [33mChevronRight[0m, [33mCircle[0m } [36mfrom[0m [32m"lucide-react"[0m
  [90m4 |[0m
  [90m5 |[0m [36mimport[0m { cn } [36mfrom[0m [32m"@/lib/utils"[0m



Import traces:
  Client Component Browser:
    ./components/ui/context-menu.jsx [Client Component Browser]
    ./components/MenuItemCard.jsx [Client Component Browser]
    ./app/(home)/page.js [Client Component Browser]
    ./app/(home)/page.js [Server Component]

  Client Component SSR:
    ./components/ui/context-menu.jsx [Client Component SSR]
    ./components/MenuItemCard.jsx [Client Component SSR]
    ./app/(home)/page.js [Client Component SSR]
    ./app/(home)/page.js [Server Component]

https://nextjs.org/docs/messages/module-not-found


⨯ ./components/ui/context-menu.jsx:2:1
Module not found: Can't resolve '@radix-ui/react-context-menu'
  [90m1 |[0m [36mimport[0m * [36mas[0m [33mReact[0m [36mfrom[0m [32m"react"[0m
[31m[1m>[0m [90m2 |[0m [36mimport[0m * [36mas[0m [33mContextMenuPrimitive[0m [36mfrom[0m [32m"@radix-ui/react-context-menu"[0m
  [90m  |[0m [31m[1m^^^^^^^^^^^^^^^^^^^^^^^^^^^^^^^^^^^^^^^^^^^^^^^^^^^^^^^^^^^^^^^^^^^^[0m
  [90m3 |[0m [36mimport[0m { [33mCheck[0m, [33mChevronRight[0m, [33mCircle[0m } [36mfrom[0m [32m"lucide-react"[0m
  [90m4 |[0m
  [90m5 |[0m [36mimport[0m { cn } [36mfrom[0m [32m"@/lib/utils"[0m



Import traces:
  Client Component Browser:
    ./components/ui/context-menu.jsx [Client Component Browser]
    ./components/MenuItemCard.jsx [Client Component Browser]
    ./app/(home)/page.js [Client Component Browser]
    ./app/(home)/page.js [Server Component]

  Client Component SSR:
    ./components/ui/context-menu.jsx [Client Component SSR]
    ./components/MenuItemCard.jsx [Client Component SSR]
    ./app/(home)/page.js [Client Component SSR]
    ./app/(home)/page.js [Server Component]

https://nextjs.org/docs/messages/module-not-found


⨯ ./components/ui/context-menu.jsx:2:1
Module not found: Can't resolve '@radix-ui/react-context-menu'
  [90m1 |[0m [36mimport[0m * [36mas[0m [33mReact[0m [36mfrom[0m [32m"react"[0m
[31m[1m>[0m [90m2 |[0m [36mimport[0m * [36mas[0m [33mContextMenuPrimitive[0m [36mfrom[0m [32m"@radix-ui/react-context-menu"[0m
  [90m  |[0m [31m[1m^^^^^^^^^^^^^^^^^^^^^^^^^^^^^^^^^^^^^^^^^^^^^^^^^^^^^^^^^^^^^^^^^^^^[0m
  [90m3 |[0m [36mimport[0m { [33mCheck[0m, [33mChevronRight[0m, [33mCircle[0m } [36mfrom[0m [32m"lucide-react"[0m
  [90m4 |[0m
  [90m5 |[0m [36mimport[0m { cn } [36mfrom[0m [32m"@/lib/utils"[0m



Import traces:
  Client Component Browser:
    ./components/ui/context-menu.jsx [Client Component Browser]
    ./components/MenuItemCard.jsx [Client Component Browser]
    ./app/(home)/page.js [Client Component Browser]
    ./app/(home)/page.js [Server Component]

  Client Component SSR:
    ./components/ui/context-menu.jsx [Client Component SSR]
    ./components/MenuItemCard.jsx [Client Component SSR]
    ./app/(home)/page.js [Client Component SSR]
    ./app/(home)/page.js [Server Component]

https://nextjs.org/docs/messages/module-not-found


⨯ ./components/ui/context-menu.jsx:2:1
Module not found: Can't resolve '@radix-ui/react-context-menu'
  [90m1 |[0m [36mimport[0m * [36mas[0m [33mReact[0m [36mfrom[0m [32m"react"[0m
[31m[1m>[0m [90m2 |[0m [36mimport[0m * [36mas[0m [33mContextMenuPrimitive[0m [36mfrom[0m [32m"@radix-ui/react-context-menu"[0m
  [90m  |[0m [31m[1m^^^^^^^^^^^^^^^^^^^^^^^^^^^^^^^^^^^^^^^^^^^^^^^^^^^^^^^^^^^^^^^^^^^^[0m
  [90m3 |[0m [36mimport[0m { [33mCheck[0m, [33mChevronRight[0m, [33mCircle[0m } [36mfrom[0m [32m"lucide-react"[0m
  [90m4 |[0m
  [90m5 |[0m [36mimport[0m { cn } [36mfrom[0m [32m"@/lib/utils"[0m



Import traces:
  Client Component Browser:
    ./components/ui/context-menu.jsx [Client Component Browser]
    ./components/MenuItemCard.jsx [Client Component Browser]
    ./app/(home)/page.js [Client Component Browser]
    ./app/(home)/page.js [Server Component]

  Client Component SSR:
    ./components/ui/context-menu.jsx [Client Component SSR]
    ./components/MenuItemCard.jsx [Client Component SSR]
    ./app/(home)/page.js [Client Component SSR]
    ./app/(home)/page.js [Server Component]

https://nextjs.org/docs/messages/module-not-found


⨯ ./components/ui/context-menu.jsx:2:1
Module not found: Can't resolve '@radix-ui/react-context-menu'
  [90m1 |[0m [36mimport[0m * [36mas[0m [33mReact[0m [36mfrom[0m [32m"react"[0m
[31m[1m>[0m [90m2 |[0m [36mimport[0m * [36mas[0m [33mContextMenuPrimitive[0m [36mfrom[0m [32m"@radix-ui/react-context-menu"[0m
  [90m  |[0m [31m[1m^^^^^^^^^^^^^^^^^^^^^^^^^^^^^^^^^^^^^^^^^^^^^^^^^^^^^^^^^^^^^^^^^^^^[0m
  [90m3 |[0m [36mimport[0m { [33mCheck[0m, [33mChevronRight[0m, [33mCircle[0m } [36mfrom[0m [32m"lucide-react"[0m
  [90m4 |[0m
  [90m5 |[0m [36mimport[0m { cn } [36mfrom[0m [32m"@/lib/utils"[0m



Import traces:
  Client Component Browser:
    ./components/ui/context-menu.jsx [Client Component Browser]
    ./components/MenuItemCard.jsx [Client Component Browser]
    ./app/(home)/page.js [Client Component Browser]
    ./app/(home)/page.js [Server Component]

  Client Component SSR:
    ./components/ui/context-menu.jsx [Client Component SSR]
    ./components/MenuItemCard.jsx [Client Component SSR]
    ./app/(home)/page.js [Client Component SSR]
    ./app/(home)/page.js [Server Component]

https://nextjs.org/docs/messages/module-not-found


⨯ ./components/ui/context-menu.jsx:2:1
Module not found: Can't resolve '@radix-ui/react-context-menu'
  [90m1 |[0m [36mimport[0m * [36mas[0m [33mReact[0m [36mfrom[0m [32m"react"[0m
[31m[1m>[0m [90m2 |[0m [36mimport[0m * [36mas[0m [33mContextMenuPrimitive[0m [36mfrom[0m [32m"@radix-ui/react-context-menu"[0m
  [90m  |[0m [31m[1m^^^^^^^^^^^^^^^^^^^^^^^^^^^^^^^^^^^^^^^^^^^^^^^^^^^^^^^^^^^^^^^^^^^^[0m
  [90m3 |[0m [36mimport[0m { [33mCheck[0m, [33mChevronRight[0m, [33mCircle[0m } [36mfrom[0m [32m"lucide-react"[0m
  [90m4 |[0m
  [90m5 |[0m [36mimport[0m { cn } [36mfrom[0m [32m"@/lib/utils"[0m



Import traces:
  Client Component Browser:
    ./components/ui/context-menu.jsx [Client Component Browser]
    ./components/MenuItemCard.jsx [Client Component Browser]
    ./app/(home)/page.js [Client Component Browser]
    ./app/(home)/page.js [Server Component]

  Client Component SSR:
    ./components/ui/context-menu.jsx [Client Component SSR]
    ./components/MenuItemCard.jsx [Client Component SSR]
    ./app/(home)/page.js [Client Component SSR]
    ./app/(home)/page.js [Server Component]

https://nextjs.org/docs/messages/module-not-found


⨯ ./components/ui/context-menu.jsx:2:1
Module not found: Can't resolve '@radix-ui/react-context-menu'
  [90m1 |[0m [36mimport[0m * [36mas[0m [33mReact[0m [36mfrom[0m [32m"react"[0m
[31m[1m>[0m [90m2 |[0m [36mimport[0m * [36mas[0m [33mContextMenuPrimitive[0m [36mfrom[0m [32m"@radix-ui/react-context-menu"[0m
  [90m  |[0m [31m[1m^^^^^^^^^^^^^^^^^^^^^^^^^^^^^^^^^^^^^^^^^^^^^^^^^^^^^^^^^^^^^^^^^^^^[0m
  [90m3 |[0m [36mimport[0m { [33mCheck[0m, [33mChevronRight[0m, [33mCircle[0m } [36mfrom[0m [32m"lucide-react"[0m
  [90m4 |[0m
  [90m5 |[0m [36mimport[0m { cn } [36mfrom[0m [32m"@/lib/utils"[0m



Import traces:
  Client Component Browser:
    ./components/ui/context-menu.jsx [Client Component Browser]
    ./components/MenuItemCard.jsx [Client Component Browser]
    ./app/(home)/page.js [Client Component Browser]
    ./app/(home)/page.js [Server Component]

  Client Component SSR:
    ./components/ui/context-menu.jsx [Client Component SSR]
    ./components/MenuItemCard.jsx [Client Component SSR]
    ./app/(home)/page.js [Client Component SSR]
    ./app/(home)/page.js [Server Component]

https://nextjs.org/docs/messages/module-not-found


⨯ ./components/ui/context-menu.jsx:2:1
Module not found: Can't resolve '@radix-ui/react-context-menu'
  [90m1 |[0m [36mimport[0m * [36mas[0m [33mReact[0m [36mfrom[0m [32m"react"[0m
[31m[1m>[0m [90m2 |[0m [36mimport[0m * [36mas[0m [33mContextMenuPrimitive[0m [36mfrom[0m [32m"@radix-ui/react-context-menu"[0m
  [90m  |[0m [31m[1m^^^^^^^^^^^^^^^^^^^^^^^^^^^^^^^^^^^^^^^^^^^^^^^^^^^^^^^^^^^^^^^^^^^^[0m
  [90m3 |[0m [36mimport[0m { [33mCheck[0m, [33mChevronRight[0m, [33mCircle[0m } [36mfrom[0m [32m"lucide-react"[0m
  [90m4 |[0m
  [90m5 |[0m [36mimport[0m { cn } [36mfrom[0m [32m"@/lib/utils"[0m



Import traces:
  Client Component Browser:
    ./components/ui/context-menu.jsx [Client Component Browser]
    ./components/MenuItemCard.jsx [Client Component Browser]
    ./app/(home)/page.js [Client Component Browser]
    ./app/(home)/page.js [Server Component]

  Client Component SSR:
    ./components/ui/context-menu.jsx [Client Component SSR]
    ./components/MenuItemCard.jsx [Client Component SSR]
    ./app/(home)/page.js [Client Component SSR]
    ./app/(home)/page.js [Server Component]

https://nextjs.org/docs/messages/module-not-found


⨯ ./components/ui/context-menu.jsx:2:1
Module not found: Can't resolve '@radix-ui/react-context-menu'
  [90m1 |[0m [36mimport[0m * [36mas[0m [33mReact[0m [36mfrom[0m [32m"react"[0m
[31m[1m>[0m [90m2 |[0m [36mimport[0m * [36mas[0m [33mContextMenuPrimitive[0m [36mfrom[0m [32m"@radix-ui/react-context-menu"[0m
  [90m  |[0m [31m[1m^^^^^^^^^^^^^^^^^^^^^^^^^^^^^^^^^^^^^^^^^^^^^^^^^^^^^^^^^^^^^^^^^^^^[0m
  [90m3 |[0m [36mimport[0m { [33mCheck[0m, [33mChevronRight[0m, [33mCircle[0m } [36mfrom[0m [32m"lucide-react"[0m
  [90m4 |[0m
  [90m5 |[0m [36mimport[0m { cn } [36mfrom[0m [32m"@/lib/utils"[0m



Import traces:
  Client Component Browser:
    ./components/ui/context-menu.jsx [Client Component Browser]
    ./components/MenuItemCard.jsx [Client Component Browser]
    ./app/(home)/page.js [Client Component Browser]
    ./app/(home)/page.js [Server Component]

  Client Component SSR:
    ./components/ui/context-menu.jsx [Client Component SSR]
    ./components/MenuItemCard.jsx [Client Component SSR]
    ./app/(home)/page.js [Client Component SSR]
    ./app/(home)/page.js [Server Component]

https://nextjs.org/docs/messages/module-not-found


⨯ ./components/ui/context-menu.jsx:2:1
Module not found: Can't resolve '@radix-ui/react-context-menu'
  [90m1 |[0m [36mimport[0m * [36mas[0m [33mReact[0m [36mfrom[0m [32m"react"[0m
[31m[1m>[0m [90m2 |[0m [36mimport[0m * [36mas[0m [33mContextMenuPrimitive[0m [36mfrom[0m [32m"@radix-ui/react-context-menu"[0m
  [90m  |[0m [31m[1m^^^^^^^^^^^^^^^^^^^^^^^^^^^^^^^^^^^^^^^^^^^^^^^^^^^^^^^^^^^^^^^^^^^^[0m
  [90m3 |[0m [36mimport[0m { [33mCheck[0m, [33mChevronRight[0m, [33mCircle[0m } [36mfrom[0m [32m"lucide-react"[0m
  [90m4 |[0m
  [90m5 |[0m [36mimport[0m { cn } [36mfrom[0m [32m"@/lib/utils"[0m



Import traces:
  Client Component Browser:
    ./components/ui/context-menu.jsx [Client Component Browser]
    ./components/MenuItemCard.jsx [Client Component Browser]
    ./app/(home)/page.js [Client Component Browser]
    ./app/(home)/page.js [Server Component]

  Client Component SSR:
    ./components/ui/context-menu.jsx [Client Component SSR]
    ./components/MenuItemCard.jsx [Client Component SSR]
    ./app/(home)/page.js [Client Component SSR]
    ./app/(home)/page.js [Server Component]

https://nextjs.org/docs/messages/module-not-found


⨯ ./components/ui/context-menu.jsx:2:1
Module not found: Can't resolve '@radix-ui/react-context-menu'
  [90m1 |[0m [36mimport[0m * [36mas[0m [33mReact[0m [36mfrom[0m [32m"react"[0m
[31m[1m>[0m [90m2 |[0m [36mimport[0m * [36mas[0m [33mContextMenuPrimitive[0m [36mfrom[0m [32m"@radix-ui/react-context-menu"[0m
  [90m  |[0m [31m[1m^^^^^^^^^^^^^^^^^^^^^^^^^^^^^^^^^^^^^^^^^^^^^^^^^^^^^^^^^^^^^^^^^^^^[0m
  [90m3 |[0m [36mimport[0m { [33mCheck[0m, [33mChevronRight[0m, [33mCircle[0m } [36mfrom[0m [32m"lucide-react"[0m
  [90m4 |[0m
  [90m5 |[0m [36mimport[0m { cn } [36mfrom[0m [32m"@/lib/utils"[0m



Import traces:
  Client Component Browser:
    ./components/ui/context-menu.jsx [Client Component Browser]
    ./components/MenuItemCard.jsx [Client Component Browser]
    ./app/(home)/page.js [Client Component Browser]
    ./app/(home)/page.js [Server Component]

  Client Component SSR:
    ./components/ui/context-menu.jsx [Client Component SSR]
    ./components/MenuItemCard.jsx [Client Component SSR]
    ./app/(home)/page.js [Client Component SSR]
    ./app/(home)/page.js [Server Component]

https://nextjs.org/docs/messages/module-not-found


⨯ ./components/ui/context-menu.jsx:2:1
Module not found: Can't resolve '@radix-ui/react-context-menu'
  [90m1 |[0m [36mimport[0m * [36mas[0m [33mReact[0m [36mfrom[0m [32m"react"[0m
[31m[1m>[0m [90m2 |[0m [36mimport[0m * [36mas[0m [33mContextMenuPrimitive[0m [36mfrom[0m [32m"@radix-ui/react-context-menu"[0m
  [90m  |[0m [31m[1m^^^^^^^^^^^^^^^^^^^^^^^^^^^^^^^^^^^^^^^^^^^^^^^^^^^^^^^^^^^^^^^^^^^^[0m
  [90m3 |[0m [36mimport[0m { [33mCheck[0m, [33mChevronRight[0m, [33mCircle[0m } [36mfrom[0m [32m"lucide-react"[0m
  [90m4 |[0m
  [90m5 |[0m [36mimport[0m { cn } [36mfrom[0m [32m"@/lib/utils"[0m



Import traces:
  Client Component Browser:
    ./components/ui/context-menu.jsx [Client Component Browser]
    ./components/MenuItemCard.jsx [Client Component Browser]
    ./app/(home)/page.js [Client Component Browser]
    ./app/(home)/page.js [Server Component]

  Client Component SSR:
    ./components/ui/context-menu.jsx [Client Component SSR]
    ./components/MenuItemCard.jsx [Client Component SSR]
    ./app/(home)/page.js [Client Component SSR]
    ./app/(home)/page.js [Server Component]

https://nextjs.org/docs/messages/module-not-found


⨯ ./components/ui/context-menu.jsx:2:1
Module not found: Can't resolve '@radix-ui/react-context-menu'
  [90m1 |[0m [36mimport[0m * [36mas[0m [33mReact[0m [36mfrom[0m [32m"react"[0m
[31m[1m>[0m [90m2 |[0m [36mimport[0m * [36mas[0m [33mContextMenuPrimitive[0m [36mfrom[0m [32m"@radix-ui/react-context-menu"[0m
  [90m  |[0m [31m[1m^^^^^^^^^^^^^^^^^^^^^^^^^^^^^^^^^^^^^^^^^^^^^^^^^^^^^^^^^^^^^^^^^^^^[0m
  [90m3 |[0m [36mimport[0m { [33mCheck[0m, [33mChevronRight[0m, [33mCircle[0m } [36mfrom[0m [32m"lucide-react"[0m
  [90m4 |[0m
  [90m5 |[0m [36mimport[0m { cn } [36mfrom[0m [32m"@/lib/utils"[0m



Import traces:
  Client Component Browser:
    ./components/ui/context-menu.jsx [Client Component Browser]
    ./components/MenuItemCard.jsx [Client Component Browser]
    ./app/(home)/page.js [Client Component Browser]
    ./app/(home)/page.js [Server Component]

  Client Component SSR:
    ./components/ui/context-menu.jsx [Client Component SSR]
    ./components/MenuItemCard.jsx [Client Component SSR]
    ./app/(home)/page.js [Client Component SSR]
    ./app/(home)/page.js [Server Component]

https://nextjs.org/docs/messages/module-not-found


⨯ ./components/ui/context-menu.jsx:2:1
Module not found: Can't resolve '@radix-ui/react-context-menu'
  [90m1 |[0m [36mimport[0m * [36mas[0m [33mReact[0m [36mfrom[0m [32m"react"[0m
[31m[1m>[0m [90m2 |[0m [36mimport[0m * [36mas[0m [33mContextMenuPrimitive[0m [36mfrom[0m [32m"@radix-ui/react-context-menu"[0m
  [90m  |[0m [31m[1m^^^^^^^^^^^^^^^^^^^^^^^^^^^^^^^^^^^^^^^^^^^^^^^^^^^^^^^^^^^^^^^^^^^^[0m
  [90m3 |[0m [36mimport[0m { [33mCheck[0m, [33mChevronRight[0m, [33mCircle[0m } [36mfrom[0m [32m"lucide-react"[0m
  [90m4 |[0m
  [90m5 |[0m [36mimport[0m { cn } [36mfrom[0m [32m"@/lib/utils"[0m



Import traces:
  Client Component Browser:
    ./components/ui/context-menu.jsx [Client Component Browser]
    ./components/MenuItemCard.jsx [Client Component Browser]
    ./app/(home)/page.js [Client Component Browser]
    ./app/(home)/page.js [Server Component]

  Client Component SSR:
    ./components/ui/context-menu.jsx [Client Component SSR]
    ./components/MenuItemCard.jsx [Client Component SSR]
    ./app/(home)/page.js [Client Component SSR]
    ./app/(home)/page.js [Server Component]

https://nextjs.org/docs/messages/module-not-found


⨯ ./components/ui/context-menu.jsx:2:1
Module not found: Can't resolve '@radix-ui/react-context-menu'
  [90m1 |[0m [36mimport[0m * [36mas[0m [33mReact[0m [36mfrom[0m [32m"react"[0m
[31m[1m>[0m [90m2 |[0m [36mimport[0m * [36mas[0m [33mContextMenuPrimitive[0m [36mfrom[0m [32m"@radix-ui/react-context-menu"[0m
  [90m  |[0m [31m[1m^^^^^^^^^^^^^^^^^^^^^^^^^^^^^^^^^^^^^^^^^^^^^^^^^^^^^^^^^^^^^^^^^^^^[0m
  [90m3 |[0m [36mimport[0m { [33mCheck[0m, [33mChevronRight[0m, [33mCircle[0m } [36mfrom[0m [32m"lucide-react"[0m
  [90m4 |[0m
  [90m5 |[0m [36mimport[0m { cn } [36mfrom[0m [32m"@/lib/utils"[0m



Import traces:
  Client Component Browser:
    ./components/ui/context-menu.jsx [Client Component Browser]
    ./components/MenuItemCard.jsx [Client Component Browser]
    ./app/(home)/page.js [Client Component Browser]
    ./app/(home)/page.js [Server Component]

  Client Component SSR:
    ./components/ui/context-menu.jsx [Client Component SSR]
    ./components/MenuItemCard.jsx [Client Component SSR]
    ./app/(home)/page.js [Client Component SSR]
    ./app/(home)/page.js [Server Component]

https://nextjs.org/docs/messages/module-not-found


⨯ ./components/ui/context-menu.jsx:2:1
Module not found: Can't resolve '@radix-ui/react-context-menu'
  [90m1 |[0m [36mimport[0m * [36mas[0m [33mReact[0m [36mfrom[0m [32m"react"[0m
[31m[1m>[0m [90m2 |[0m [36mimport[0m * [36mas[0m [33mContextMenuPrimitive[0m [36mfrom[0m [32m"@radix-ui/react-context-menu"[0m
  [90m  |[0m [31m[1m^^^^^^^^^^^^^^^^^^^^^^^^^^^^^^^^^^^^^^^^^^^^^^^^^^^^^^^^^^^^^^^^^^^^[0m
  [90m3 |[0m [36mimport[0m { [33mCheck[0m, [33mChevronRight[0m, [33mCircle[0m } [36mfrom[0m [32m"lucide-react"[0m
  [90m4 |[0m
  [90m5 |[0m [36mimport[0m { cn } [36mfrom[0m [32m"@/lib/utils"[0m



Import traces:
  Client Component Browser:
    ./components/ui/context-menu.jsx [Client Component Browser]
    ./components/MenuItemCard.jsx [Client Component Browser]
    ./app/(home)/page.js [Client Component Browser]
    ./app/(home)/page.js [Server Component]

  Client Component SSR:
    ./components/ui/context-menu.jsx [Client Component SSR]
    ./components/MenuItemCard.jsx [Client Component SSR]
    ./app/(home)/page.js [Client Component SSR]
    ./app/(home)/page.js [Server Component]

https://nextjs.org/docs/messages/module-not-found


⨯ ./components/ui/context-menu.jsx:2:1
Module not found: Can't resolve '@radix-ui/react-context-menu'
  [90m1 |[0m [36mimport[0m * [36mas[0m [33mReact[0m [36mfrom[0m [32m"react"[0m
[31m[1m>[0m [90m2 |[0m [36mimport[0m * [36mas[0m [33mContextMenuPrimitive[0m [36mfrom[0m [32m"@radix-ui/react-context-menu"[0m
  [90m  |[0m [31m[1m^^^^^^^^^^^^^^^^^^^^^^^^^^^^^^^^^^^^^^^^^^^^^^^^^^^^^^^^^^^^^^^^^^^^[0m
  [90m3 |[0m [36mimport[0m { [33mCheck[0m, [33mChevronRight[0m, [33mCircle[0m } [36mfrom[0m [32m"lucide-react"[0m
  [90m4 |[0m
  [90m5 |[0m [36mimport[0m { cn } [36mfrom[0m [32m"@/lib/utils"[0m



Import traces:
  Client Component Browser:
    ./components/ui/context-menu.jsx [Client Component Browser]
    ./components/MenuItemCard.jsx [Client Component Browser]
    ./app/(home)/page.js [Client Component Browser]
    ./app/(home)/page.js [Server Component]

  Client Component SSR:
    ./components/ui/context-menu.jsx [Client Component SSR]
    ./components/MenuItemCard.jsx [Client Component SSR]
    ./app/(home)/page.js [Client Component SSR]
    ./app/(home)/page.js [Server Component]

https://nextjs.org/docs/messages/module-not-found


⨯ ./components/ui/context-menu.jsx:2:1
Module not found: Can't resolve '@radix-ui/react-context-menu'
  [90m1 |[0m [36mimport[0m * [36mas[0m [33mReact[0m [36mfrom[0m [32m"react"[0m
[31m[1m>[0m [90m2 |[0m [36mimport[0m * [36mas[0m [33mContextMenuPrimitive[0m [36mfrom[0m [32m"@radix-ui/react-context-menu"[0m
  [90m  |[0m [31m[1m^^^^^^^^^^^^^^^^^^^^^^^^^^^^^^^^^^^^^^^^^^^^^^^^^^^^^^^^^^^^^^^^^^^^[0m
  [90m3 |[0m [36mimport[0m { [33mCheck[0m, [33mChevronRight[0m, [33mCircle[0m } [36mfrom[0m [32m"lucide-react"[0m
  [90m4 |[0m
  [90m5 |[0m [36mimport[0m { cn } [36mfrom[0m [32m"@/lib/utils"[0m



Import traces:
  Client Component Browser:
    ./components/ui/context-menu.jsx [Client Component Browser]
    ./components/MenuItemCard.jsx [Client Component Browser]
    ./app/(home)/page.js [Client Component Browser]
    ./app/(home)/page.js [Server Component]

  Client Component SSR:
    ./components/ui/context-menu.jsx [Client Component SSR]
    ./components/MenuItemCard.jsx [Client Component SSR]
    ./app/(home)/page.js [Client Component SSR]
    ./app/(home)/page.js [Server Component]

https://nextjs.org/docs/messages/module-not-found


⨯ ./components/ui/context-menu.jsx:2:1
Module not found: Can't resolve '@radix-ui/react-context-menu'
  [90m1 |[0m [36mimport[0m * [36mas[0m [33mReact[0m [36mfrom[0m [32m"react"[0m
[31m[1m>[0m [90m2 |[0m [36mimport[0m * [36mas[0m [33mContextMenuPrimitive[0m [36mfrom[0m [32m"@radix-ui/react-context-menu"[0m
  [90m  |[0m [31m[1m^^^^^^^^^^^^^^^^^^^^^^^^^^^^^^^^^^^^^^^^^^^^^^^^^^^^^^^^^^^^^^^^^^^^[0m
  [90m3 |[0m [36mimport[0m { [33mCheck[0m, [33mChevronRight[0m, [33mCircle[0m } [36mfrom[0m [32m"lucide-react"[0m
  [90m4 |[0m
  [90m5 |[0m [36mimport[0m { cn } [36mfrom[0m [32m"@/lib/utils"[0m



Import traces:
  Client Component Browser:
    ./components/ui/context-menu.jsx [Client Component Browser]
    ./components/MenuItemCard.jsx [Client Component Browser]
    ./app/(home)/page.js [Client Component Browser]
    ./app/(home)/page.js [Server Component]

  Client Component SSR:
    ./components/ui/context-menu.jsx [Client Component SSR]
    ./components/MenuItemCard.jsx [Client Component SSR]
    ./app/(home)/page.js [Client Component SSR]
    ./app/(home)/page.js [Server Component]

https://nextjs.org/docs/messages/module-not-found


⨯ ./components/ui/context-menu.jsx:2:1
Module not found: Can't resolve '@radix-ui/react-context-menu'
  [90m1 |[0m [36mimport[0m * [36mas[0m [33mReact[0m [36mfrom[0m [32m"react"[0m
[31m[1m>[0m [90m2 |[0m [36mimport[0m * [36mas[0m [33mContextMenuPrimitive[0m [36mfrom[0m [32m"@radix-ui/react-context-menu"[0m
  [90m  |[0m [31m[1m^^^^^^^^^^^^^^^^^^^^^^^^^^^^^^^^^^^^^^^^^^^^^^^^^^^^^^^^^^^^^^^^^^^^[0m
  [90m3 |[0m [36mimport[0m { [33mCheck[0m, [33mChevronRight[0m, [33mCircle[0m } [36mfrom[0m [32m"lucide-react"[0m
  [90m4 |[0m
  [90m5 |[0m [36mimport[0m { cn } [36mfrom[0m [32m"@/lib/utils"[0m



Import traces:
  Client Component Browser:
    ./components/ui/context-menu.jsx [Client Component Browser]
    ./components/MenuItemCard.jsx [Client Component Browser]
    ./app/(home)/page.js [Client Component Browser]
    ./app/(home)/page.js [Server Component]

  Client Component SSR:
    ./components/ui/context-menu.jsx [Client Component SSR]
    ./components/MenuItemCard.jsx [Client Component SSR]
    ./app/(home)/page.js [Client Component SSR]
    ./app/(home)/page.js [Server Component]

https://nextjs.org/docs/messages/module-not-found


⨯ ./components/ui/context-menu.jsx:2:1
Module not found: Can't resolve '@radix-ui/react-context-menu'
  [90m1 |[0m [36mimport[0m * [36mas[0m [33mReact[0m [36mfrom[0m [32m"react"[0m
[31m[1m>[0m [90m2 |[0m [36mimport[0m * [36mas[0m [33mContextMenuPrimitive[0m [36mfrom[0m [32m"@radix-ui/react-context-menu"[0m
  [90m  |[0m [31m[1m^^^^^^^^^^^^^^^^^^^^^^^^^^^^^^^^^^^^^^^^^^^^^^^^^^^^^^^^^^^^^^^^^^^^[0m
  [90m3 |[0m [36mimport[0m { [33mCheck[0m, [33mChevronRight[0m, [33mCircle[0m } [36mfrom[0m [32m"lucide-react"[0m
  [90m4 |[0m
  [90m5 |[0m [36mimport[0m { cn } [36mfrom[0m [32m"@/lib/utils"[0m



Import traces:
  Client Component Browser:
    ./components/ui/context-menu.jsx [Client Component Browser]
    ./components/MenuItemCard.jsx [Client Component Browser]
    ./app/(home)/page.js [Client Component Browser]
    ./app/(home)/page.js [Server Component]

  Client Component SSR:
    ./components/ui/context-menu.jsx [Client Component SSR]
    ./components/MenuItemCard.jsx [Client Component SSR]
    ./app/(home)/page.js [Client Component SSR]
    ./app/(home)/page.js [Server Component]

https://nextjs.org/docs/messages/module-not-found


⨯ ./components/ui/context-menu.jsx:2:1
Module not found: Can't resolve '@radix-ui/react-context-menu'
  [90m1 |[0m [36mimport[0m * [36mas[0m [33mReact[0m [36mfrom[0m [32m"react"[0m
[31m[1m>[0m [90m2 |[0m [36mimport[0m * [36mas[0m [33mContextMenuPrimitive[0m [36mfrom[0m [32m"@radix-ui/react-context-menu"[0m
  [90m  |[0m [31m[1m^^^^^^^^^^^^^^^^^^^^^^^^^^^^^^^^^^^^^^^^^^^^^^^^^^^^^^^^^^^^^^^^^^^^[0m
  [90m3 |[0m [36mimport[0m { [33mCheck[0m, [33mChevronRight[0m, [33mCircle[0m } [36mfrom[0m [32m"lucide-react"[0m
  [90m4 |[0m
  [90m5 |[0m [36mimport[0m { cn } [36mfrom[0m [32m"@/lib/utils"[0m



Import traces:
  Client Component Browser:
    ./components/ui/context-menu.jsx [Client Component Browser]
    ./components/MenuItemCard.jsx [Client Component Browser]
    ./app/(home)/page.js [Client Component Browser]
    ./app/(home)/page.js [Server Component]

  Client Component SSR:
    ./components/ui/context-menu.jsx [Client Component SSR]
    ./components/MenuItemCard.jsx [Client Component SSR]
    ./app/(home)/page.js [Client Component SSR]
    ./app/(home)/page.js [Server Component]

https://nextjs.org/docs/messages/module-not-found


⨯ ./components/ui/context-menu.jsx:2:1
Module not found: Can't resolve '@radix-ui/react-context-menu'
  [90m1 |[0m [36mimport[0m * [36mas[0m [33mReact[0m [36mfrom[0m [32m"react"[0m
[31m[1m>[0m [90m2 |[0m [36mimport[0m * [36mas[0m [33mContextMenuPrimitive[0m [36mfrom[0m [32m"@radix-ui/react-context-menu"[0m
  [90m  |[0m [31m[1m^^^^^^^^^^^^^^^^^^^^^^^^^^^^^^^^^^^^^^^^^^^^^^^^^^^^^^^^^^^^^^^^^^^^[0m
  [90m3 |[0m [36mimport[0m { [33mCheck[0m, [33mChevronRight[0m, [33mCircle[0m } [36mfrom[0m [32m"lucide-react"[0m
  [90m4 |[0m
  [90m5 |[0m [36mimport[0m { cn } [36mfrom[0m [32m"@/lib/utils"[0m



Import traces:
  Client Component Browser:
    ./components/ui/context-menu.jsx [Client Component Browser]
    ./components/MenuItemCard.jsx [Client Component Browser]
    ./app/(home)/page.js [Client Component Browser]
    ./app/(home)/page.js [Server Component]

  Client Component SSR:
    ./components/ui/context-menu.jsx [Client Component SSR]
    ./components/MenuItemCard.jsx [Client Component SSR]
    ./app/(home)/page.js [Client Component SSR]
    ./app/(home)/page.js [Server Component]

https://nextjs.org/docs/messages/module-not-found


⨯ ./components/ui/context-menu.jsx:2:1
Module not found: Can't resolve '@radix-ui/react-context-menu'
  [90m1 |[0m [36mimport[0m * [36mas[0m [33mReact[0m [36mfrom[0m [32m"react"[0m
[31m[1m>[0m [90m2 |[0m [36mimport[0m * [36mas[0m [33mContextMenuPrimitive[0m [36mfrom[0m [32m"@radix-ui/react-context-menu"[0m
  [90m  |[0m [31m[1m^^^^^^^^^^^^^^^^^^^^^^^^^^^^^^^^^^^^^^^^^^^^^^^^^^^^^^^^^^^^^^^^^^^^[0m
  [90m3 |[0m [36mimport[0m { [33mCheck[0m, [33mChevronRight[0m, [33mCircle[0m } [36mfrom[0m [32m"lucide-react"[0m
  [90m4 |[0m
  [90m5 |[0m [36mimport[0m { cn } [36mfrom[0m [32m"@/lib/utils"[0m



Import traces:
  Client Component Browser:
    ./components/ui/context-menu.jsx [Client Component Browser]
    ./components/MenuItemCard.jsx [Client Component Browser]
    ./app/(home)/page.js [Client Component Browser]
    ./app/(home)/page.js [Server Component]

  Client Component SSR:
    ./components/ui/context-menu.jsx [Client Component SSR]
    ./components/MenuItemCard.jsx [Client Component SSR]
    ./app/(home)/page.js [Client Component SSR]
    ./app/(home)/page.js [Server Component]

https://nextjs.org/docs/messages/module-not-found


⨯ ./components/ui/context-menu.jsx:2:1
Module not found: Can't resolve '@radix-ui/react-context-menu'
  [90m1 |[0m [36mimport[0m * [36mas[0m [33mReact[0m [36mfrom[0m [32m"react"[0m
[31m[1m>[0m [90m2 |[0m [36mimport[0m * [36mas[0m [33mContextMenuPrimitive[0m [36mfrom[0m [32m"@radix-ui/react-context-menu"[0m
  [90m  |[0m [31m[1m^^^^^^^^^^^^^^^^^^^^^^^^^^^^^^^^^^^^^^^^^^^^^^^^^^^^^^^^^^^^^^^^^^^^[0m
  [90m3 |[0m [36mimport[0m { [33mCheck[0m, [33mChevronRight[0m, [33mCircle[0m } [36mfrom[0m [32m"lucide-react"[0m
  [90m4 |[0m
  [90m5 |[0m [36mimport[0m { cn } [36mfrom[0m [32m"@/lib/utils"[0m



Import traces:
  Client Component Browser:
    ./components/ui/context-menu.jsx [Client Component Browser]
    ./components/MenuItemCard.jsx [Client Component Browser]
    ./app/(home)/page.js [Client Component Browser]
    ./app/(home)/page.js [Server Component]

  Client Component SSR:
    ./components/ui/context-menu.jsx [Client Component SSR]
    ./components/MenuItemCard.jsx [Client Component SSR]
    ./app/(home)/page.js [Client Component SSR]
    ./app/(home)/page.js [Server Component]

https://nextjs.org/docs/messages/module-not-found


⨯ ./components/ui/context-menu.jsx:2:1
Module not found: Can't resolve '@radix-ui/react-context-menu'
  [90m1 |[0m [36mimport[0m * [36mas[0m [33mReact[0m [36mfrom[0m [32m"react"[0m
[31m[1m>[0m [90m2 |[0m [36mimport[0m * [36mas[0m [33mContextMenuPrimitive[0m [36mfrom[0m [32m"@radix-ui/react-context-menu"[0m
  [90m  |[0m [31m[1m^^^^^^^^^^^^^^^^^^^^^^^^^^^^^^^^^^^^^^^^^^^^^^^^^^^^^^^^^^^^^^^^^^^^[0m
  [90m3 |[0m [36mimport[0m { [33mCheck[0m, [33mChevronRight[0m, [33mCircle[0m } [36mfrom[0m [32m"lucide-react"[0m
  [90m4 |[0m
  [90m5 |[0m [36mimport[0m { cn } [36mfrom[0m [32m"@/lib/utils"[0m



Import traces:
  Client Component Browser:
    ./components/ui/context-menu.jsx [Client Component Browser]
    ./components/MenuItemCard.jsx [Client Component Browser]
    ./app/(home)/page.js [Client Component Browser]
    ./app/(home)/page.js [Server Component]

  Client Component SSR:
    ./components/ui/context-menu.jsx [Client Component SSR]
    ./components/MenuItemCard.jsx [Client Component SSR]
    ./app/(home)/page.js [Client Component SSR]
    ./app/(home)/page.js [Server Component]

https://nextjs.org/docs/messages/module-not-found


⨯ ./components/ui/context-menu.jsx:2:1
Module not found: Can't resolve '@radix-ui/react-context-menu'
  [90m1 |[0m [36mimport[0m * [36mas[0m [33mReact[0m [36mfrom[0m [32m"react"[0m
[31m[1m>[0m [90m2 |[0m [36mimport[0m * [36mas[0m [33mContextMenuPrimitive[0m [36mfrom[0m [32m"@radix-ui/react-context-menu"[0m
  [90m  |[0m [31m[1m^^^^^^^^^^^^^^^^^^^^^^^^^^^^^^^^^^^^^^^^^^^^^^^^^^^^^^^^^^^^^^^^^^^^[0m
  [90m3 |[0m [36mimport[0m { [33mCheck[0m, [33mChevronRight[0m, [33mCircle[0m } [36mfrom[0m [32m"lucide-react"[0m
  [90m4 |[0m
  [90m5 |[0m [36mimport[0m { cn } [36mfrom[0m [32m"@/lib/utils"[0m



Import traces:
  Client Component Browser:
    ./components/ui/context-menu.jsx [Client Component Browser]
    ./components/MenuItemCard.jsx [Client Component Browser]
    ./app/(home)/page.js [Client Component Browser]
    ./app/(home)/page.js [Server Component]

  Client Component SSR:
    ./components/ui/context-menu.jsx [Client Component SSR]
    ./components/MenuItemCard.jsx [Client Component SSR]
    ./app/(home)/page.js [Client Component SSR]
    ./app/(home)/page.js [Server Component]

https://nextjs.org/docs/messages/module-not-found


⨯ ./components/ui/context-menu.jsx:2:1
Module not found: Can't resolve '@radix-ui/react-context-menu'
  [90m1 |[0m [36mimport[0m * [36mas[0m [33mReact[0m [36mfrom[0m [32m"react"[0m
[31m[1m>[0m [90m2 |[0m [36mimport[0m * [36mas[0m [33mContextMenuPrimitive[0m [36mfrom[0m [32m"@radix-ui/react-context-menu"[0m
  [90m  |[0m [31m[1m^^^^^^^^^^^^^^^^^^^^^^^^^^^^^^^^^^^^^^^^^^^^^^^^^^^^^^^^^^^^^^^^^^^^[0m
  [90m3 |[0m [36mimport[0m { [33mCheck[0m, [33mChevronRight[0m, [33mCircle[0m } [36mfrom[0m [32m"lucide-react"[0m
  [90m4 |[0m
  [90m5 |[0m [36mimport[0m { cn } [36mfrom[0m [32m"@/lib/utils"[0m



Import traces:
  Client Component Browser:
    ./components/ui/context-menu.jsx [Client Component Browser]
    ./components/MenuItemCard.jsx [Client Component Browser]
    ./app/(home)/page.js [Client Component Browser]
    ./app/(home)/page.js [Server Component]

  Client Component SSR:
    ./components/ui/context-menu.jsx [Client Component SSR]
    ./components/MenuItemCard.jsx [Client Component SSR]
    ./app/(home)/page.js [Client Component SSR]
    ./app/(home)/page.js [Server Component]

https://nextjs.org/docs/messages/module-not-found


⨯ ./components/ui/context-menu.jsx:2:1
Module not found: Can't resolve '@radix-ui/react-context-menu'
  [90m1 |[0m [36mimport[0m * [36mas[0m [33mReact[0m [36mfrom[0m [32m"react"[0m
[31m[1m>[0m [90m2 |[0m [36mimport[0m * [36mas[0m [33mContextMenuPrimitive[0m [36mfrom[0m [32m"@radix-ui/react-context-menu"[0m
  [90m  |[0m [31m[1m^^^^^^^^^^^^^^^^^^^^^^^^^^^^^^^^^^^^^^^^^^^^^^^^^^^^^^^^^^^^^^^^^^^^[0m
  [90m3 |[0m [36mimport[0m { [33mCheck[0m, [33mChevronRight[0m, [33mCircle[0m } [36mfrom[0m [32m"lucide-react"[0m
  [90m4 |[0m
  [90m5 |[0m [36mimport[0m { cn } [36mfrom[0m [32m"@/lib/utils"[0m



Import traces:
  Client Component Browser:
    ./components/ui/context-menu.jsx [Client Component Browser]
    ./components/MenuItemCard.jsx [Client Component Browser]
    ./app/(home)/page.js [Client Component Browser]
    ./app/(home)/page.js [Server Component]

  Client Component SSR:
    ./components/ui/context-menu.jsx [Client Component SSR]
    ./components/MenuItemCard.jsx [Client Component SSR]
    ./app/(home)/page.js [Client Component SSR]
    ./app/(home)/page.js [Server Component]

https://nextjs.org/docs/messages/module-not-found


⨯ ./components/ui/context-menu.jsx:2:1
Module not found: Can't resolve '@radix-ui/react-context-menu'
  [90m1 |[0m [36mimport[0m * [36mas[0m [33mReact[0m [36mfrom[0m [32m"react"[0m
[31m[1m>[0m [90m2 |[0m [36mimport[0m * [36mas[0m [33mContextMenuPrimitive[0m [36mfrom[0m [32m"@radix-ui/react-context-menu"[0m
  [90m  |[0m [31m[1m^^^^^^^^^^^^^^^^^^^^^^^^^^^^^^^^^^^^^^^^^^^^^^^^^^^^^^^^^^^^^^^^^^^^[0m
  [90m3 |[0m [36mimport[0m { [33mCheck[0m, [33mChevronRight[0m, [33mCircle[0m } [36mfrom[0m [32m"lucide-react"[0m
  [90m4 |[0m
  [90m5 |[0m [36mimport[0m { cn } [36mfrom[0m [32m"@/lib/utils"[0m



Import traces:
  Client Component Browser:
    ./components/ui/context-menu.jsx [Client Component Browser]
    ./components/MenuItemCard.jsx [Client Component Browser]
    ./app/(home)/page.js [Client Component Browser]
    ./app/(home)/page.js [Server Component]

  Client Component SSR:
    ./components/ui/context-menu.jsx [Client Component SSR]
    ./components/MenuItemCard.jsx [Client Component SSR]
    ./app/(home)/page.js [Client Component SSR]
    ./app/(home)/page.js [Server Component]

https://nextjs.org/docs/messages/module-not-found


⨯ ./components/ui/context-menu.jsx:2:1
Module not found: Can't resolve '@radix-ui/react-context-menu'
  [90m1 |[0m [36mimport[0m * [36mas[0m [33mReact[0m [36mfrom[0m [32m"react"[0m
[31m[1m>[0m [90m2 |[0m [36mimport[0m * [36mas[0m [33mContextMenuPrimitive[0m [36mfrom[0m [32m"@radix-ui/react-context-menu"[0m
  [90m  |[0m [31m[1m^^^^^^^^^^^^^^^^^^^^^^^^^^^^^^^^^^^^^^^^^^^^^^^^^^^^^^^^^^^^^^^^^^^^[0m
  [90m3 |[0m [36mimport[0m { [33mCheck[0m, [33mChevronRight[0m, [33mCircle[0m } [36mfrom[0m [32m"lucide-react"[0m
  [90m4 |[0m
  [90m5 |[0m [36mimport[0m { cn } [36mfrom[0m [32m"@/lib/utils"[0m



Import traces:
  Client Component Browser:
    ./components/ui/context-menu.jsx [Client Component Browser]
    ./components/MenuItemCard.jsx [Client Component Browser]
    ./app/(home)/page.js [Client Component Browser]
    ./app/(home)/page.js [Server Component]

  Client Component SSR:
    ./components/ui/context-menu.jsx [Client Component SSR]
    ./components/MenuItemCard.jsx [Client Component SSR]
    ./app/(home)/page.js [Client Component SSR]
    ./app/(home)/page.js [Server Component]

https://nextjs.org/docs/messages/module-not-found


⨯ ./components/ui/context-menu.jsx:2:1
Module not found: Can't resolve '@radix-ui/react-context-menu'
  [90m1 |[0m [36mimport[0m * [36mas[0m [33mReact[0m [36mfrom[0m [32m"react"[0m
[31m[1m>[0m [90m2 |[0m [36mimport[0m * [36mas[0m [33mContextMenuPrimitive[0m [36mfrom[0m [32m"@radix-ui/react-context-menu"[0m
  [90m  |[0m [31m[1m^^^^^^^^^^^^^^^^^^^^^^^^^^^^^^^^^^^^^^^^^^^^^^^^^^^^^^^^^^^^^^^^^^^^[0m
  [90m3 |[0m [36mimport[0m { [33mCheck[0m, [33mChevronRight[0m, [33mCircle[0m } [36mfrom[0m [32m"lucide-react"[0m
  [90m4 |[0m
  [90m5 |[0m [36mimport[0m { cn } [36mfrom[0m [32m"@/lib/utils"[0m



Import traces:
  Client Component Browser:
    ./components/ui/context-menu.jsx [Client Component Browser]
    ./components/MenuItemCard.jsx [Client Component Browser]
    ./app/(home)/page.js [Client Component Browser]
    ./app/(home)/page.js [Server Component]

  Client Component SSR:
    ./components/ui/context-menu.jsx [Client Component SSR]
    ./components/MenuItemCard.jsx [Client Component SSR]
    ./app/(home)/page.js [Client Component SSR]
    ./app/(home)/page.js [Server Component]

https://nextjs.org/docs/messages/module-not-found


⨯ ./components/ui/context-menu.jsx:2:1
Module not found: Can't resolve '@radix-ui/react-context-menu'
  [90m1 |[0m [36mimport[0m * [36mas[0m [33mReact[0m [36mfrom[0m [32m"react"[0m
[31m[1m>[0m [90m2 |[0m [36mimport[0m * [36mas[0m [33mContextMenuPrimitive[0m [36mfrom[0m [32m"@radix-ui/react-context-menu"[0m
  [90m  |[0m [31m[1m^^^^^^^^^^^^^^^^^^^^^^^^^^^^^^^^^^^^^^^^^^^^^^^^^^^^^^^^^^^^^^^^^^^^[0m
  [90m3 |[0m [36mimport[0m { [33mCheck[0m, [33mChevronRight[0m, [33mCircle[0m } [36mfrom[0m [32m"lucide-react"[0m
  [90m4 |[0m
  [90m5 |[0m [36mimport[0m { cn } [36mfrom[0m [32m"@/lib/utils"[0m



Import traces:
  Client Component Browser:
    ./components/ui/context-menu.jsx [Client Component Browser]
    ./components/MenuItemCard.jsx [Client Component Browser]
    ./app/(home)/page.js [Client Component Browser]
    ./app/(home)/page.js [Server Component]

  Client Component SSR:
    ./components/ui/context-menu.jsx [Client Component SSR]
    ./components/MenuItemCard.jsx [Client Component SSR]
    ./app/(home)/page.js [Client Component SSR]
    ./app/(home)/page.js [Server Component]

https://nextjs.org/docs/messages/module-not-found


⨯ ./components/ui/context-menu.jsx:2:1
Module not found: Can't resolve '@radix-ui/react-context-menu'
  [90m1 |[0m [36mimport[0m * [36mas[0m [33mReact[0m [36mfrom[0m [32m"react"[0m
[31m[1m>[0m [90m2 |[0m [36mimport[0m * [36mas[0m [33mContextMenuPrimitive[0m [36mfrom[0m [32m"@radix-ui/react-context-menu"[0m
  [90m  |[0m [31m[1m^^^^^^^^^^^^^^^^^^^^^^^^^^^^^^^^^^^^^^^^^^^^^^^^^^^^^^^^^^^^^^^^^^^^[0m
  [90m3 |[0m [36mimport[0m { [33mCheck[0m, [33mChevronRight[0m, [33mCircle[0m } [36mfrom[0m [32m"lucide-react"[0m
  [90m4 |[0m
  [90m5 |[0m [36mimport[0m { cn } [36mfrom[0m [32m"@/lib/utils"[0m



Import traces:
  Client Component Browser:
    ./components/ui/context-menu.jsx [Client Component Browser]
    ./components/MenuItemCard.jsx [Client Component Browser]
    ./app/(home)/page.js [Client Component Browser]
    ./app/(home)/page.js [Server Component]

  Client Component SSR:
    ./components/ui/context-menu.jsx [Client Component SSR]
    ./components/MenuItemCard.jsx [Client Component SSR]
    ./app/(home)/page.js [Client Component SSR]
    ./app/(home)/page.js [Server Component]

https://nextjs.org/docs/messages/module-not-found


⨯ ./components/ui/context-menu.jsx:2:1
Module not found: Can't resolve '@radix-ui/react-context-menu'
  [90m1 |[0m [36mimport[0m * [36mas[0m [33mReact[0m [36mfrom[0m [32m"react"[0m
[31m[1m>[0m [90m2 |[0m [36mimport[0m * [36mas[0m [33mContextMenuPrimitive[0m [36mfrom[0m [32m"@radix-ui/react-context-menu"[0m
  [90m  |[0m [31m[1m^^^^^^^^^^^^^^^^^^^^^^^^^^^^^^^^^^^^^^^^^^^^^^^^^^^^^^^^^^^^^^^^^^^^[0m
  [90m3 |[0m [36mimport[0m { [33mCheck[0m, [33mChevronRight[0m, [33mCircle[0m } [36mfrom[0m [32m"lucide-react"[0m
  [90m4 |[0m
  [90m5 |[0m [36mimport[0m { cn } [36mfrom[0m [32m"@/lib/utils"[0m



Import traces:
  Client Component Browser:
    ./components/ui/context-menu.jsx [Client Component Browser]
    ./components/MenuItemCard.jsx [Client Component Browser]
    ./app/(home)/page.js [Client Component Browser]
    ./app/(home)/page.js [Server Component]

  Client Component SSR:
    ./components/ui/context-menu.jsx [Client Component SSR]
    ./components/MenuItemCard.jsx [Client Component SSR]
    ./app/(home)/page.js [Client Component SSR]
    ./app/(home)/page.js [Server Component]

https://nextjs.org/docs/messages/module-not-found


⨯ ./components/ui/context-menu.jsx:2:1
Module not found: Can't resolve '@radix-ui/react-context-menu'
  [90m1 |[0m [36mimport[0m * [36mas[0m [33mReact[0m [36mfrom[0m [32m"react"[0m
[31m[1m>[0m [90m2 |[0m [36mimport[0m * [36mas[0m [33mContextMenuPrimitive[0m [36mfrom[0m [32m"@radix-ui/react-context-menu"[0m
  [90m  |[0m [31m[1m^^^^^^^^^^^^^^^^^^^^^^^^^^^^^^^^^^^^^^^^^^^^^^^^^^^^^^^^^^^^^^^^^^^^[0m
  [90m3 |[0m [36mimport[0m { [33mCheck[0m, [33mChevronRight[0m, [33mCircle[0m } [36mfrom[0m [32m"lucide-react"[0m
  [90m4 |[0m
  [90m5 |[0m [36mimport[0m { cn } [36mfrom[0m [32m"@/lib/utils"[0m



Import traces:
  Client Component Browser:
    ./components/ui/context-menu.jsx [Client Component Browser]
    ./components/MenuItemCard.jsx [Client Component Browser]
    ./app/(home)/page.js [Client Component Browser]
    ./app/(home)/page.js [Server Component]

  Client Component SSR:
    ./components/ui/context-menu.jsx [Client Component SSR]
    ./components/MenuItemCard.jsx [Client Component SSR]
    ./app/(home)/page.js [Client Component SSR]
    ./app/(home)/page.js [Server Component]

https://nextjs.org/docs/messages/module-not-found


⨯ ./components/ui/context-menu.jsx:2:1
Module not found: Can't resolve '@radix-ui/react-context-menu'
  [90m1 |[0m [36mimport[0m * [36mas[0m [33mReact[0m [36mfrom[0m [32m"react"[0m
[31m[1m>[0m [90m2 |[0m [36mimport[0m * [36mas[0m [33mContextMenuPrimitive[0m [36mfrom[0m [32m"@radix-ui/react-context-menu"[0m
  [90m  |[0m [31m[1m^^^^^^^^^^^^^^^^^^^^^^^^^^^^^^^^^^^^^^^^^^^^^^^^^^^^^^^^^^^^^^^^^^^^[0m
  [90m3 |[0m [36mimport[0m { [33mCheck[0m, [33mChevronRight[0m, [33mCircle[0m } [36mfrom[0m [32m"lucide-react"[0m
  [90m4 |[0m
  [90m5 |[0m [36mimport[0m { cn } [36mfrom[0m [32m"@/lib/utils"[0m



Import traces:
  Client Component Browser:
    ./components/ui/context-menu.jsx [Client Component Browser]
    ./components/MenuItemCard.jsx [Client Component Browser]
    ./app/(home)/page.js [Client Component Browser]
    ./app/(home)/page.js [Server Component]

  Client Component SSR:
    ./components/ui/context-menu.jsx [Client Component SSR]
    ./components/MenuItemCard.jsx [Client Component SSR]
    ./app/(home)/page.js [Client Component SSR]
    ./app/(home)/page.js [Server Component]

https://nextjs.org/docs/messages/module-not-found


⨯ ./components/ui/context-menu.jsx:2:1
Module not found: Can't resolve '@radix-ui/react-context-menu'
  [90m1 |[0m [36mimport[0m * [36mas[0m [33mReact[0m [36mfrom[0m [32m"react"[0m
[31m[1m>[0m [90m2 |[0m [36mimport[0m * [36mas[0m [33mContextMenuPrimitive[0m [36mfrom[0m [32m"@radix-ui/react-context-menu"[0m
  [90m  |[0m [31m[1m^^^^^^^^^^^^^^^^^^^^^^^^^^^^^^^^^^^^^^^^^^^^^^^^^^^^^^^^^^^^^^^^^^^^[0m
  [90m3 |[0m [36mimport[0m { [33mCheck[0m, [33mChevronRight[0m, [33mCircle[0m } [36mfrom[0m [32m"lucide-react"[0m
  [90m4 |[0m
  [90m5 |[0m [36mimport[0m { cn } [36mfrom[0m [32m"@/lib/utils"[0m



Import traces:
  Client Component Browser:
    ./components/ui/context-menu.jsx [Client Component Browser]
    ./components/MenuItemCard.jsx [Client Component Browser]
    ./app/(home)/page.js [Client Component Browser]
    ./app/(home)/page.js [Server Component]

  Client Component SSR:
    ./components/ui/context-menu.jsx [Client Component SSR]
    ./components/MenuItemCard.jsx [Client Component SSR]
    ./app/(home)/page.js [Client Component SSR]
    ./app/(home)/page.js [Server Component]

https://nextjs.org/docs/messages/module-not-found


⨯ ./components/ui/context-menu.jsx:2:1
Module not found: Can't resolve '@radix-ui/react-context-menu'
  [90m1 |[0m [36mimport[0m * [36mas[0m [33mReact[0m [36mfrom[0m [32m"react"[0m
[31m[1m>[0m [90m2 |[0m [36mimport[0m * [36mas[0m [33mContextMenuPrimitive[0m [36mfrom[0m [32m"@radix-ui/react-context-menu"[0m
  [90m  |[0m [31m[1m^^^^^^^^^^^^^^^^^^^^^^^^^^^^^^^^^^^^^^^^^^^^^^^^^^^^^^^^^^^^^^^^^^^^[0m
  [90m3 |[0m [36mimport[0m { [33mCheck[0m, [33mChevronRight[0m, [33mCircle[0m } [36mfrom[0m [32m"lucide-react"[0m
  [90m4 |[0m
  [90m5 |[0m [36mimport[0m { cn } [36mfrom[0m [32m"@/lib/utils"[0m



Import traces:
  Client Component Browser:
    ./components/ui/context-menu.jsx [Client Component Browser]
    ./components/MenuItemCard.jsx [Client Component Browser]
    ./app/(home)/page.js [Client Component Browser]
    ./app/(home)/page.js [Server Component]

  Client Component SSR:
    ./components/ui/context-menu.jsx [Client Component SSR]
    ./components/MenuItemCard.jsx [Client Component SSR]
    ./app/(home)/page.js [Client Component SSR]
    ./app/(home)/page.js [Server Component]

https://nextjs.org/docs/messages/module-not-found


⨯ ./components/ui/context-menu.jsx:2:1
Module not found: Can't resolve '@radix-ui/react-context-menu'
  [90m1 |[0m [36mimport[0m * [36mas[0m [33mReact[0m [36mfrom[0m [32m"react"[0m
[31m[1m>[0m [90m2 |[0m [36mimport[0m * [36mas[0m [33mContextMenuPrimitive[0m [36mfrom[0m [32m"@radix-ui/react-context-menu"[0m
  [90m  |[0m [31m[1m^^^^^^^^^^^^^^^^^^^^^^^^^^^^^^^^^^^^^^^^^^^^^^^^^^^^^^^^^^^^^^^^^^^^[0m
  [90m3 |[0m [36mimport[0m { [33mCheck[0m, [33mChevronRight[0m, [33mCircle[0m } [36mfrom[0m [32m"lucide-react"[0m
  [90m4 |[0m
  [90m5 |[0m [36mimport[0m { cn } [36mfrom[0m [32m"@/lib/utils"[0m



Import traces:
  Client Component Browser:
    ./components/ui/context-menu.jsx [Client Component Browser]
    ./components/MenuItemCard.jsx [Client Component Browser]
    ./app/(home)/page.js [Client Component Browser]
    ./app/(home)/page.js [Server Component]

  Client Component SSR:
    ./components/ui/context-menu.jsx [Client Component SSR]
    ./components/MenuItemCard.jsx [Client Component SSR]
    ./app/(home)/page.js [Client Component SSR]
    ./app/(home)/page.js [Server Component]

https://nextjs.org/docs/messages/module-not-found


⨯ ./components/ui/context-menu.jsx:2:1
Module not found: Can't resolve '@radix-ui/react-context-menu'
  [90m1 |[0m [36mimport[0m * [36mas[0m [33mReact[0m [36mfrom[0m [32m"react"[0m
[31m[1m>[0m [90m2 |[0m [36mimport[0m * [36mas[0m [33mContextMenuPrimitive[0m [36mfrom[0m [32m"@radix-ui/react-context-menu"[0m
  [90m  |[0m [31m[1m^^^^^^^^^^^^^^^^^^^^^^^^^^^^^^^^^^^^^^^^^^^^^^^^^^^^^^^^^^^^^^^^^^^^[0m
  [90m3 |[0m [36mimport[0m { [33mCheck[0m, [33mChevronRight[0m, [33mCircle[0m } [36mfrom[0m [32m"lucide-react"[0m
  [90m4 |[0m
  [90m5 |[0m [36mimport[0m { cn } [36mfrom[0m [32m"@/lib/utils"[0m



Import traces:
  Client Component Browser:
    ./components/ui/context-menu.jsx [Client Component Browser]
    ./components/MenuItemCard.jsx [Client Component Browser]
    ./app/(home)/page.js [Client Component Browser]
    ./app/(home)/page.js [Server Component]

  Client Component SSR:
    ./components/ui/context-menu.jsx [Client Component SSR]
    ./components/MenuItemCard.jsx [Client Component SSR]
    ./app/(home)/page.js [Client Component SSR]
    ./app/(home)/page.js [Server Component]

https://nextjs.org/docs/messages/module-not-found


⨯ ./components/ui/context-menu.jsx:2:1
Module not found: Can't resolve '@radix-ui/react-context-menu'
  [90m1 |[0m [36mimport[0m * [36mas[0m [33mReact[0m [36mfrom[0m [32m"react"[0m
[31m[1m>[0m [90m2 |[0m [36mimport[0m * [36mas[0m [33mContextMenuPrimitive[0m [36mfrom[0m [32m"@radix-ui/react-context-menu"[0m
  [90m  |[0m [31m[1m^^^^^^^^^^^^^^^^^^^^^^^^^^^^^^^^^^^^^^^^^^^^^^^^^^^^^^^^^^^^^^^^^^^^[0m
  [90m3 |[0m [36mimport[0m { [33mCheck[0m, [33mChevronRight[0m, [33mCircle[0m } [36mfrom[0m [32m"lucide-react"[0m
  [90m4 |[0m
  [90m5 |[0m [36mimport[0m { cn } [36mfrom[0m [32m"@/lib/utils"[0m



Import traces:
  Client Component Browser:
    ./components/ui/context-menu.jsx [Client Component Browser]
    ./components/MenuItemCard.jsx [Client Component Browser]
    ./app/(home)/page.js [Client Component Browser]
    ./app/(home)/page.js [Server Component]

  Client Component SSR:
    ./components/ui/context-menu.jsx [Client Component SSR]
    ./components/MenuItemCard.jsx [Client Component SSR]
    ./app/(home)/page.js [Client Component SSR]
    ./app/(home)/page.js [Server Component]

https://nextjs.org/docs/messages/module-not-found


⨯ ./components/ui/context-menu.jsx:2:1
Module not found: Can't resolve '@radix-ui/react-context-menu'
  [90m1 |[0m [36mimport[0m * [36mas[0m [33mReact[0m [36mfrom[0m [32m"react"[0m
[31m[1m>[0m [90m2 |[0m [36mimport[0m * [36mas[0m [33mContextMenuPrimitive[0m [36mfrom[0m [32m"@radix-ui/react-context-menu"[0m
  [90m  |[0m [31m[1m^^^^^^^^^^^^^^^^^^^^^^^^^^^^^^^^^^^^^^^^^^^^^^^^^^^^^^^^^^^^^^^^^^^^[0m
  [90m3 |[0m [36mimport[0m { [33mCheck[0m, [33mChevronRight[0m, [33mCircle[0m } [36mfrom[0m [32m"lucide-react"[0m
  [90m4 |[0m
  [90m5 |[0m [36mimport[0m { cn } [36mfrom[0m [32m"@/lib/utils"[0m



Import traces:
  Client Component Browser:
    ./components/ui/context-menu.jsx [Client Component Browser]
    ./components/MenuItemCard.jsx [Client Component Browser]
    ./app/(home)/page.js [Client Component Browser]
    ./app/(home)/page.js [Server Component]

  Client Component SSR:
    ./components/ui/context-menu.jsx [Client Component SSR]
    ./components/MenuItemCard.jsx [Client Component SSR]
    ./app/(home)/page.js [Client Component SSR]
    ./app/(home)/page.js [Server Component]

https://nextjs.org/docs/messages/module-not-found


⨯ ./components/ui/context-menu.jsx:2:1
Module not found: Can't resolve '@radix-ui/react-context-menu'
  [90m1 |[0m [36mimport[0m * [36mas[0m [33mReact[0m [36mfrom[0m [32m"react"[0m
[31m[1m>[0m [90m2 |[0m [36mimport[0m * [36mas[0m [33mContextMenuPrimitive[0m [36mfrom[0m [32m"@radix-ui/react-context-menu"[0m
  [90m  |[0m [31m[1m^^^^^^^^^^^^^^^^^^^^^^^^^^^^^^^^^^^^^^^^^^^^^^^^^^^^^^^^^^^^^^^^^^^^[0m
  [90m3 |[0m [36mimport[0m { [33mCheck[0m, [33mChevronRight[0m, [33mCircle[0m } [36mfrom[0m [32m"lucide-react"[0m
  [90m4 |[0m
  [90m5 |[0m [36mimport[0m { cn } [36mfrom[0m [32m"@/lib/utils"[0m



Import traces:
  Client Component Browser:
    ./components/ui/context-menu.jsx [Client Component Browser]
    ./components/MenuItemCard.jsx [Client Component Browser]
    ./app/(home)/page.js [Client Component Browser]
    ./app/(home)/page.js [Server Component]

  Client Component SSR:
    ./components/ui/context-menu.jsx [Client Component SSR]
    ./components/MenuItemCard.jsx [Client Component SSR]
    ./app/(home)/page.js [Client Component SSR]
    ./app/(home)/page.js [Server Component]

https://nextjs.org/docs/messages/module-not-found


⨯ ./components/ui/context-menu.jsx:2:1
Module not found: Can't resolve '@radix-ui/react-context-menu'
  [90m1 |[0m [36mimport[0m * [36mas[0m [33mReact[0m [36mfrom[0m [32m"react"[0m
[31m[1m>[0m [90m2 |[0m [36mimport[0m * [36mas[0m [33mContextMenuPrimitive[0m [36mfrom[0m [32m"@radix-ui/react-context-menu"[0m
  [90m  |[0m [31m[1m^^^^^^^^^^^^^^^^^^^^^^^^^^^^^^^^^^^^^^^^^^^^^^^^^^^^^^^^^^^^^^^^^^^^[0m
  [90m3 |[0m [36mimport[0m { [33mCheck[0m, [33mChevronRight[0m, [33mCircle[0m } [36mfrom[0m [32m"lucide-react"[0m
  [90m4 |[0m
  [90m5 |[0m [36mimport[0m { cn } [36mfrom[0m [32m"@/lib/utils"[0m



Import traces:
  Client Component Browser:
    ./components/ui/context-menu.jsx [Client Component Browser]
    ./components/MenuItemCard.jsx [Client Component Browser]
    ./app/(home)/page.js [Client Component Browser]
    ./app/(home)/page.js [Server Component]

  Client Component SSR:
    ./components/ui/context-menu.jsx [Client Component SSR]
    ./components/MenuItemCard.jsx [Client Component SSR]
    ./app/(home)/page.js [Client Component SSR]
    ./app/(home)/page.js [Server Component]

https://nextjs.org/docs/messages/module-not-found


⨯ ./components/ui/context-menu.jsx:2:1
Module not found: Can't resolve '@radix-ui/react-context-menu'
  [90m1 |[0m [36mimport[0m * [36mas[0m [33mReact[0m [36mfrom[0m [32m"react"[0m
[31m[1m>[0m [90m2 |[0m [36mimport[0m * [36mas[0m [33mContextMenuPrimitive[0m [36mfrom[0m [32m"@radix-ui/react-context-menu"[0m
  [90m  |[0m [31m[1m^^^^^^^^^^^^^^^^^^^^^^^^^^^^^^^^^^^^^^^^^^^^^^^^^^^^^^^^^^^^^^^^^^^^[0m
  [90m3 |[0m [36mimport[0m { [33mCheck[0m, [33mChevronRight[0m, [33mCircle[0m } [36mfrom[0m [32m"lucide-react"[0m
  [90m4 |[0m
  [90m5 |[0m [36mimport[0m { cn } [36mfrom[0m [32m"@/lib/utils"[0m



Import traces:
  Client Component Browser:
    ./components/ui/context-menu.jsx [Client Component Browser]
    ./components/MenuItemCard.jsx [Client Component Browser]
    ./app/(home)/page.js [Client Component Browser]
    ./app/(home)/page.js [Server Component]

  Client Component SSR:
    ./components/ui/context-menu.jsx [Client Component SSR]
    ./components/MenuItemCard.jsx [Client Component SSR]
    ./app/(home)/page.js [Client Component SSR]
    ./app/(home)/page.js [Server Component]

https://nextjs.org/docs/messages/module-not-found


⨯ ./components/ui/context-menu.jsx:2:1
Module not found: Can't resolve '@radix-ui/react-context-menu'
  [90m1 |[0m [36mimport[0m * [36mas[0m [33mReact[0m [36mfrom[0m [32m"react"[0m
[31m[1m>[0m [90m2 |[0m [36mimport[0m * [36mas[0m [33mContextMenuPrimitive[0m [36mfrom[0m [32m"@radix-ui/react-context-menu"[0m
  [90m  |[0m [31m[1m^^^^^^^^^^^^^^^^^^^^^^^^^^^^^^^^^^^^^^^^^^^^^^^^^^^^^^^^^^^^^^^^^^^^[0m
  [90m3 |[0m [36mimport[0m { [33mCheck[0m, [33mChevronRight[0m, [33mCircle[0m } [36mfrom[0m [32m"lucide-react"[0m
  [90m4 |[0m
  [90m5 |[0m [36mimport[0m { cn } [36mfrom[0m [32m"@/lib/utils"[0m



Import traces:
  Client Component Browser:
    ./components/ui/context-menu.jsx [Client Component Browser]
    ./components/MenuItemCard.jsx [Client Component Browser]
    ./app/(home)/page.js [Client Component Browser]
    ./app/(home)/page.js [Server Component]

  Client Component SSR:
    ./components/ui/context-menu.jsx [Client Component SSR]
    ./components/MenuItemCard.jsx [Client Component SSR]
    ./app/(home)/page.js [Client Component SSR]
    ./app/(home)/page.js [Server Component]

https://nextjs.org/docs/messages/module-not-found


⨯ ./components/ui/context-menu.jsx:2:1
Module not found: Can't resolve '@radix-ui/react-context-menu'
  [90m1 |[0m [36mimport[0m * [36mas[0m [33mReact[0m [36mfrom[0m [32m"react"[0m
[31m[1m>[0m [90m2 |[0m [36mimport[0m * [36mas[0m [33mContextMenuPrimitive[0m [36mfrom[0m [32m"@radix-ui/react-context-menu"[0m
  [90m  |[0m [31m[1m^^^^^^^^^^^^^^^^^^^^^^^^^^^^^^^^^^^^^^^^^^^^^^^^^^^^^^^^^^^^^^^^^^^^[0m
  [90m3 |[0m [36mimport[0m { [33mCheck[0m, [33mChevronRight[0m, [33mCircle[0m } [36mfrom[0m [32m"lucide-react"[0m
  [90m4 |[0m
  [90m5 |[0m [36mimport[0m { cn } [36mfrom[0m [32m"@/lib/utils"[0m



Import traces:
  Client Component Browser:
    ./components/ui/context-menu.jsx [Client Component Browser]
    ./components/MenuItemCard.jsx [Client Component Browser]
    ./app/(home)/page.js [Client Component Browser]
    ./app/(home)/page.js [Server Component]

  Client Component SSR:
    ./components/ui/context-menu.jsx [Client Component SSR]
    ./components/MenuItemCard.jsx [Client Component SSR]
    ./app/(home)/page.js [Client Component SSR]
    ./app/(home)/page.js [Server Component]

https://nextjs.org/docs/messages/module-not-found


⨯ ./components/ui/context-menu.jsx:2:1
Module not found: Can't resolve '@radix-ui/react-context-menu'
  [90m1 |[0m [36mimport[0m * [36mas[0m [33mReact[0m [36mfrom[0m [32m"react"[0m
[31m[1m>[0m [90m2 |[0m [36mimport[0m * [36mas[0m [33mContextMenuPrimitive[0m [36mfrom[0m [32m"@radix-ui/react-context-menu"[0m
  [90m  |[0m [31m[1m^^^^^^^^^^^^^^^^^^^^^^^^^^^^^^^^^^^^^^^^^^^^^^^^^^^^^^^^^^^^^^^^^^^^[0m
  [90m3 |[0m [36mimport[0m { [33mCheck[0m, [33mChevronRight[0m, [33mCircle[0m } [36mfrom[0m [32m"lucide-react"[0m
  [90m4 |[0m
  [90m5 |[0m [36mimport[0m { cn } [36mfrom[0m [32m"@/lib/utils"[0m



Import traces:
  Client Component Browser:
    ./components/ui/context-menu.jsx [Client Component Browser]
    ./components/MenuItemCard.jsx [Client Component Browser]
    ./app/(home)/page.js [Client Component Browser]
    ./app/(home)/page.js [Server Component]

  Client Component SSR:
    ./components/ui/context-menu.jsx [Client Component SSR]
    ./components/MenuItemCard.jsx [Client Component SSR]
    ./app/(home)/page.js [Client Component SSR]
    ./app/(home)/page.js [Server Component]

https://nextjs.org/docs/messages/module-not-found


⨯ ./components/ui/context-menu.jsx:2:1
Module not found: Can't resolve '@radix-ui/react-context-menu'
  [90m1 |[0m [36mimport[0m * [36mas[0m [33mReact[0m [36mfrom[0m [32m"react"[0m
[31m[1m>[0m [90m2 |[0m [36mimport[0m * [36mas[0m [33mContextMenuPrimitive[0m [36mfrom[0m [32m"@radix-ui/react-context-menu"[0m
  [90m  |[0m [31m[1m^^^^^^^^^^^^^^^^^^^^^^^^^^^^^^^^^^^^^^^^^^^^^^^^^^^^^^^^^^^^^^^^^^^^[0m
  [90m3 |[0m [36mimport[0m { [33mCheck[0m, [33mChevronRight[0m, [33mCircle[0m } [36mfrom[0m [32m"lucide-react"[0m
  [90m4 |[0m
  [90m5 |[0m [36mimport[0m { cn } [36mfrom[0m [32m"@/lib/utils"[0m



Import traces:
  Client Component Browser:
    ./components/ui/context-menu.jsx [Client Component Browser]
    ./components/MenuItemCard.jsx [Client Component Browser]
    ./app/(home)/page.js [Client Component Browser]
    ./app/(home)/page.js [Server Component]

  Client Component SSR:
    ./components/ui/context-menu.jsx [Client Component SSR]
    ./components/MenuItemCard.jsx [Client Component SSR]
    ./app/(home)/page.js [Client Component SSR]
    ./app/(home)/page.js [Server Component]

https://nextjs.org/docs/messages/module-not-found


⨯ ./components/ui/context-menu.jsx:2:1
Module not found: Can't resolve '@radix-ui/react-context-menu'
  [90m1 |[0m [36mimport[0m * [36mas[0m [33mReact[0m [36mfrom[0m [32m"react"[0m
[31m[1m>[0m [90m2 |[0m [36mimport[0m * [36mas[0m [33mContextMenuPrimitive[0m [36mfrom[0m [32m"@radix-ui/react-context-menu"[0m
  [90m  |[0m [31m[1m^^^^^^^^^^^^^^^^^^^^^^^^^^^^^^^^^^^^^^^^^^^^^^^^^^^^^^^^^^^^^^^^^^^^[0m
  [90m3 |[0m [36mimport[0m { [33mCheck[0m, [33mChevronRight[0m, [33mCircle[0m } [36mfrom[0m [32m"lucide-react"[0m
  [90m4 |[0m
  [90m5 |[0m [36mimport[0m { cn } [36mfrom[0m [32m"@/lib/utils"[0m



Import traces:
  Client Component Browser:
    ./components/ui/context-menu.jsx [Client Component Browser]
    ./components/MenuItemCard.jsx [Client Component Browser]
    ./app/(home)/page.js [Client Component Browser]
    ./app/(home)/page.js [Server Component]

  Client Component SSR:
    ./components/ui/context-menu.jsx [Client Component SSR]
    ./components/MenuItemCard.jsx [Client Component SSR]
    ./app/(home)/page.js [Client Component SSR]
    ./app/(home)/page.js [Server Component]

https://nextjs.org/docs/messages/module-not-found


⨯ ./components/ui/context-menu.jsx:2:1
Module not found: Can't resolve '@radix-ui/react-context-menu'
  [90m1 |[0m [36mimport[0m * [36mas[0m [33mReact[0m [36mfrom[0m [32m"react"[0m
[31m[1m>[0m [90m2 |[0m [36mimport[0m * [36mas[0m [33mContextMenuPrimitive[0m [36mfrom[0m [32m"@radix-ui/react-context-menu"[0m
  [90m  |[0m [31m[1m^^^^^^^^^^^^^^^^^^^^^^^^^^^^^^^^^^^^^^^^^^^^^^^^^^^^^^^^^^^^^^^^^^^^[0m
  [90m3 |[0m [36mimport[0m { [33mCheck[0m, [33mChevronRight[0m, [33mCircle[0m } [36mfrom[0m [32m"lucide-react"[0m
  [90m4 |[0m
  [90m5 |[0m [36mimport[0m { cn } [36mfrom[0m [32m"@/lib/utils"[0m



Import traces:
  Client Component Browser:
    ./components/ui/context-menu.jsx [Client Component Browser]
    ./components/MenuItemCard.jsx [Client Component Browser]
    ./app/(home)/page.js [Client Component Browser]
    ./app/(home)/page.js [Server Component]

  Client Component SSR:
    ./components/ui/context-menu.jsx [Client Component SSR]
    ./components/MenuItemCard.jsx [Client Component SSR]
    ./app/(home)/page.js [Client Component SSR]
    ./app/(home)/page.js [Server Component]

https://nextjs.org/docs/messages/module-not-found


⨯ ./components/ui/context-menu.jsx:2:1
Module not found: Can't resolve '@radix-ui/react-context-menu'
  [90m1 |[0m [36mimport[0m * [36mas[0m [33mReact[0m [36mfrom[0m [32m"react"[0m
[31m[1m>[0m [90m2 |[0m [36mimport[0m * [36mas[0m [33mContextMenuPrimitive[0m [36mfrom[0m [32m"@radix-ui/react-context-menu"[0m
  [90m  |[0m [31m[1m^^^^^^^^^^^^^^^^^^^^^^^^^^^^^^^^^^^^^^^^^^^^^^^^^^^^^^^^^^^^^^^^^^^^[0m
  [90m3 |[0m [36mimport[0m { [33mCheck[0m, [33mChevronRight[0m, [33mCircle[0m } [36mfrom[0m [32m"lucide-react"[0m
  [90m4 |[0m
  [90m5 |[0m [36mimport[0m { cn } [36mfrom[0m [32m"@/lib/utils"[0m



Import traces:
  Client Component Browser:
    ./components/ui/context-menu.jsx [Client Component Browser]
    ./components/MenuItemCard.jsx [Client Component Browser]
    ./app/(home)/page.js [Client Component Browser]
    ./app/(home)/page.js [Server Component]

  Client Component SSR:
    ./components/ui/context-menu.jsx [Client Component SSR]
    ./components/MenuItemCard.jsx [Client Component SSR]
    ./app/(home)/page.js [Client Component SSR]
    ./app/(home)/page.js [Server Component]

https://nextjs.org/docs/messages/module-not-found


⨯ ./components/ui/context-menu.jsx:2:1
Module not found: Can't resolve '@radix-ui/react-context-menu'
  [90m1 |[0m [36mimport[0m * [36mas[0m [33mReact[0m [36mfrom[0m [32m"react"[0m
[31m[1m>[0m [90m2 |[0m [36mimport[0m * [36mas[0m [33mContextMenuPrimitive[0m [36mfrom[0m [32m"@radix-ui/react-context-menu"[0m
  [90m  |[0m [31m[1m^^^^^^^^^^^^^^^^^^^^^^^^^^^^^^^^^^^^^^^^^^^^^^^^^^^^^^^^^^^^^^^^^^^^[0m
  [90m3 |[0m [36mimport[0m { [33mCheck[0m, [33mChevronRight[0m, [33mCircle[0m } [36mfrom[0m [32m"lucide-react"[0m
  [90m4 |[0m
  [90m5 |[0m [36mimport[0m { cn } [36mfrom[0m [32m"@/lib/utils"[0m



Import traces:
  Client Component Browser:
    ./components/ui/context-menu.jsx [Client Component Browser]
    ./components/MenuItemCard.jsx [Client Component Browser]
    ./app/(home)/page.js [Client Component Browser]
    ./app/(home)/page.js [Server Component]

  Client Component SSR:
    ./components/ui/context-menu.jsx [Client Component SSR]
    ./components/MenuItemCard.jsx [Client Component SSR]
    ./app/(home)/page.js [Client Component SSR]
    ./app/(home)/page.js [Server Component]

https://nextjs.org/docs/messages/module-not-found


⨯ ./components/ui/context-menu.jsx:2:1
Module not found: Can't resolve '@radix-ui/react-context-menu'
  [90m1 |[0m [36mimport[0m * [36mas[0m [33mReact[0m [36mfrom[0m [32m"react"[0m
[31m[1m>[0m [90m2 |[0m [36mimport[0m * [36mas[0m [33mContextMenuPrimitive[0m [36mfrom[0m [32m"@radix-ui/react-context-menu"[0m
  [90m  |[0m [31m[1m^^^^^^^^^^^^^^^^^^^^^^^^^^^^^^^^^^^^^^^^^^^^^^^^^^^^^^^^^^^^^^^^^^^^[0m
  [90m3 |[0m [36mimport[0m { [33mCheck[0m, [33mChevronRight[0m, [33mCircle[0m } [36mfrom[0m [32m"lucide-react"[0m
  [90m4 |[0m
  [90m5 |[0m [36mimport[0m { cn } [36mfrom[0m [32m"@/lib/utils"[0m



Import traces:
  Client Component Browser:
    ./components/ui/context-menu.jsx [Client Component Browser]
    ./components/MenuItemCard.jsx [Client Component Browser]
    ./app/(home)/page.js [Client Component Browser]
    ./app/(home)/page.js [Server Component]

  Client Component SSR:
    ./components/ui/context-menu.jsx [Client Component SSR]
    ./components/MenuItemCard.jsx [Client Component SSR]
    ./app/(home)/page.js [Client Component SSR]
    ./app/(home)/page.js [Server Component]

https://nextjs.org/docs/messages/module-not-found


⨯ ./components/ui/context-menu.jsx:2:1
Module not found: Can't resolve '@radix-ui/react-context-menu'
  [90m1 |[0m [36mimport[0m * [36mas[0m [33mReact[0m [36mfrom[0m [32m"react"[0m
[31m[1m>[0m [90m2 |[0m [36mimport[0m * [36mas[0m [33mContextMenuPrimitive[0m [36mfrom[0m [32m"@radix-ui/react-context-menu"[0m
  [90m  |[0m [31m[1m^^^^^^^^^^^^^^^^^^^^^^^^^^^^^^^^^^^^^^^^^^^^^^^^^^^^^^^^^^^^^^^^^^^^[0m
  [90m3 |[0m [36mimport[0m { [33mCheck[0m, [33mChevronRight[0m, [33mCircle[0m } [36mfrom[0m [32m"lucide-react"[0m
  [90m4 |[0m
  [90m5 |[0m [36mimport[0m { cn } [36mfrom[0m [32m"@/lib/utils"[0m



Import traces:
  Client Component Browser:
    ./components/ui/context-menu.jsx [Client Component Browser]
    ./components/MenuItemCard.jsx [Client Component Browser]
    ./app/(home)/page.js [Client Component Browser]
    ./app/(home)/page.js [Server Component]

  Client Component SSR:
    ./components/ui/context-menu.jsx [Client Component SSR]
    ./components/MenuItemCard.jsx [Client Component SSR]
    ./app/(home)/page.js [Client Component SSR]
    ./app/(home)/page.js [Server Component]

https://nextjs.org/docs/messages/module-not-found


⨯ ./components/ui/context-menu.jsx:2:1
Module not found: Can't resolve '@radix-ui/react-context-menu'
  [90m1 |[0m [36mimport[0m * [36mas[0m [33mReact[0m [36mfrom[0m [32m"react"[0m
[31m[1m>[0m [90m2 |[0m [36mimport[0m * [36mas[0m [33mContextMenuPrimitive[0m [36mfrom[0m [32m"@radix-ui/react-context-menu"[0m
  [90m  |[0m [31m[1m^^^^^^^^^^^^^^^^^^^^^^^^^^^^^^^^^^^^^^^^^^^^^^^^^^^^^^^^^^^^^^^^^^^^[0m
  [90m3 |[0m [36mimport[0m { [33mCheck[0m, [33mChevronRight[0m, [33mCircle[0m } [36mfrom[0m [32m"lucide-react"[0m
  [90m4 |[0m
  [90m5 |[0m [36mimport[0m { cn } [36mfrom[0m [32m"@/lib/utils"[0m



Import traces:
  Client Component Browser:
    ./components/ui/context-menu.jsx [Client Component Browser]
    ./components/MenuItemCard.jsx [Client Component Browser]
    ./app/(home)/page.js [Client Component Browser]
    ./app/(home)/page.js [Server Component]

  Client Component SSR:
    ./components/ui/context-menu.jsx [Client Component SSR]
    ./components/MenuItemCard.jsx [Client Component SSR]
    ./app/(home)/page.js [Client Component SSR]
    ./app/(home)/page.js [Server Component]

https://nextjs.org/docs/messages/module-not-found


⨯ ./components/ui/context-menu.jsx:2:1
Module not found: Can't resolve '@radix-ui/react-context-menu'
  [90m1 |[0m [36mimport[0m * [36mas[0m [33mReact[0m [36mfrom[0m [32m"react"[0m
[31m[1m>[0m [90m2 |[0m [36mimport[0m * [36mas[0m [33mContextMenuPrimitive[0m [36mfrom[0m [32m"@radix-ui/react-context-menu"[0m
  [90m  |[0m [31m[1m^^^^^^^^^^^^^^^^^^^^^^^^^^^^^^^^^^^^^^^^^^^^^^^^^^^^^^^^^^^^^^^^^^^^[0m
  [90m3 |[0m [36mimport[0m { [33mCheck[0m, [33mChevronRight[0m, [33mCircle[0m } [36mfrom[0m [32m"lucide-react"[0m
  [90m4 |[0m
  [90m5 |[0m [36mimport[0m { cn } [36mfrom[0m [32m"@/lib/utils"[0m



Import traces:
  Client Component Browser:
    ./components/ui/context-menu.jsx [Client Component Browser]
    ./components/MenuItemCard.jsx [Client Component Browser]
    ./app/(home)/page.js [Client Component Browser]
    ./app/(home)/page.js [Server Component]

  Client Component SSR:
    ./components/ui/context-menu.jsx [Client Component SSR]
    ./components/MenuItemCard.jsx [Client Component SSR]
    ./app/(home)/page.js [Client Component SSR]
    ./app/(home)/page.js [Server Component]

https://nextjs.org/docs/messages/module-not-found


⨯ ./components/ui/context-menu.jsx:2:1
Module not found: Can't resolve '@radix-ui/react-context-menu'
  [90m1 |[0m [36mimport[0m * [36mas[0m [33mReact[0m [36mfrom[0m [32m"react"[0m
[31m[1m>[0m [90m2 |[0m [36mimport[0m * [36mas[0m [33mContextMenuPrimitive[0m [36mfrom[0m [32m"@radix-ui/react-context-menu"[0m
  [90m  |[0m [31m[1m^^^^^^^^^^^^^^^^^^^^^^^^^^^^^^^^^^^^^^^^^^^^^^^^^^^^^^^^^^^^^^^^^^^^[0m
  [90m3 |[0m [36mimport[0m { [33mCheck[0m, [33mChevronRight[0m, [33mCircle[0m } [36mfrom[0m [32m"lucide-react"[0m
  [90m4 |[0m
  [90m5 |[0m [36mimport[0m { cn } [36mfrom[0m [32m"@/lib/utils"[0m



Import traces:
  Client Component Browser:
    ./components/ui/context-menu.jsx [Client Component Browser]
    ./components/MenuItemCard.jsx [Client Component Browser]
    ./app/(home)/page.js [Client Component Browser]
    ./app/(home)/page.js [Server Component]

  Client Component SSR:
    ./components/ui/context-menu.jsx [Client Component SSR]
    ./components/MenuItemCard.jsx [Client Component SSR]
    ./app/(home)/page.js [Client Component SSR]
    ./app/(home)/page.js [Server Component]

https://nextjs.org/docs/messages/module-not-found


⨯ ./components/ui/context-menu.jsx:2:1
Module not found: Can't resolve '@radix-ui/react-context-menu'
  [90m1 |[0m [36mimport[0m * [36mas[0m [33mReact[0m [36mfrom[0m [32m"react"[0m
[31m[1m>[0m [90m2 |[0m [36mimport[0m * [36mas[0m [33mContextMenuPrimitive[0m [36mfrom[0m [32m"@radix-ui/react-context-menu"[0m
  [90m  |[0m [31m[1m^^^^^^^^^^^^^^^^^^^^^^^^^^^^^^^^^^^^^^^^^^^^^^^^^^^^^^^^^^^^^^^^^^^^[0m
  [90m3 |[0m [36mimport[0m { [33mCheck[0m, [33mChevronRight[0m, [33mCircle[0m } [36mfrom[0m [32m"lucide-react"[0m
  [90m4 |[0m
  [90m5 |[0m [36mimport[0m { cn } [36mfrom[0m [32m"@/lib/utils"[0m



Import traces:
  Client Component Browser:
    ./components/ui/context-menu.jsx [Client Component Browser]
    ./components/MenuItemCard.jsx [Client Component Browser]
    ./app/(home)/page.js [Client Component Browser]
    ./app/(home)/page.js [Server Component]

  Client Component SSR:
    ./components/ui/context-menu.jsx [Client Component SSR]
    ./components/MenuItemCard.jsx [Client Component SSR]
    ./app/(home)/page.js [Client Component SSR]
    ./app/(home)/page.js [Server Component]

https://nextjs.org/docs/messages/module-not-found


⨯ ./components/ui/context-menu.jsx:2:1
Module not found: Can't resolve '@radix-ui/react-context-menu'
  [90m1 |[0m [36mimport[0m * [36mas[0m [33mReact[0m [36mfrom[0m [32m"react"[0m
[31m[1m>[0m [90m2 |[0m [36mimport[0m * [36mas[0m [33mContextMenuPrimitive[0m [36mfrom[0m [32m"@radix-ui/react-context-menu"[0m
  [90m  |[0m [31m[1m^^^^^^^^^^^^^^^^^^^^^^^^^^^^^^^^^^^^^^^^^^^^^^^^^^^^^^^^^^^^^^^^^^^^[0m
  [90m3 |[0m [36mimport[0m { [33mCheck[0m, [33mChevronRight[0m, [33mCircle[0m } [36mfrom[0m [32m"lucide-react"[0m
  [90m4 |[0m
  [90m5 |[0m [36mimport[0m { cn } [36mfrom[0m [32m"@/lib/utils"[0m



Import traces:
  Client Component Browser:
    ./components/ui/context-menu.jsx [Client Component Browser]
    ./components/MenuItemCard.jsx [Client Component Browser]
    ./app/(home)/page.js [Client Component Browser]
    ./app/(home)/page.js [Server Component]

  Client Component SSR:
    ./components/ui/context-menu.jsx [Client Component SSR]
    ./components/MenuItemCard.jsx [Client Component SSR]
    ./app/(home)/page.js [Client Component SSR]
    ./app/(home)/page.js [Server Component]

https://nextjs.org/docs/messages/module-not-found


⨯ ./components/ui/context-menu.jsx:2:1
Module not found: Can't resolve '@radix-ui/react-context-menu'
  [90m1 |[0m [36mimport[0m * [36mas[0m [33mReact[0m [36mfrom[0m [32m"react"[0m
[31m[1m>[0m [90m2 |[0m [36mimport[0m * [36mas[0m [33mContextMenuPrimitive[0m [36mfrom[0m [32m"@radix-ui/react-context-menu"[0m
  [90m  |[0m [31m[1m^^^^^^^^^^^^^^^^^^^^^^^^^^^^^^^^^^^^^^^^^^^^^^^^^^^^^^^^^^^^^^^^^^^^[0m
  [90m3 |[0m [36mimport[0m { [33mCheck[0m, [33mChevronRight[0m, [33mCircle[0m } [36mfrom[0m [32m"lucide-react"[0m
  [90m4 |[0m
  [90m5 |[0m [36mimport[0m { cn } [36mfrom[0m [32m"@/lib/utils"[0m



Import traces:
  Client Component Browser:
    ./components/ui/context-menu.jsx [Client Component Browser]
    ./components/MenuItemCard.jsx [Client Component Browser]
    ./app/(home)/page.js [Client Component Browser]
    ./app/(home)/page.js [Server Component]

  Client Component SSR:
    ./components/ui/context-menu.jsx [Client Component SSR]
    ./components/MenuItemCard.jsx [Client Component SSR]
    ./app/(home)/page.js [Client Component SSR]
    ./app/(home)/page.js [Server Component]

https://nextjs.org/docs/messages/module-not-found


⨯ ./components/ui/context-menu.jsx:2:1
Module not found: Can't resolve '@radix-ui/react-context-menu'
  [90m1 |[0m [36mimport[0m * [36mas[0m [33mReact[0m [36mfrom[0m [32m"react"[0m
[31m[1m>[0m [90m2 |[0m [36mimport[0m * [36mas[0m [33mContextMenuPrimitive[0m [36mfrom[0m [32m"@radix-ui/react-context-menu"[0m
  [90m  |[0m [31m[1m^^^^^^^^^^^^^^^^^^^^^^^^^^^^^^^^^^^^^^^^^^^^^^^^^^^^^^^^^^^^^^^^^^^^[0m
  [90m3 |[0m [36mimport[0m { [33mCheck[0m, [33mChevronRight[0m, [33mCircle[0m } [36mfrom[0m [32m"lucide-react"[0m
  [90m4 |[0m
  [90m5 |[0m [36mimport[0m { cn } [36mfrom[0m [32m"@/lib/utils"[0m



Import traces:
  Client Component Browser:
    ./components/ui/context-menu.jsx [Client Component Browser]
    ./components/MenuItemCard.jsx [Client Component Browser]
    ./app/(home)/page.js [Client Component Browser]
    ./app/(home)/page.js [Server Component]

  Client Component SSR:
    ./components/ui/context-menu.jsx [Client Component SSR]
    ./components/MenuItemCard.jsx [Client Component SSR]
    ./app/(home)/page.js [Client Component SSR]
    ./app/(home)/page.js [Server Component]

https://nextjs.org/docs/messages/module-not-found


⨯ ./components/ui/context-menu.jsx:2:1
Module not found: Can't resolve '@radix-ui/react-context-menu'
  [90m1 |[0m [36mimport[0m * [36mas[0m [33mReact[0m [36mfrom[0m [32m"react"[0m
[31m[1m>[0m [90m2 |[0m [36mimport[0m * [36mas[0m [33mContextMenuPrimitive[0m [36mfrom[0m [32m"@radix-ui/react-context-menu"[0m
  [90m  |[0m [31m[1m^^^^^^^^^^^^^^^^^^^^^^^^^^^^^^^^^^^^^^^^^^^^^^^^^^^^^^^^^^^^^^^^^^^^[0m
  [90m3 |[0m [36mimport[0m { [33mCheck[0m, [33mChevronRight[0m, [33mCircle[0m } [36mfrom[0m [32m"lucide-react"[0m
  [90m4 |[0m
  [90m5 |[0m [36mimport[0m { cn } [36mfrom[0m [32m"@/lib/utils"[0m



Import traces:
  Client Component Browser:
    ./components/ui/context-menu.jsx [Client Component Browser]
    ./components/MenuItemCard.jsx [Client Component Browser]
    ./app/(home)/page.js [Client Component Browser]
    ./app/(home)/page.js [Server Component]

  Client Component SSR:
    ./components/ui/context-menu.jsx [Client Component SSR]
    ./components/MenuItemCard.jsx [Client Component SSR]
    ./app/(home)/page.js [Client Component SSR]
    ./app/(home)/page.js [Server Component]

https://nextjs.org/docs/messages/module-not-found


⨯ ./components/ui/context-menu.jsx:2:1
Module not found: Can't resolve '@radix-ui/react-context-menu'
  [90m1 |[0m [36mimport[0m * [36mas[0m [33mReact[0m [36mfrom[0m [32m"react"[0m
[31m[1m>[0m [90m2 |[0m [36mimport[0m * [36mas[0m [33mContextMenuPrimitive[0m [36mfrom[0m [32m"@radix-ui/react-context-menu"[0m
  [90m  |[0m [31m[1m^^^^^^^^^^^^^^^^^^^^^^^^^^^^^^^^^^^^^^^^^^^^^^^^^^^^^^^^^^^^^^^^^^^^[0m
  [90m3 |[0m [36mimport[0m { [33mCheck[0m, [33mChevronRight[0m, [33mCircle[0m } [36mfrom[0m [32m"lucide-react"[0m
  [90m4 |[0m
  [90m5 |[0m [36mimport[0m { cn } [36mfrom[0m [32m"@/lib/utils"[0m



Import traces:
  Client Component Browser:
    ./components/ui/context-menu.jsx [Client Component Browser]
    ./components/MenuItemCard.jsx [Client Component Browser]
    ./app/(home)/page.js [Client Component Browser]
    ./app/(home)/page.js [Server Component]

  Client Component SSR:
    ./components/ui/context-menu.jsx [Client Component SSR]
    ./components/MenuItemCard.jsx [Client Component SSR]
    ./app/(home)/page.js [Client Component SSR]
    ./app/(home)/page.js [Server Component]

https://nextjs.org/docs/messages/module-not-found


⨯ ./components/ui/context-menu.jsx:2:1
Module not found: Can't resolve '@radix-ui/react-context-menu'
  [90m1 |[0m [36mimport[0m * [36mas[0m [33mReact[0m [36mfrom[0m [32m"react"[0m
[31m[1m>[0m [90m2 |[0m [36mimport[0m * [36mas[0m [33mContextMenuPrimitive[0m [36mfrom[0m [32m"@radix-ui/react-context-menu"[0m
  [90m  |[0m [31m[1m^^^^^^^^^^^^^^^^^^^^^^^^^^^^^^^^^^^^^^^^^^^^^^^^^^^^^^^^^^^^^^^^^^^^[0m
  [90m3 |[0m [36mimport[0m { [33mCheck[0m, [33mChevronRight[0m, [33mCircle[0m } [36mfrom[0m [32m"lucide-react"[0m
  [90m4 |[0m
  [90m5 |[0m [36mimport[0m { cn } [36mfrom[0m [32m"@/lib/utils"[0m



Import traces:
  Client Component Browser:
    ./components/ui/context-menu.jsx [Client Component Browser]
    ./components/MenuItemCard.jsx [Client Component Browser]
    ./app/(home)/page.js [Client Component Browser]
    ./app/(home)/page.js [Server Component]

  Client Component SSR:
    ./components/ui/context-menu.jsx [Client Component SSR]
    ./components/MenuItemCard.jsx [Client Component SSR]
    ./app/(home)/page.js [Client Component SSR]
    ./app/(home)/page.js [Server Component]

https://nextjs.org/docs/messages/module-not-found


⨯ ./components/ui/context-menu.jsx:2:1
Module not found: Can't resolve '@radix-ui/react-context-menu'
  [90m1 |[0m [36mimport[0m * [36mas[0m [33mReact[0m [36mfrom[0m [32m"react"[0m
[31m[1m>[0m [90m2 |[0m [36mimport[0m * [36mas[0m [33mContextMenuPrimitive[0m [36mfrom[0m [32m"@radix-ui/react-context-menu"[0m
  [90m  |[0m [31m[1m^^^^^^^^^^^^^^^^^^^^^^^^^^^^^^^^^^^^^^^^^^^^^^^^^^^^^^^^^^^^^^^^^^^^[0m
  [90m3 |[0m [36mimport[0m { [33mCheck[0m, [33mChevronRight[0m, [33mCircle[0m } [36mfrom[0m [32m"lucide-react"[0m
  [90m4 |[0m
  [90m5 |[0m [36mimport[0m { cn } [36mfrom[0m [32m"@/lib/utils"[0m



Import traces:
  Client Component Browser:
    ./components/ui/context-menu.jsx [Client Component Browser]
    ./components/MenuItemCard.jsx [Client Component Browser]
    ./app/(home)/page.js [Client Component Browser]
    ./app/(home)/page.js [Server Component]

  Client Component SSR:
    ./components/ui/context-menu.jsx [Client Component SSR]
    ./components/MenuItemCard.jsx [Client Component SSR]
    ./app/(home)/page.js [Client Component SSR]
    ./app/(home)/page.js [Server Component]

https://nextjs.org/docs/messages/module-not-found


⨯ ./components/ui/context-menu.jsx:2:1
Module not found: Can't resolve '@radix-ui/react-context-menu'
  [90m1 |[0m [36mimport[0m * [36mas[0m [33mReact[0m [36mfrom[0m [32m"react"[0m
[31m[1m>[0m [90m2 |[0m [36mimport[0m * [36mas[0m [33mContextMenuPrimitive[0m [36mfrom[0m [32m"@radix-ui/react-context-menu"[0m
  [90m  |[0m [31m[1m^^^^^^^^^^^^^^^^^^^^^^^^^^^^^^^^^^^^^^^^^^^^^^^^^^^^^^^^^^^^^^^^^^^^[0m
  [90m3 |[0m [36mimport[0m { [33mCheck[0m, [33mChevronRight[0m, [33mCircle[0m } [36mfrom[0m [32m"lucide-react"[0m
  [90m4 |[0m
  [90m5 |[0m [36mimport[0m { cn } [36mfrom[0m [32m"@/lib/utils"[0m



Import traces:
  Client Component Browser:
    ./components/ui/context-menu.jsx [Client Component Browser]
    ./components/MenuItemCard.jsx [Client Component Browser]
    ./app/(home)/page.js [Client Component Browser]
    ./app/(home)/page.js [Server Component]

  Client Component SSR:
    ./components/ui/context-menu.jsx [Client Component SSR]
    ./components/MenuItemCard.jsx [Client Component SSR]
    ./app/(home)/page.js [Client Component SSR]
    ./app/(home)/page.js [Server Component]

https://nextjs.org/docs/messages/module-not-found


⨯ ./components/ui/context-menu.jsx:2:1
Module not found: Can't resolve '@radix-ui/react-context-menu'
  [90m1 |[0m [36mimport[0m * [36mas[0m [33mReact[0m [36mfrom[0m [32m"react"[0m
[31m[1m>[0m [90m2 |[0m [36mimport[0m * [36mas[0m [33mContextMenuPrimitive[0m [36mfrom[0m [32m"@radix-ui/react-context-menu"[0m
  [90m  |[0m [31m[1m^^^^^^^^^^^^^^^^^^^^^^^^^^^^^^^^^^^^^^^^^^^^^^^^^^^^^^^^^^^^^^^^^^^^[0m
  [90m3 |[0m [36mimport[0m { [33mCheck[0m, [33mChevronRight[0m, [33mCircle[0m } [36mfrom[0m [32m"lucide-react"[0m
  [90m4 |[0m
  [90m5 |[0m [36mimport[0m { cn } [36mfrom[0m [32m"@/lib/utils"[0m



Import traces:
  Client Component Browser:
    ./components/ui/context-menu.jsx [Client Component Browser]
    ./components/MenuItemCard.jsx [Client Component Browser]
    ./app/(home)/page.js [Client Component Browser]
    ./app/(home)/page.js [Server Component]

  Client Component SSR:
    ./components/ui/context-menu.jsx [Client Component SSR]
    ./components/MenuItemCard.jsx [Client Component SSR]
    ./app/(home)/page.js [Client Component SSR]
    ./app/(home)/page.js [Server Component]

https://nextjs.org/docs/messages/module-not-found


⨯ ./components/ui/context-menu.jsx:2:1
Module not found: Can't resolve '@radix-ui/react-context-menu'
  [90m1 |[0m [36mimport[0m * [36mas[0m [33mReact[0m [36mfrom[0m [32m"react"[0m
[31m[1m>[0m [90m2 |[0m [36mimport[0m * [36mas[0m [33mContextMenuPrimitive[0m [36mfrom[0m [32m"@radix-ui/react-context-menu"[0m
  [90m  |[0m [31m[1m^^^^^^^^^^^^^^^^^^^^^^^^^^^^^^^^^^^^^^^^^^^^^^^^^^^^^^^^^^^^^^^^^^^^[0m
  [90m3 |[0m [36mimport[0m { [33mCheck[0m, [33mChevronRight[0m, [33mCircle[0m } [36mfrom[0m [32m"lucide-react"[0m
  [90m4 |[0m
  [90m5 |[0m [36mimport[0m { cn } [36mfrom[0m [32m"@/lib/utils"[0m



Import traces:
  Client Component Browser:
    ./components/ui/context-menu.jsx [Client Component Browser]
    ./components/MenuItemCard.jsx [Client Component Browser]
    ./app/(home)/page.js [Client Component Browser]
    ./app/(home)/page.js [Server Component]

  Client Component SSR:
    ./components/ui/context-menu.jsx [Client Component SSR]
    ./components/MenuItemCard.jsx [Client Component SSR]
    ./app/(home)/page.js [Client Component SSR]
    ./app/(home)/page.js [Server Component]

https://nextjs.org/docs/messages/module-not-found


⨯ ./components/ui/context-menu.jsx:2:1
Module not found: Can't resolve '@radix-ui/react-context-menu'
  [90m1 |[0m [36mimport[0m * [36mas[0m [33mReact[0m [36mfrom[0m [32m"react"[0m
[31m[1m>[0m [90m2 |[0m [36mimport[0m * [36mas[0m [33mContextMenuPrimitive[0m [36mfrom[0m [32m"@radix-ui/react-context-menu"[0m
  [90m  |[0m [31m[1m^^^^^^^^^^^^^^^^^^^^^^^^^^^^^^^^^^^^^^^^^^^^^^^^^^^^^^^^^^^^^^^^^^^^[0m
  [90m3 |[0m [36mimport[0m { [33mCheck[0m, [33mChevronRight[0m, [33mCircle[0m } [36mfrom[0m [32m"lucide-react"[0m
  [90m4 |[0m
  [90m5 |[0m [36mimport[0m { cn } [36mfrom[0m [32m"@/lib/utils"[0m



Import traces:
  Client Component Browser:
    ./components/ui/context-menu.jsx [Client Component Browser]
    ./components/MenuItemCard.jsx [Client Component Browser]
    ./app/(home)/page.js [Client Component Browser]
    ./app/(home)/page.js [Server Component]

  Client Component SSR:
    ./components/ui/context-menu.jsx [Client Component SSR]
    ./components/MenuItemCard.jsx [Client Component SSR]
    ./app/(home)/page.js [Client Component SSR]
    ./app/(home)/page.js [Server Component]

https://nextjs.org/docs/messages/module-not-found


⨯ ./components/ui/context-menu.jsx:2:1
Module not found: Can't resolve '@radix-ui/react-context-menu'
  [90m1 |[0m [36mimport[0m * [36mas[0m [33mReact[0m [36mfrom[0m [32m"react"[0m
[31m[1m>[0m [90m2 |[0m [36mimport[0m * [36mas[0m [33mContextMenuPrimitive[0m [36mfrom[0m [32m"@radix-ui/react-context-menu"[0m
  [90m  |[0m [31m[1m^^^^^^^^^^^^^^^^^^^^^^^^^^^^^^^^^^^^^^^^^^^^^^^^^^^^^^^^^^^^^^^^^^^^[0m
  [90m3 |[0m [36mimport[0m { [33mCheck[0m, [33mChevronRight[0m, [33mCircle[0m } [36mfrom[0m [32m"lucide-react"[0m
  [90m4 |[0m
  [90m5 |[0m [36mimport[0m { cn } [36mfrom[0m [32m"@/lib/utils"[0m



Import traces:
  Client Component Browser:
    ./components/ui/context-menu.jsx [Client Component Browser]
    ./components/MenuItemCard.jsx [Client Component Browser]
    ./app/(home)/page.js [Client Component Browser]
    ./app/(home)/page.js [Server Component]

  Client Component SSR:
    ./components/ui/context-menu.jsx [Client Component SSR]
    ./components/MenuItemCard.jsx [Client Component SSR]
    ./app/(home)/page.js [Client Component SSR]
    ./app/(home)/page.js [Server Component]

https://nextjs.org/docs/messages/module-not-found


⨯ ./components/ui/context-menu.jsx:2:1
Module not found: Can't resolve '@radix-ui/react-context-menu'
  [90m1 |[0m [36mimport[0m * [36mas[0m [33mReact[0m [36mfrom[0m [32m"react"[0m
[31m[1m>[0m [90m2 |[0m [36mimport[0m * [36mas[0m [33mContextMenuPrimitive[0m [36mfrom[0m [32m"@radix-ui/react-context-menu"[0m
  [90m  |[0m [31m[1m^^^^^^^^^^^^^^^^^^^^^^^^^^^^^^^^^^^^^^^^^^^^^^^^^^^^^^^^^^^^^^^^^^^^[0m
  [90m3 |[0m [36mimport[0m { [33mCheck[0m, [33mChevronRight[0m, [33mCircle[0m } [36mfrom[0m [32m"lucide-react"[0m
  [90m4 |[0m
  [90m5 |[0m [36mimport[0m { cn } [36mfrom[0m [32m"@/lib/utils"[0m



Import traces:
  Client Component Browser:
    ./components/ui/context-menu.jsx [Client Component Browser]
    ./components/MenuItemCard.jsx [Client Component Browser]
    ./app/(home)/page.js [Client Component Browser]
    ./app/(home)/page.js [Server Component]

  Client Component SSR:
    ./components/ui/context-menu.jsx [Client Component SSR]
    ./components/MenuItemCard.jsx [Client Component SSR]
    ./app/(home)/page.js [Client Component SSR]
    ./app/(home)/page.js [Server Component]

https://nextjs.org/docs/messages/module-not-found


⨯ ./components/ui/context-menu.jsx:2:1
Module not found: Can't resolve '@radix-ui/react-context-menu'
  [90m1 |[0m [36mimport[0m * [36mas[0m [33mReact[0m [36mfrom[0m [32m"react"[0m
[31m[1m>[0m [90m2 |[0m [36mimport[0m * [36mas[0m [33mContextMenuPrimitive[0m [36mfrom[0m [32m"@radix-ui/react-context-menu"[0m
  [90m  |[0m [31m[1m^^^^^^^^^^^^^^^^^^^^^^^^^^^^^^^^^^^^^^^^^^^^^^^^^^^^^^^^^^^^^^^^^^^^[0m
  [90m3 |[0m [36mimport[0m { [33mCheck[0m, [33mChevronRight[0m, [33mCircle[0m } [36mfrom[0m [32m"lucide-react"[0m
  [90m4 |[0m
  [90m5 |[0m [36mimport[0m { cn } [36mfrom[0m [32m"@/lib/utils"[0m



Import traces:
  Client Component Browser:
    ./components/ui/context-menu.jsx [Client Component Browser]
    ./components/MenuItemCard.jsx [Client Component Browser]
    ./app/(home)/page.js [Client Component Browser]
    ./app/(home)/page.js [Server Component]

  Client Component SSR:
    ./components/ui/context-menu.jsx [Client Component SSR]
    ./components/MenuItemCard.jsx [Client Component SSR]
    ./app/(home)/page.js [Client Component SSR]
    ./app/(home)/page.js [Server Component]

https://nextjs.org/docs/messages/module-not-found


⨯ ./components/ui/context-menu.jsx:2:1
Module not found: Can't resolve '@radix-ui/react-context-menu'
  [90m1 |[0m [36mimport[0m * [36mas[0m [33mReact[0m [36mfrom[0m [32m"react"[0m
[31m[1m>[0m [90m2 |[0m [36mimport[0m * [36mas[0m [33mContextMenuPrimitive[0m [36mfrom[0m [32m"@radix-ui/react-context-menu"[0m
  [90m  |[0m [31m[1m^^^^^^^^^^^^^^^^^^^^^^^^^^^^^^^^^^^^^^^^^^^^^^^^^^^^^^^^^^^^^^^^^^^^[0m
  [90m3 |[0m [36mimport[0m { [33mCheck[0m, [33mChevronRight[0m, [33mCircle[0m } [36mfrom[0m [32m"lucide-react"[0m
  [90m4 |[0m
  [90m5 |[0m [36mimport[0m { cn } [36mfrom[0m [32m"@/lib/utils"[0m



Import traces:
  Client Component Browser:
    ./components/ui/context-menu.jsx [Client Component Browser]
    ./components/MenuItemCard.jsx [Client Component Browser]
    ./app/(home)/page.js [Client Component Browser]
    ./app/(home)/page.js [Server Component]

  Client Component SSR:
    ./components/ui/context-menu.jsx [Client Component SSR]
    ./components/MenuItemCard.jsx [Client Component SSR]
    ./app/(home)/page.js [Client Component SSR]
    ./app/(home)/page.js [Server Component]

https://nextjs.org/docs/messages/module-not-found


⨯ ./components/ui/context-menu.jsx:2:1
Module not found: Can't resolve '@radix-ui/react-context-menu'
  [90m1 |[0m [36mimport[0m * [36mas[0m [33mReact[0m [36mfrom[0m [32m"react"[0m
[31m[1m>[0m [90m2 |[0m [36mimport[0m * [36mas[0m [33mContextMenuPrimitive[0m [36mfrom[0m [32m"@radix-ui/react-context-menu"[0m
  [90m  |[0m [31m[1m^^^^^^^^^^^^^^^^^^^^^^^^^^^^^^^^^^^^^^^^^^^^^^^^^^^^^^^^^^^^^^^^^^^^[0m
  [90m3 |[0m [36mimport[0m { [33mCheck[0m, [33mChevronRight[0m, [33mCircle[0m } [36mfrom[0m [32m"lucide-react"[0m
  [90m4 |[0m
  [90m5 |[0m [36mimport[0m { cn } [36mfrom[0m [32m"@/lib/utils"[0m



Import traces:
  Client Component Browser:
    ./components/ui/context-menu.jsx [Client Component Browser]
    ./components/MenuItemCard.jsx [Client Component Browser]
    ./app/(home)/page.js [Client Component Browser]
    ./app/(home)/page.js [Server Component]

  Client Component SSR:
    ./components/ui/context-menu.jsx [Client Component SSR]
    ./components/MenuItemCard.jsx [Client Component SSR]
    ./app/(home)/page.js [Client Component SSR]
    ./app/(home)/page.js [Server Component]

https://nextjs.org/docs/messages/module-not-found


⨯ ./components/ui/context-menu.jsx:2:1
Module not found: Can't resolve '@radix-ui/react-context-menu'
  [90m1 |[0m [36mimport[0m * [36mas[0m [33mReact[0m [36mfrom[0m [32m"react"[0m
[31m[1m>[0m [90m2 |[0m [36mimport[0m * [36mas[0m [33mContextMenuPrimitive[0m [36mfrom[0m [32m"@radix-ui/react-context-menu"[0m
  [90m  |[0m [31m[1m^^^^^^^^^^^^^^^^^^^^^^^^^^^^^^^^^^^^^^^^^^^^^^^^^^^^^^^^^^^^^^^^^^^^[0m
  [90m3 |[0m [36mimport[0m { [33mCheck[0m, [33mChevronRight[0m, [33mCircle[0m } [36mfrom[0m [32m"lucide-react"[0m
  [90m4 |[0m
  [90m5 |[0m [36mimport[0m { cn } [36mfrom[0m [32m"@/lib/utils"[0m



Import traces:
  Client Component Browser:
    ./components/ui/context-menu.jsx [Client Component Browser]
    ./components/MenuItemCard.jsx [Client Component Browser]
    ./app/(home)/page.js [Client Component Browser]
    ./app/(home)/page.js [Server Component]

  Client Component SSR:
    ./components/ui/context-menu.jsx [Client Component SSR]
    ./components/MenuItemCard.jsx [Client Component SSR]
    ./app/(home)/page.js [Client Component SSR]
    ./app/(home)/page.js [Server Component]

https://nextjs.org/docs/messages/module-not-found


⨯ ./components/ui/context-menu.jsx:2:1
Module not found: Can't resolve '@radix-ui/react-context-menu'
  [90m1 |[0m [36mimport[0m * [36mas[0m [33mReact[0m [36mfrom[0m [32m"react"[0m
[31m[1m>[0m [90m2 |[0m [36mimport[0m * [36mas[0m [33mContextMenuPrimitive[0m [36mfrom[0m [32m"@radix-ui/react-context-menu"[0m
  [90m  |[0m [31m[1m^^^^^^^^^^^^^^^^^^^^^^^^^^^^^^^^^^^^^^^^^^^^^^^^^^^^^^^^^^^^^^^^^^^^[0m
  [90m3 |[0m [36mimport[0m { [33mCheck[0m, [33mChevronRight[0m, [33mCircle[0m } [36mfrom[0m [32m"lucide-react"[0m
  [90m4 |[0m
  [90m5 |[0m [36mimport[0m { cn } [36mfrom[0m [32m"@/lib/utils"[0m



Import traces:
  Client Component Browser:
    ./components/ui/context-menu.jsx [Client Component Browser]
    ./components/MenuItemCard.jsx [Client Component Browser]
    ./app/(home)/page.js [Client Component Browser]
    ./app/(home)/page.js [Server Component]

  Client Component SSR:
    ./components/ui/context-menu.jsx [Client Component SSR]
    ./components/MenuItemCard.jsx [Client Component SSR]
    ./app/(home)/page.js [Client Component SSR]
    ./app/(home)/page.js [Server Component]

https://nextjs.org/docs/messages/module-not-found


⨯ ./components/ui/context-menu.jsx:2:1
Module not found: Can't resolve '@radix-ui/react-context-menu'
  [90m1 |[0m [36mimport[0m * [36mas[0m [33mReact[0m [36mfrom[0m [32m"react"[0m
[31m[1m>[0m [90m2 |[0m [36mimport[0m * [36mas[0m [33mContextMenuPrimitive[0m [36mfrom[0m [32m"@radix-ui/react-context-menu"[0m
  [90m  |[0m [31m[1m^^^^^^^^^^^^^^^^^^^^^^^^^^^^^^^^^^^^^^^^^^^^^^^^^^^^^^^^^^^^^^^^^^^^[0m
  [90m3 |[0m [36mimport[0m { [33mCheck[0m, [33mChevronRight[0m, [33mCircle[0m } [36mfrom[0m [32m"lucide-react"[0m
  [90m4 |[0m
  [90m5 |[0m [36mimport[0m { cn } [36mfrom[0m [32m"@/lib/utils"[0m



Import traces:
  Client Component Browser:
    ./components/ui/context-menu.jsx [Client Component Browser]
    ./components/MenuItemCard.jsx [Client Component Browser]
    ./app/(home)/page.js [Client Component Browser]
    ./app/(home)/page.js [Server Component]

  Client Component SSR:
    ./components/ui/context-menu.jsx [Client Component SSR]
    ./components/MenuItemCard.jsx [Client Component SSR]
    ./app/(home)/page.js [Client Component SSR]
    ./app/(home)/page.js [Server Component]

https://nextjs.org/docs/messages/module-not-found


⨯ ./components/ui/context-menu.jsx:2:1
Module not found: Can't resolve '@radix-ui/react-context-menu'
  [90m1 |[0m [36mimport[0m * [36mas[0m [33mReact[0m [36mfrom[0m [32m"react"[0m
[31m[1m>[0m [90m2 |[0m [36mimport[0m * [36mas[0m [33mContextMenuPrimitive[0m [36mfrom[0m [32m"@radix-ui/react-context-menu"[0m
  [90m  |[0m [31m[1m^^^^^^^^^^^^^^^^^^^^^^^^^^^^^^^^^^^^^^^^^^^^^^^^^^^^^^^^^^^^^^^^^^^^[0m
  [90m3 |[0m [36mimport[0m { [33mCheck[0m, [33mChevronRight[0m, [33mCircle[0m } [36mfrom[0m [32m"lucide-react"[0m
  [90m4 |[0m
  [90m5 |[0m [36mimport[0m { cn } [36mfrom[0m [32m"@/lib/utils"[0m



Import traces:
  Client Component Browser:
    ./components/ui/context-menu.jsx [Client Component Browser]
    ./components/MenuItemCard.jsx [Client Component Browser]
    ./app/(home)/page.js [Client Component Browser]
    ./app/(home)/page.js [Server Component]

  Client Component SSR:
    ./components/ui/context-menu.jsx [Client Component SSR]
    ./components/MenuItemCard.jsx [Client Component SSR]
    ./app/(home)/page.js [Client Component SSR]
    ./app/(home)/page.js [Server Component]

https://nextjs.org/docs/messages/module-not-found


⨯ ./components/ui/context-menu.jsx:2:1
Module not found: Can't resolve '@radix-ui/react-context-menu'
  [90m1 |[0m [36mimport[0m * [36mas[0m [33mReact[0m [36mfrom[0m [32m"react"[0m
[31m[1m>[0m [90m2 |[0m [36mimport[0m * [36mas[0m [33mContextMenuPrimitive[0m [36mfrom[0m [32m"@radix-ui/react-context-menu"[0m
  [90m  |[0m [31m[1m^^^^^^^^^^^^^^^^^^^^^^^^^^^^^^^^^^^^^^^^^^^^^^^^^^^^^^^^^^^^^^^^^^^^[0m
  [90m3 |[0m [36mimport[0m { [33mCheck[0m, [33mChevronRight[0m, [33mCircle[0m } [36mfrom[0m [32m"lucide-react"[0m
  [90m4 |[0m
  [90m5 |[0m [36mimport[0m { cn } [36mfrom[0m [32m"@/lib/utils"[0m



Import traces:
  Client Component Browser:
    ./components/ui/context-menu.jsx [Client Component Browser]
    ./components/MenuItemCard.jsx [Client Component Browser]
    ./app/(home)/page.js [Client Component Browser]
    ./app/(home)/page.js [Server Component]

  Client Component SSR:
    ./components/ui/context-menu.jsx [Client Component SSR]
    ./components/MenuItemCard.jsx [Client Component SSR]
    ./app/(home)/page.js [Client Component SSR]
    ./app/(home)/page.js [Server Component]

https://nextjs.org/docs/messages/module-not-found


⨯ ./components/ui/context-menu.jsx:2:1
Module not found: Can't resolve '@radix-ui/react-context-menu'
  [90m1 |[0m [36mimport[0m * [36mas[0m [33mReact[0m [36mfrom[0m [32m"react"[0m
[31m[1m>[0m [90m2 |[0m [36mimport[0m * [36mas[0m [33mContextMenuPrimitive[0m [36mfrom[0m [32m"@radix-ui/react-context-menu"[0m
  [90m  |[0m [31m[1m^^^^^^^^^^^^^^^^^^^^^^^^^^^^^^^^^^^^^^^^^^^^^^^^^^^^^^^^^^^^^^^^^^^^[0m
  [90m3 |[0m [36mimport[0m { [33mCheck[0m, [33mChevronRight[0m, [33mCircle[0m } [36mfrom[0m [32m"lucide-react"[0m
  [90m4 |[0m
  [90m5 |[0m [36mimport[0m { cn } [36mfrom[0m [32m"@/lib/utils"[0m



Import traces:
  Client Component Browser:
    ./components/ui/context-menu.jsx [Client Component Browser]
    ./components/MenuItemCard.jsx [Client Component Browser]
    ./app/(home)/page.js [Client Component Browser]
    ./app/(home)/page.js [Server Component]

  Client Component SSR:
    ./components/ui/context-menu.jsx [Client Component SSR]
    ./components/MenuItemCard.jsx [Client Component SSR]
    ./app/(home)/page.js [Client Component SSR]
    ./app/(home)/page.js [Server Component]

https://nextjs.org/docs/messages/module-not-found


⨯ ./components/ui/context-menu.jsx:2:1
Module not found: Can't resolve '@radix-ui/react-context-menu'
  [90m1 |[0m [36mimport[0m * [36mas[0m [33mReact[0m [36mfrom[0m [32m"react"[0m
[31m[1m>[0m [90m2 |[0m [36mimport[0m * [36mas[0m [33mContextMenuPrimitive[0m [36mfrom[0m [32m"@radix-ui/react-context-menu"[0m
  [90m  |[0m [31m[1m^^^^^^^^^^^^^^^^^^^^^^^^^^^^^^^^^^^^^^^^^^^^^^^^^^^^^^^^^^^^^^^^^^^^[0m
  [90m3 |[0m [36mimport[0m { [33mCheck[0m, [33mChevronRight[0m, [33mCircle[0m } [36mfrom[0m [32m"lucide-react"[0m
  [90m4 |[0m
  [90m5 |[0m [36mimport[0m { cn } [36mfrom[0m [32m"@/lib/utils"[0m



Import traces:
  Client Component Browser:
    ./components/ui/context-menu.jsx [Client Component Browser]
    ./components/MenuItemCard.jsx [Client Component Browser]
    ./app/(home)/page.js [Client Component Browser]
    ./app/(home)/page.js [Server Component]

  Client Component SSR:
    ./components/ui/context-menu.jsx [Client Component SSR]
    ./components/MenuItemCard.jsx [Client Component SSR]
    ./app/(home)/page.js [Client Component SSR]
    ./app/(home)/page.js [Server Component]

https://nextjs.org/docs/messages/module-not-found


⨯ ./components/ui/context-menu.jsx:2:1
Module not found: Can't resolve '@radix-ui/react-context-menu'
  [90m1 |[0m [36mimport[0m * [36mas[0m [33mReact[0m [36mfrom[0m [32m"react"[0m
[31m[1m>[0m [90m2 |[0m [36mimport[0m * [36mas[0m [33mContextMenuPrimitive[0m [36mfrom[0m [32m"@radix-ui/react-context-menu"[0m
  [90m  |[0m [31m[1m^^^^^^^^^^^^^^^^^^^^^^^^^^^^^^^^^^^^^^^^^^^^^^^^^^^^^^^^^^^^^^^^^^^^[0m
  [90m3 |[0m [36mimport[0m { [33mCheck[0m, [33mChevronRight[0m, [33mCircle[0m } [36mfrom[0m [32m"lucide-react"[0m
  [90m4 |[0m
  [90m5 |[0m [36mimport[0m { cn } [36mfrom[0m [32m"@/lib/utils"[0m



Import traces:
  Client Component Browser:
    ./components/ui/context-menu.jsx [Client Component Browser]
    ./components/MenuItemCard.jsx [Client Component Browser]
    ./app/(home)/page.js [Client Component Browser]
    ./app/(home)/page.js [Server Component]

  Client Component SSR:
    ./components/ui/context-menu.jsx [Client Component SSR]
    ./components/MenuItemCard.jsx [Client Component SSR]
    ./app/(home)/page.js [Client Component SSR]
    ./app/(home)/page.js [Server Component]

https://nextjs.org/docs/messages/module-not-found


⨯ ./components/ui/context-menu.jsx:2:1
Module not found: Can't resolve '@radix-ui/react-context-menu'
  [90m1 |[0m [36mimport[0m * [36mas[0m [33mReact[0m [36mfrom[0m [32m"react"[0m
[31m[1m>[0m [90m2 |[0m [36mimport[0m * [36mas[0m [33mContextMenuPrimitive[0m [36mfrom[0m [32m"@radix-ui/react-context-menu"[0m
  [90m  |[0m [31m[1m^^^^^^^^^^^^^^^^^^^^^^^^^^^^^^^^^^^^^^^^^^^^^^^^^^^^^^^^^^^^^^^^^^^^[0m
  [90m3 |[0m [36mimport[0m { [33mCheck[0m, [33mChevronRight[0m, [33mCircle[0m } [36mfrom[0m [32m"lucide-react"[0m
  [90m4 |[0m
  [90m5 |[0m [36mimport[0m { cn } [36mfrom[0m [32m"@/lib/utils"[0m



Import traces:
  Client Component Browser:
    ./components/ui/context-menu.jsx [Client Component Browser]
    ./components/MenuItemCard.jsx [Client Component Browser]
    ./app/(home)/page.js [Client Component Browser]
    ./app/(home)/page.js [Server Component]

  Client Component SSR:
    ./components/ui/context-menu.jsx [Client Component SSR]
    ./components/MenuItemCard.jsx [Client Component SSR]
    ./app/(home)/page.js [Client Component SSR]
    ./app/(home)/page.js [Server Component]

https://nextjs.org/docs/messages/module-not-found


⨯ ./components/ui/context-menu.jsx:2:1
Module not found: Can't resolve '@radix-ui/react-context-menu'
  [90m1 |[0m [36mimport[0m * [36mas[0m [33mReact[0m [36mfrom[0m [32m"react"[0m
[31m[1m>[0m [90m2 |[0m [36mimport[0m * [36mas[0m [33mContextMenuPrimitive[0m [36mfrom[0m [32m"@radix-ui/react-context-menu"[0m
  [90m  |[0m [31m[1m^^^^^^^^^^^^^^^^^^^^^^^^^^^^^^^^^^^^^^^^^^^^^^^^^^^^^^^^^^^^^^^^^^^^[0m
  [90m3 |[0m [36mimport[0m { [33mCheck[0m, [33mChevronRight[0m, [33mCircle[0m } [36mfrom[0m [32m"lucide-react"[0m
  [90m4 |[0m
  [90m5 |[0m [36mimport[0m { cn } [36mfrom[0m [32m"@/lib/utils"[0m



Import traces:
  Client Component Browser:
    ./components/ui/context-menu.jsx [Client Component Browser]
    ./components/MenuItemCard.jsx [Client Component Browser]
    ./app/(home)/page.js [Client Component Browser]
    ./app/(home)/page.js [Server Component]

  Client Component SSR:
    ./components/ui/context-menu.jsx [Client Component SSR]
    ./components/MenuItemCard.jsx [Client Component SSR]
    ./app/(home)/page.js [Client Component SSR]
    ./app/(home)/page.js [Server Component]

https://nextjs.org/docs/messages/module-not-found


⨯ ./components/ui/context-menu.jsx:2:1
Module not found: Can't resolve '@radix-ui/react-context-menu'
  [90m1 |[0m [36mimport[0m * [36mas[0m [33mReact[0m [36mfrom[0m [32m"react"[0m
[31m[1m>[0m [90m2 |[0m [36mimport[0m * [36mas[0m [33mContextMenuPrimitive[0m [36mfrom[0m [32m"@radix-ui/react-context-menu"[0m
  [90m  |[0m [31m[1m^^^^^^^^^^^^^^^^^^^^^^^^^^^^^^^^^^^^^^^^^^^^^^^^^^^^^^^^^^^^^^^^^^^^[0m
  [90m3 |[0m [36mimport[0m { [33mCheck[0m, [33mChevronRight[0m, [33mCircle[0m } [36mfrom[0m [32m"lucide-react"[0m
  [90m4 |[0m
  [90m5 |[0m [36mimport[0m { cn } [36mfrom[0m [32m"@/lib/utils"[0m



Import traces:
  Client Component Browser:
    ./components/ui/context-menu.jsx [Client Component Browser]
    ./components/MenuItemCard.jsx [Client Component Browser]
    ./app/(home)/page.js [Client Component Browser]
    ./app/(home)/page.js [Server Component]

  Client Component SSR:
    ./components/ui/context-menu.jsx [Client Component SSR]
    ./components/MenuItemCard.jsx [Client Component SSR]
    ./app/(home)/page.js [Client Component SSR]
    ./app/(home)/page.js [Server Component]

https://nextjs.org/docs/messages/module-not-found


⨯ ./components/ui/context-menu.jsx:2:1
Module not found: Can't resolve '@radix-ui/react-context-menu'
  [90m1 |[0m [36mimport[0m * [36mas[0m [33mReact[0m [36mfrom[0m [32m"react"[0m
[31m[1m>[0m [90m2 |[0m [36mimport[0m * [36mas[0m [33mContextMenuPrimitive[0m [36mfrom[0m [32m"@radix-ui/react-context-menu"[0m
  [90m  |[0m [31m[1m^^^^^^^^^^^^^^^^^^^^^^^^^^^^^^^^^^^^^^^^^^^^^^^^^^^^^^^^^^^^^^^^^^^^[0m
  [90m3 |[0m [36mimport[0m { [33mCheck[0m, [33mChevronRight[0m, [33mCircle[0m } [36mfrom[0m [32m"lucide-react"[0m
  [90m4 |[0m
  [90m5 |[0m [36mimport[0m { cn } [36mfrom[0m [32m"@/lib/utils"[0m



Import traces:
  Client Component Browser:
    ./components/ui/context-menu.jsx [Client Component Browser]
    ./components/MenuItemCard.jsx [Client Component Browser]
    ./app/(home)/page.js [Client Component Browser]
    ./app/(home)/page.js [Server Component]

  Client Component SSR:
    ./components/ui/context-menu.jsx [Client Component SSR]
    ./components/MenuItemCard.jsx [Client Component SSR]
    ./app/(home)/page.js [Client Component SSR]
    ./app/(home)/page.js [Server Component]

https://nextjs.org/docs/messages/module-not-found


✓ Compiled in 436ms
⨯ ./components/ui/context-menu.jsx:2:1
Module not found: Can't resolve '@radix-ui/react-context-menu'
  [90m1 |[0m [36mimport[0m * [36mas[0m [33mReact[0m [36mfrom[0m [32m"react"[0m
[31m[1m>[0m [90m2 |[0m [36mimport[0m * [36mas[0m [33mContextMenuPrimitive[0m [36mfrom[0m [32m"@radix-ui/react-context-menu"[0m
  [90m  |[0m [31m[1m^^^^^^^^^^^^^^^^^^^^^^^^^^^^^^^^^^^^^^^^^^^^^^^^^^^^^^^^^^^^^^^^^^^^[0m
  [90m3 |[0m [36mimport[0m { [33mCheck[0m, [33mChevronRight[0m, [33mCircle[0m } [36mfrom[0m [32m"lucide-react"[0m
  [90m4 |[0m
  [90m5 |[0m [36mimport[0m { cn } [36mfrom[0m [32m"@/lib/utils"[0m



Import traces:
  Client Component Browser:
    ./components/ui/context-menu.jsx [Client Component Browser]
    ./components/MenuItemCard.jsx [Client Component Browser]
    ./app/(home)/page.js [Client Component Browser]
    ./app/(home)/page.js [Server Component]

  Client Component SSR:
    ./components/ui/context-menu.jsx [Client Component SSR]
    ./components/MenuItemCard.jsx [Client Component SSR]
    ./app/(home)/page.js [Client Component SSR]
    ./app/(home)/page.js [Server Component]

https://nextjs.org/docs/messages/module-not-found


⨯ ./components/ui/context-menu.jsx:2:1
Module not found: Can't resolve '@radix-ui/react-context-menu'
  [90m1 |[0m [36mimport[0m * [36mas[0m [33mReact[0m [36mfrom[0m [32m"react"[0m
[31m[1m>[0m [90m2 |[0m [36mimport[0m * [36mas[0m [33mContextMenuPrimitive[0m [36mfrom[0m [32m"@radix-ui/react-context-menu"[0m
  [90m  |[0m [31m[1m^^^^^^^^^^^^^^^^^^^^^^^^^^^^^^^^^^^^^^^^^^^^^^^^^^^^^^^^^^^^^^^^^^^^[0m
  [90m3 |[0m [36mimport[0m { [33mCheck[0m, [33mChevronRight[0m, [33mCircle[0m } [36mfrom[0m [32m"lucide-react"[0m
  [90m4 |[0m
  [90m5 |[0m [36mimport[0m { cn } [36mfrom[0m [32m"@/lib/utils"[0m



Import traces:
  Client Component Browser:
    ./components/ui/context-menu.jsx [Client Component Browser]
    ./components/MenuItemCard.jsx [Client Component Browser]
    ./app/(home)/page.js [Client Component Browser]
    ./app/(home)/page.js [Server Component]

  Client Component SSR:
    ./components/ui/context-menu.jsx [Client Component SSR]
    ./components/MenuItemCard.jsx [Client Component SSR]
    ./app/(home)/page.js [Client Component SSR]
    ./app/(home)/page.js [Server Component]

https://nextjs.org/docs/messages/module-not-found


 GET / 500 in 1089ms (next.js: 886ms, application-code: 203ms)
 GET / 500 in 1093ms (next.js: 1071ms, application-code: 22ms)
[browser] ./components/ui/context-menu.jsx:2:1
Module not found: Can't resolve '@radix-ui/react-context-menu'
  1 | import * as React from "react"
> 2 | import * as ContextMenuPrimitive from "@radix-ui/react-context-menu"
    | ^^^^^^^^^^^^^^^^^^^^^^^^^^^^^^^^^^^^^^^^^^^^^^^^^^^^^^^^^^^^^^^^^^^^
  3 | import { Check, ChevronRight, Circle } from "lucide-react"
  4 |
  5 | import { cn } from "@/lib/utils"

Import traces:
  Client Component Browser:
    ./components/ui/context-menu.jsx [Client Component Browser]
    ./components/MenuItemCard.jsx [Client Component Browser]
    ./app/(home)/page.js [Client Component Browser]
    ./app/(home)/page.js [Server Component]

  Client Component SSR:
    ./components/ui/context-menu.jsx [Client Component SSR]
    ./components/MenuItemCard.jsx [Client Component SSR]
    ./app/(home)/page.js [Client Component SSR]
    ./app/(home)/page.js [Server Component]

https://nextjs.org/docs/messages/module-not-found 
[browser] ./components/ui/context-menu.jsx:2:1
Module not found: Can't resolve '@radix-ui/react-context-menu'
  1 | import * as React from "react"
> 2 | import * as ContextMenuPrimitive from "@radix-ui/react-context-menu"
    | ^^^^^^^^^^^^^^^^^^^^^^^^^^^^^^^^^^^^^^^^^^^^^^^^^^^^^^^^^^^^^^^^^^^^
  3 | import { Check, ChevronRight, Circle } from "lucide-react"
  4 |
  5 | import { cn } from "@/lib/utils"

Import traces:
  Client Component Browser:
    ./components/ui/context-menu.jsx [Client Component Browser]
    ./components/MenuItemCard.jsx [Client Component Browser]
    ./app/(home)/page.js [Client Component Browser]
    ./app/(home)/page.js [Server Component]

  Client Component SSR:
    ./components/ui/context-menu.jsx [Client Component SSR]
    ./components/MenuItemCard.jsx [Client Component SSR]
    ./app/(home)/page.js [Client Component SSR]
    ./app/(home)/page.js [Server Component]

https://nextjs.org/docs/messages/module-not-found 
⨯ ./components/ui/context-menu.jsx:2:1
Module not found: Can't resolve '@radix-ui/react-context-menu'
  [90m1 |[0m [36mimport[0m * [36mas[0m [33mReact[0m [36mfrom[0m [32m"react"[0m
[31m[1m>[0m [90m2 |[0m [36mimport[0m * [36mas[0m [33mContextMenuPrimitive[0m [36mfrom[0m [32m"@radix-ui/react-context-menu"[0m
  [90m  |[0m [31m[1m^^^^^^^^^^^^^^^^^^^^^^^^^^^^^^^^^^^^^^^^^^^^^^^^^^^^^^^^^^^^^^^^^^^^[0m
  [90m3 |[0m [36mimport[0m { [33mCheck[0m, [33mChevronRight[0m, [33mCircle[0m } [36mfrom[0m [32m"lucide-react"[0m
  [90m4 |[0m
  [90m5 |[0m [36mimport[0m { cn } [36mfrom[0m [32m"@/lib/utils"[0m



Import traces:
  Client Component Browser:
    ./components/ui/context-menu.jsx [Client Component Browser]
    ./components/MenuItemCard.jsx [Client Component Browser]
    ./app/(home)/page.js [Client Component Browser]
    ./app/(home)/page.js [Server Component]

  Client Component SSR:
    ./components/ui/context-menu.jsx [Client Component SSR]
    ./components/MenuItemCard.jsx [Client Component SSR]
    ./app/(home)/page.js [Client Component SSR]
    ./app/(home)/page.js [Server Component]

https://nextjs.org/docs/messages/module-not-found


⨯ ./components/ui/context-menu.jsx:2:1
Module not found: Can't resolve '@radix-ui/react-context-menu'
  [90m1 |[0m [36mimport[0m * [36mas[0m [33mReact[0m [36mfrom[0m [32m"react"[0m
[31m[1m>[0m [90m2 |[0m [36mimport[0m * [36mas[0m [33mContextMenuPrimitive[0m [36mfrom[0m [32m"@radix-ui/react-context-menu"[0m
  [90m  |[0m [31m[1m^^^^^^^^^^^^^^^^^^^^^^^^^^^^^^^^^^^^^^^^^^^^^^^^^^^^^^^^^^^^^^^^^^^^[0m
  [90m3 |[0m [36mimport[0m { [33mCheck[0m, [33mChevronRight[0m, [33mCircle[0m } [36mfrom[0m [32m"lucide-react"[0m
  [90m4 |[0m
  [90m5 |[0m [36mimport[0m { cn } [36mfrom[0m [32m"@/lib/utils"[0m



Import traces:
  Client Component Browser:
    ./components/ui/context-menu.jsx [Client Component Browser]
    ./components/MenuItemCard.jsx [Client Component Browser]
    ./app/(home)/page.js [Client Component Browser]
    ./app/(home)/page.js [Server Component]

  Client Component SSR:
    ./components/ui/context-menu.jsx [Client Component SSR]
    ./components/MenuItemCard.jsx [Client Component SSR]
    ./app/(home)/page.js [Client Component SSR]
    ./app/(home)/page.js [Server Component]

https://nextjs.org/docs/messages/module-not-found


⨯ ./components/ui/context-menu.jsx:2:1
Module not found: Can't resolve '@radix-ui/react-context-menu'
  [90m1 |[0m [36mimport[0m * [36mas[0m [33mReact[0m [36mfrom[0m [32m"react"[0m
[31m[1m>[0m [90m2 |[0m [36mimport[0m * [36mas[0m [33mContextMenuPrimitive[0m [36mfrom[0m [32m"@radix-ui/react-context-menu"[0m
  [90m  |[0m [31m[1m^^^^^^^^^^^^^^^^^^^^^^^^^^^^^^^^^^^^^^^^^^^^^^^^^^^^^^^^^^^^^^^^^^^^[0m
  [90m3 |[0m [36mimport[0m { [33mCheck[0m, [33mChevronRight[0m, [33mCircle[0m } [36mfrom[0m [32m"lucide-react"[0m
  [90m4 |[0m
  [90m5 |[0m [36mimport[0m { cn } [36mfrom[0m [32m"@/lib/utils"[0m



Import traces:
  Client Component Browser:
    ./components/ui/context-menu.jsx [Client Component Browser]
    ./components/MenuItemCard.jsx [Client Component Browser]
    ./app/(home)/page.js [Client Component Browser]
    ./app/(home)/page.js [Server Component]

  Client Component SSR:
    ./components/ui/context-menu.jsx [Client Component SSR]
    ./components/MenuItemCard.jsx [Client Component SSR]
    ./app/(home)/page.js [Client Component SSR]
    ./app/(home)/page.js [Server Component]

https://nextjs.org/docs/messages/module-not-found


⨯ ./components/ui/context-menu.jsx:2:1
Module not found: Can't resolve '@radix-ui/react-context-menu'
  [90m1 |[0m [36mimport[0m * [36mas[0m [33mReact[0m [36mfrom[0m [32m"react"[0m
[31m[1m>[0m [90m2 |[0m [36mimport[0m * [36mas[0m [33mContextMenuPrimitive[0m [36mfrom[0m [32m"@radix-ui/react-context-menu"[0m
  [90m  |[0m [31m[1m^^^^^^^^^^^^^^^^^^^^^^^^^^^^^^^^^^^^^^^^^^^^^^^^^^^^^^^^^^^^^^^^^^^^[0m
  [90m3 |[0m [36mimport[0m { [33mCheck[0m, [33mChevronRight[0m, [33mCircle[0m } [36mfrom[0m [32m"lucide-react"[0m
  [90m4 |[0m
  [90m5 |[0m [36mimport[0m { cn } [36mfrom[0m [32m"@/lib/utils"[0m



Import traces:
  Client Component Browser:
    ./components/ui/context-menu.jsx [Client Component Browser]
    ./components/MenuItemCard.jsx [Client Component Browser]
    ./app/(home)/page.js [Client Component Browser]
    ./app/(home)/page.js [Server Component]

  Client Component SSR:
    ./components/ui/context-menu.jsx [Client Component SSR]
    ./components/MenuItemCard.jsx [Client Component SSR]
    ./app/(home)/page.js [Client Component SSR]
    ./app/(home)/page.js [Server Component]

https://nextjs.org/docs/messages/module-not-found


 GET / 500 in 90ms (next.js: 37ms, application-code: 53ms)
 GET / 500 in 90ms (next.js: 62ms, application-code: 28ms)
 GET / 500 in 96ms (next.js: 66ms, application-code: 30ms)
 GET / 500 in 96ms (next.js: 79ms, application-code: 17ms)
⨯ ./components/ui/context-menu.jsx:2:1
Module not found: Can't resolve '@radix-ui/react-context-menu'
  [90m1 |[0m [36mimport[0m * [36mas[0m [33mReact[0m [36mfrom[0m [32m"react"[0m
[31m[1m>[0m [90m2 |[0m [36mimport[0m * [36mas[0m [33mContextMenuPrimitive[0m [36mfrom[0m [32m"@radix-ui/react-context-menu"[0m
  [90m  |[0m [31m[1m^^^^^^^^^^^^^^^^^^^^^^^^^^^^^^^^^^^^^^^^^^^^^^^^^^^^^^^^^^^^^^^^^^^^[0m
  [90m3 |[0m [36mimport[0m { [33mCheck[0m, [33mChevronRight[0m, [33mCircle[0m } [36mfrom[0m [32m"lucide-react"[0m
  [90m4 |[0m
  [90m5 |[0m [36mimport[0m { cn } [36mfrom[0m [32m"@/lib/utils"[0m



Import traces:
  Client Component Browser:
    ./components/ui/context-menu.jsx [Client Component Browser]
    ./components/MenuItemCard.jsx [Client Component Browser]
    ./app/(home)/page.js [Client Component Browser]
    ./app/(home)/page.js [Server Component]

  Client Component SSR:
    ./components/ui/context-menu.jsx [Client Component SSR]
    ./components/MenuItemCard.jsx [Client Component SSR]
    ./app/(home)/page.js [Client Component SSR]
    ./app/(home)/page.js [Server Component]

https://nextjs.org/docs/messages/module-not-found


⨯ ./components/ui/context-menu.jsx:2:1
Module not found: Can't resolve '@radix-ui/react-context-menu'
  [90m1 |[0m [36mimport[0m * [36mas[0m [33mReact[0m [36mfrom[0m [32m"react"[0m
[31m[1m>[0m [90m2 |[0m [36mimport[0m * [36mas[0m [33mContextMenuPrimitive[0m [36mfrom[0m [32m"@radix-ui/react-context-menu"[0m
  [90m  |[0m [31m[1m^^^^^^^^^^^^^^^^^^^^^^^^^^^^^^^^^^^^^^^^^^^^^^^^^^^^^^^^^^^^^^^^^^^^[0m
  [90m3 |[0m [36mimport[0m { [33mCheck[0m, [33mChevronRight[0m, [33mCircle[0m } [36mfrom[0m [32m"lucide-react"[0m
  [90m4 |[0m
  [90m5 |[0m [36mimport[0m { cn } [36mfrom[0m [32m"@/lib/utils"[0m



Import traces:
  Client Component Browser:
    ./components/ui/context-menu.jsx [Client Component Browser]
    ./components/MenuItemCard.jsx [Client Component Browser]
    ./app/(home)/page.js [Client Component Browser]
    ./app/(home)/page.js [Server Component]

  Client Component SSR:
    ./components/ui/context-menu.jsx [Client Component SSR]
    ./components/MenuItemCard.jsx [Client Component SSR]
    ./app/(home)/page.js [Client Component SSR]
    ./app/(home)/page.js [Server Component]

https://nextjs.org/docs/messages/module-not-found


 GET / 500 in 139ms (next.js: 78ms, application-code: 61ms)
[browser] Uncaught Error: ./components/ui/context-menu.jsx:2:1
Module not found: Can't resolve '@radix-ui/react-context-menu'
  1 | import * as React from "react"
> 2 | import * as ContextMenuPrimitive from "@radix-ui/react-context-menu"
    | ^^^^^^^^^^^^^^^^^^^^^^^^^^^^^^^^^^^^^^^^^^^^^^^^^^^^^^^^^^^^^^^^^^^^
  3 | import { Check, ChevronRight, Circle } from "lucide-react"
  4 |
  5 | import { cn } from "@/lib/utils"



Import traces:
  Client Component Browser:
    ./components/ui/context-menu.jsx [Client Component Browser]
    ./components/MenuItemCard.jsx [Client Component Browser]
    ./app/(home)/page.js [Client Component Browser]
    ./app/(home)/page.js [Server Component]

  Client Component SSR:
    ./components/ui/context-menu.jsx [Client Component SSR]
    ./components/MenuItemCard.jsx [Client Component SSR]
    ./app/(home)/page.js [Client Component SSR]
    ./app/(home)/page.js [Server Component]

https://nextjs.org/docs/messages/module-not-found


    at <unknown> (Error: ./components/ui/context-menu.jsx:2:1)
    at <unknown> (https://nextjs.org/docs/messages/module-not-found)
    at <unknown> (Error: (./components/ui/context-menu.jsx:2:1)
    at <unknown> (https://nextjs.org/docs/messages/module-not-found)
[browser] Uncaught Error: ./components/ui/context-menu.jsx:2:1
Module not found: Can't resolve '@radix-ui/react-context-menu'
  1 | import * as React from "react"
> 2 | import * as ContextMenuPrimitive from "@radix-ui/react-context-menu"
    | ^^^^^^^^^^^^^^^^^^^^^^^^^^^^^^^^^^^^^^^^^^^^^^^^^^^^^^^^^^^^^^^^^^^^
  3 | import { Check, ChevronRight, Circle } from "lucide-react"
  4 |
  5 | import { cn } from "@/lib/utils"



Import traces:
  Client Component Browser:
    ./components/ui/context-menu.jsx [Client Component Browser]
    ./components/MenuItemCard.jsx [Client Component Browser]
    ./app/(home)/page.js [Client Component Browser]
    ./app/(home)/page.js [Server Component]

  Client Component SSR:
    ./components/ui/context-menu.jsx [Client Component SSR]
    ./components/MenuItemCard.jsx [Client Component SSR]
    ./app/(home)/page.js [Client Component SSR]
    ./app/(home)/page.js [Server Component]

https://nextjs.org/docs/messages/module-not-found


    at <unknown> (Error: ./components/ui/context-menu.jsx:2:1)
    at <unknown> (https://nextjs.org/docs/messages/module-not-found)
    at <unknown> (Error: (./components/ui/context-menu.jsx:2:1)
    at <unknown> (https://nextjs.org/docs/messages/module-not-found)
[browser] ./components/ui/context-menu.jsx:2:1
Module not found: Can't resolve '@radix-ui/react-context-menu'
  1 | import * as React from "react"
> 2 | import * as ContextMenuPrimitive from "@radix-ui/react-context-menu"
    | ^^^^^^^^^^^^^^^^^^^^^^^^^^^^^^^^^^^^^^^^^^^^^^^^^^^^^^^^^^^^^^^^^^^^
  3 | import { Check, ChevronRight, Circle } from "lucide-react"
  4 |
  5 | import { cn } from "@/lib/utils"

Import traces:
  Client Component Browser:
    ./components/ui/context-menu.jsx [Client Component Browser]
    ./components/MenuItemCard.jsx [Client Component Browser]
    ./app/(home)/page.js [Client Component Browser]
    ./app/(home)/page.js [Server Component]

  Client Component SSR:
    ./components/ui/context-menu.jsx [Client Component SSR]
    ./components/MenuItemCard.jsx [Client Component SSR]
    ./app/(home)/page.js [Client Component SSR]
    ./app/(home)/page.js [Server Component]

https://nextjs.org/docs/messages/module-not-found 
[browser] ./components/ui/context-menu.jsx:2:1
Module not found: Can't resolve '@radix-ui/react-context-menu'
  1 | import * as React from "react"
> 2 | import * as ContextMenuPrimitive from "@radix-ui/react-context-menu"
    | ^^^^^^^^^^^^^^^^^^^^^^^^^^^^^^^^^^^^^^^^^^^^^^^^^^^^^^^^^^^^^^^^^^^^
  3 | import { Check, ChevronRight, Circle } from "lucide-react"
  4 |
  5 | import { cn } from "@/lib/utils"

Import traces:
  Client Component Browser:
    ./components/ui/context-menu.jsx [Client Component Browser]
    ./components/MenuItemCard.jsx [Client Component Browser]
    ./app/(home)/page.js [Client Component Browser]
    ./app/(home)/page.js [Server Component]

  Client Component SSR:
    ./components/ui/context-menu.jsx [Client Component SSR]
    ./components/MenuItemCard.jsx [Client Component SSR]
    ./app/(home)/page.js [Client Component SSR]
    ./app/(home)/page.js [Server Component]

https://nextjs.org/docs/messages/module-not-found 
 GET /worker.js 500 in 22ms (next.js: 9ms, application-code: 13ms)
[browser] ./components/ui/context-menu.jsx:2:1
Module not found: Can't resolve '@radix-ui/react-context-menu'
  1 | import * as React from "react"
> 2 | import * as ContextMenuPrimitive from "@radix-ui/react-context-menu"
    | ^^^^^^^^^^^^^^^^^^^^^^^^^^^^^^^^^^^^^^^^^^^^^^^^^^^^^^^^^^^^^^^^^^^^
  3 | import { Check, ChevronRight, Circle } from "lucide-react"
  4 |
  5 | import { cn } from "@/lib/utils"

Import traces:
  Client Component Browser:
    ./components/ui/context-menu.jsx [Client Component Browser]
    ./components/MenuItemCard.jsx [Client Component Browser]
    ./app/(home)/page.js [Client Component Browser]
    ./app/(home)/page.js [Server Component]

  Client Component SSR:
    ./components/ui/context-menu.jsx [Client Component SSR]
    ./components/MenuItemCard.jsx [Client Component SSR]
    ./app/(home)/page.js [Client Component SSR]
    ./app/(home)/page.js [Server Component]

https://nextjs.org/docs/messages/module-not-found 
 GET /worker.js 500 in 20ms (next.js: 5ms, application-code: 15ms)
[browser] ./components/ui/context-menu.jsx:2:1
Module not found: Can't resolve '@radix-ui/react-context-menu'
  1 | import * as React from "react"
> 2 | import * as ContextMenuPrimitive from "@radix-ui/react-context-menu"
    | ^^^^^^^^^^^^^^^^^^^^^^^^^^^^^^^^^^^^^^^^^^^^^^^^^^^^^^^^^^^^^^^^^^^^
  3 | import { Check, ChevronRight, Circle } from "lucide-react"
  4 |
  5 | import { cn } from "@/lib/utils"

Import traces:
  Client Component Browser:
    ./components/ui/context-menu.jsx [Client Component Browser]
    ./components/MenuItemCard.jsx [Client Component Browser]
    ./app/(home)/page.js [Client Component Browser]
    ./app/(home)/page.js [Server Component]

  Client Component SSR:
    ./components/ui/context-menu.jsx [Client Component SSR]
    ./components/MenuItemCard.jsx [Client Component SSR]
    ./app/(home)/page.js [Client Component SSR]
    ./app/(home)/page.js [Server Component]

https://nextjs.org/docs/messages/module-not-found 
[browser] ./components/ui/context-menu.jsx:2:1
Module not found: Can't resolve '@radix-ui/react-context-menu'
  1 | import * as React from "react"
> 2 | import * as ContextMenuPrimitive from "@radix-ui/react-context-menu"
    | ^^^^^^^^^^^^^^^^^^^^^^^^^^^^^^^^^^^^^^^^^^^^^^^^^^^^^^^^^^^^^^^^^^^^
  3 | import { Check, ChevronRight, Circle } from "lucide-react"
  4 |
  5 | import { cn } from "@/lib/utils"

Import traces:
  Client Component Browser:
    ./components/ui/context-menu.jsx [Client Component Browser]
    ./components/MenuItemCard.jsx [Client Component Browser]
    ./app/(home)/page.js [Client Component Browser]
    ./app/(home)/page.js [Server Component]

  Client Component SSR:
    ./components/ui/context-menu.jsx [Client Component SSR]
    ./components/MenuItemCard.jsx [Client Component SSR]
    ./app/(home)/page.js [Client Component SSR]
    ./app/(home)/page.js [Server Component]

https://nextjs.org/docs/messages/module-not-found 
⨯ ./components/ui/context-menu.jsx:2:1
Module not found: Can't resolve '@radix-ui/react-context-menu'
  [90m1 |[0m [36mimport[0m * [36mas[0m [33mReact[0m [36mfrom[0m [32m"react"[0m
[31m[1m>[0m [90m2 |[0m [36mimport[0m * [36mas[0m [33mContextMenuPrimitive[0m [36mfrom[0m [32m"@radix-ui/react-context-menu"[0m
  [90m  |[0m [31m[1m^^^^^^^^^^^^^^^^^^^^^^^^^^^^^^^^^^^^^^^^^^^^^^^^^^^^^^^^^^^^^^^^^^^^[0m
  [90m3 |[0m [36mimport[0m { [33mCheck[0m, [33mChevronRight[0m, [33mCircle[0m } [36mfrom[0m [32m"lucide-react"[0m
  [90m4 |[0m
  [90m5 |[0m [36mimport[0m { cn } [36mfrom[0m [32m"@/lib/utils"[0m



Import traces:
  Client Component Browser:
    ./components/ui/context-menu.jsx [Client Component Browser]
    ./components/MenuItemCard.jsx [Client Component Browser]
    ./app/(home)/page.js [Client Component Browser]
    ./app/(home)/page.js [Server Component]

  Client Component SSR:
    ./components/ui/context-menu.jsx [Client Component SSR]
    ./components/MenuItemCard.jsx [Client Component SSR]
    ./app/(home)/page.js [Client Component SSR]
    ./app/(home)/page.js [Server Component]

https://nextjs.org/docs/messages/module-not-found


⨯ ./components/ui/context-menu.jsx:2:1
Module not found: Can't resolve '@radix-ui/react-context-menu'
  [90m1 |[0m [36mimport[0m * [36mas[0m [33mReact[0m [36mfrom[0m [32m"react"[0m
[31m[1m>[0m [90m2 |[0m [36mimport[0m * [36mas[0m [33mContextMenuPrimitive[0m [36mfrom[0m [32m"@radix-ui/react-context-menu"[0m
  [90m  |[0m [31m[1m^^^^^^^^^^^^^^^^^^^^^^^^^^^^^^^^^^^^^^^^^^^^^^^^^^^^^^^^^^^^^^^^^^^^[0m
  [90m3 |[0m [36mimport[0m { [33mCheck[0m, [33mChevronRight[0m, [33mCircle[0m } [36mfrom[0m [32m"lucide-react"[0m
  [90m4 |[0m
  [90m5 |[0m [36mimport[0m { cn } [36mfrom[0m [32m"@/lib/utils"[0m



Import traces:
  Client Component Browser:
    ./components/ui/context-menu.jsx [Client Component Browser]
    ./components/MenuItemCard.jsx [Client Component Browser]
    ./app/(home)/page.js [Client Component Browser]
    ./app/(home)/page.js [Server Component]

  Client Component SSR:
    ./components/ui/context-menu.jsx [Client Component SSR]
    ./components/MenuItemCard.jsx [Client Component SSR]
    ./app/(home)/page.js [Client Component SSR]
    ./app/(home)/page.js [Server Component]

https://nextjs.org/docs/messages/module-not-found


 GET / 500 in 61ms (next.js: 33ms, application-code: 29ms)
 GET / 500 in 61ms (next.js: 47ms, application-code: 14ms)
⨯ ./components/ui/context-menu.jsx:2:1
Module not found: Can't resolve '@radix-ui/react-context-menu'
  [90m1 |[0m [36mimport[0m * [36mas[0m [33mReact[0m [36mfrom[0m [32m"react"[0m
[31m[1m>[0m [90m2 |[0m [36mimport[0m * [36mas[0m [33mContextMenuPrimitive[0m [36mfrom[0m [32m"@radix-ui/react-context-menu"[0m
  [90m  |[0m [31m[1m^^^^^^^^^^^^^^^^^^^^^^^^^^^^^^^^^^^^^^^^^^^^^^^^^^^^^^^^^^^^^^^^^^^^[0m
  [90m3 |[0m [36mimport[0m { [33mCheck[0m, [33mChevronRight[0m, [33mCircle[0m } [36mfrom[0m [32m"lucide-react"[0m
  [90m4 |[0m
  [90m5 |[0m [36mimport[0m { cn } [36mfrom[0m [32m"@/lib/utils"[0m



Import traces:
  Client Component Browser:
    ./components/ui/context-menu.jsx [Client Component Browser]
    ./components/MenuItemCard.jsx [Client Component Browser]
    ./app/(home)/page.js [Client Component Browser]
    ./app/(home)/page.js [Server Component]

  Client Component SSR:
    ./components/ui/context-menu.jsx [Client Component SSR]
    ./components/MenuItemCard.jsx [Client Component SSR]
    ./app/(home)/page.js [Client Component SSR]
    ./app/(home)/page.js [Server Component]

https://nextjs.org/docs/messages/module-not-found


 GET / 500 in 35ms (next.js: 18ms, application-code: 17ms)
⨯ ./components/ui/context-menu.jsx:2:1
Module not found: Can't resolve '@radix-ui/react-context-menu'
  [90m1 |[0m [36mimport[0m * [36mas[0m [33mReact[0m [36mfrom[0m [32m"react"[0m
[31m[1m>[0m [90m2 |[0m [36mimport[0m * [36mas[0m [33mContextMenuPrimitive[0m [36mfrom[0m [32m"@radix-ui/react-context-menu"[0m
  [90m  |[0m [31m[1m^^^^^^^^^^^^^^^^^^^^^^^^^^^^^^^^^^^^^^^^^^^^^^^^^^^^^^^^^^^^^^^^^^^^[0m
  [90m3 |[0m [36mimport[0m { [33mCheck[0m, [33mChevronRight[0m, [33mCircle[0m } [36mfrom[0m [32m"lucide-react"[0m
  [90m4 |[0m
  [90m5 |[0m [36mimport[0m { cn } [36mfrom[0m [32m"@/lib/utils"[0m



Import traces:
  Client Component Browser:
    ./components/ui/context-menu.jsx [Client Component Browser]
    ./components/MenuItemCard.jsx [Client Component Browser]
    ./app/(home)/page.js [Client Component Browser]
    ./app/(home)/page.js [Server Component]

  Client Component SSR:
    ./components/ui/context-menu.jsx [Client Component SSR]
    ./components/MenuItemCard.jsx [Client Component SSR]
    ./app/(home)/page.js [Client Component SSR]
    ./app/(home)/page.js [Server Component]

https://nextjs.org/docs/messages/module-not-found


 GET / 500 in 25ms (next.js: 11ms, application-code: 15ms)
[browser] Uncaught Error: ./components/ui/context-menu.jsx:2:1
Module not found: Can't resolve '@radix-ui/react-context-menu'
  1 | import * as React from "react"
> 2 | import * as ContextMenuPrimitive from "@radix-ui/react-context-menu"
    | ^^^^^^^^^^^^^^^^^^^^^^^^^^^^^^^^^^^^^^^^^^^^^^^^^^^^^^^^^^^^^^^^^^^^
  3 | import { Check, ChevronRight, Circle } from "lucide-react"
  4 |
  5 | import { cn } from "@/lib/utils"



Import traces:
  Client Component Browser:
    ./components/ui/context-menu.jsx [Client Component Browser]
    ./components/MenuItemCard.jsx [Client Component Browser]
    ./app/(home)/page.js [Client Component Browser]
    ./app/(home)/page.js [Server Component]

  Client Component SSR:
    ./components/ui/context-menu.jsx [Client Component SSR]
    ./components/MenuItemCard.jsx [Client Component SSR]
    ./app/(home)/page.js [Client Component SSR]
    ./app/(home)/page.js [Server Component]

https://nextjs.org/docs/messages/module-not-found


    at <unknown> (Error: ./components/ui/context-menu.jsx:2:1)
    at <unknown> (https://nextjs.org/docs/messages/module-not-found)
    at <unknown> (Error: (./components/ui/context-menu.jsx:2:1)
    at <unknown> (https://nextjs.org/docs/messages/module-not-found)
[browser] ./components/ui/context-menu.jsx:2:1
Module not found: Can't resolve '@radix-ui/react-context-menu'
  1 | import * as React from "react"
> 2 | import * as ContextMenuPrimitive from "@radix-ui/react-context-menu"
    | ^^^^^^^^^^^^^^^^^^^^^^^^^^^^^^^^^^^^^^^^^^^^^^^^^^^^^^^^^^^^^^^^^^^^
  3 | import { Check, ChevronRight, Circle } from "lucide-react"
  4 |
  5 | import { cn } from "@/lib/utils"

Import traces:
  Client Component Browser:
    ./components/ui/context-menu.jsx [Client Component Browser]
    ./components/MenuItemCard.jsx [Client Component Browser]
    ./app/(home)/page.js [Client Component Browser]
    ./app/(home)/page.js [Server Component]

  Client Component SSR:
    ./components/ui/context-menu.jsx [Client Component SSR]
    ./components/MenuItemCard.jsx [Client Component SSR]
    ./app/(home)/page.js [Client Component SSR]
    ./app/(home)/page.js [Server Component]

https://nextjs.org/docs/messages/module-not-found 
[browser] ./components/ui/context-menu.jsx:2:1
Module not found: Can't resolve '@radix-ui/react-context-menu'
  1 | import * as React from "react"
> 2 | import * as ContextMenuPrimitive from "@radix-ui/react-context-menu"
    | ^^^^^^^^^^^^^^^^^^^^^^^^^^^^^^^^^^^^^^^^^^^^^^^^^^^^^^^^^^^^^^^^^^^^
  3 | import { Check, ChevronRight, Circle } from "lucide-react"
  4 |
  5 | import { cn } from "@/lib/utils"

Import traces:
  Client Component Browser:
    ./components/ui/context-menu.jsx [Client Component Browser]
    ./components/MenuItemCard.jsx [Client Component Browser]
    ./app/(home)/page.js [Client Component Browser]
    ./app/(home)/page.js [Server Component]

  Client Component SSR:
    ./components/ui/context-menu.jsx [Client Component SSR]
    ./components/MenuItemCard.jsx [Client Component SSR]
    ./app/(home)/page.js [Client Component SSR]
    ./app/(home)/page.js [Server Component]

https://nextjs.org/docs/messages/module-not-found 
[browser] Uncaught Error: ./components/ui/context-menu.jsx:2:1
Module not found: Can't resolve '@radix-ui/react-context-menu'
  1 | import * as React from "react"
> 2 | import * as ContextMenuPrimitive from "@radix-ui/react-context-menu"
    | ^^^^^^^^^^^^^^^^^^^^^^^^^^^^^^^^^^^^^^^^^^^^^^^^^^^^^^^^^^^^^^^^^^^^
  3 | import { Check, ChevronRight, Circle } from "lucide-react"
  4 |
  5 | import { cn } from "@/lib/utils"



Import traces:
  Client Component Browser:
    ./components/ui/context-menu.jsx [Client Component Browser]
    ./components/MenuItemCard.jsx [Client Component Browser]
    ./app/(home)/page.js [Client Component Browser]
    ./app/(home)/page.js [Server Component]

  Client Component SSR:
    ./components/ui/context-menu.jsx [Client Component SSR]
    ./components/MenuItemCard.jsx [Client Component SSR]
    ./app/(home)/page.js [Client Component SSR]
    ./app/(home)/page.js [Server Component]

https://nextjs.org/docs/messages/module-not-found


    at <unknown> (Error: ./components/ui/context-menu.jsx:2:1)
    at <unknown> (https://nextjs.org/docs/messages/module-not-found)
    at <unknown> (Error: (./components/ui/context-menu.jsx:2:1)
    at <unknown> (https://nextjs.org/docs/messages/module-not-found)
[browser] ./components/ui/context-menu.jsx:2:1
Module not found: Can't resolve '@radix-ui/react-context-menu'
  1 | import * as React from "react"
> 2 | import * as ContextMenuPrimitive from "@radix-ui/react-context-menu"
    | ^^^^^^^^^^^^^^^^^^^^^^^^^^^^^^^^^^^^^^^^^^^^^^^^^^^^^^^^^^^^^^^^^^^^
  3 | import { Check, ChevronRight, Circle } from "lucide-react"
  4 |
  5 | import { cn } from "@/lib/utils"

Import traces:
  Client Component Browser:
    ./components/ui/context-menu.jsx [Client Component Browser]
    ./components/MenuItemCard.jsx [Client Component Browser]
    ./app/(home)/page.js [Client Component Browser]
    ./app/(home)/page.js [Server Component]

  Client Component SSR:
    ./components/ui/context-menu.jsx [Client Component SSR]
    ./components/MenuItemCard.jsx [Client Component SSR]
    ./app/(home)/page.js [Client Component SSR]
    ./app/(home)/page.js [Server Component]

https://nextjs.org/docs/messages/module-not-found 
 GET /worker.js 500 in 35ms (next.js: 10ms, application-code: 25ms)
[browser] ./components/ui/context-menu.jsx:2:1
Module not found: Can't resolve '@radix-ui/react-context-menu'
  1 | import * as React from "react"
> 2 | import * as ContextMenuPrimitive from "@radix-ui/react-context-menu"
    | ^^^^^^^^^^^^^^^^^^^^^^^^^^^^^^^^^^^^^^^^^^^^^^^^^^^^^^^^^^^^^^^^^^^^
  3 | import { Check, ChevronRight, Circle } from "lucide-react"
  4 |
  5 | import { cn } from "@/lib/utils"

Import traces:
  Client Component Browser:
    ./components/ui/context-menu.jsx [Client Component Browser]
    ./components/MenuItemCard.jsx [Client Component Browser]
    ./app/(home)/page.js [Client Component Browser]
    ./app/(home)/page.js [Server Component]

  Client Component SSR:
    ./components/ui/context-menu.jsx [Client Component SSR]
    ./components/MenuItemCard.jsx [Client Component SSR]
    ./app/(home)/page.js [Client Component SSR]
    ./app/(home)/page.js [Server Component]

https://nextjs.org/docs/messages/module-not-found 
 GET /worker.js 500 in 18ms (next.js: 5ms, application-code: 13ms)
[browser] ./components/ui/context-menu.jsx:2:1
Module not found: Can't resolve '@radix-ui/react-context-menu'
  1 | import * as React from "react"
> 2 | import * as ContextMenuPrimitive from "@radix-ui/react-context-menu"
    | ^^^^^^^^^^^^^^^^^^^^^^^^^^^^^^^^^^^^^^^^^^^^^^^^^^^^^^^^^^^^^^^^^^^^
  3 | import { Check, ChevronRight, Circle } from "lucide-react"
  4 |
  5 | import { cn } from "@/lib/utils"

Import traces:
  Client Component Browser:
    ./components/ui/context-menu.jsx [Client Component Browser]
    ./components/MenuItemCard.jsx [Client Component Browser]
    ./app/(home)/page.js [Client Component Browser]
    ./app/(home)/page.js [Server Component]

  Client Component SSR:
    ./components/ui/context-menu.jsx [Client Component SSR]
    ./components/MenuItemCard.jsx [Client Component SSR]
    ./app/(home)/page.js [Client Component SSR]
    ./app/(home)/page.js [Server Component]

https://nextjs.org/docs/messages/module-not-found 
 GET /worker.js 500 in 21ms (next.js: 8ms, application-code: 13ms)
[browser] ./components/ui/context-menu.jsx:2:1
Module not found: Can't resolve '@radix-ui/react-context-menu'
  1 | import * as React from "react"
> 2 | import * as ContextMenuPrimitive from "@radix-ui/react-context-menu"
    | ^^^^^^^^^^^^^^^^^^^^^^^^^^^^^^^^^^^^^^^^^^^^^^^^^^^^^^^^^^^^^^^^^^^^
  3 | import { Check, ChevronRight, Circle } from "lucide-react"
  4 |
  5 | import { cn } from "@/lib/utils"

Import traces:
  Client Component Browser:
    ./components/ui/context-menu.jsx [Client Component Browser]
    ./components/MenuItemCard.jsx [Client Component Browser]
    ./app/(home)/page.js [Client Component Browser]
    ./app/(home)/page.js [Server Component]

  Client Component SSR:
    ./components/ui/context-menu.jsx [Client Component SSR]
    ./components/MenuItemCard.jsx [Client Component SSR]
    ./app/(home)/page.js [Client Component SSR]
    ./app/(home)/page.js [Server Component]

https://nextjs.org/docs/messages/module-not-found 
[browser] ./components/ui/context-menu.jsx:2:1
Module not found: Can't resolve '@radix-ui/react-context-menu'
  1 | import * as React from "react"
> 2 | import * as ContextMenuPrimitive from "@radix-ui/react-context-menu"
    | ^^^^^^^^^^^^^^^^^^^^^^^^^^^^^^^^^^^^^^^^^^^^^^^^^^^^^^^^^^^^^^^^^^^^
  3 | import { Check, ChevronRight, Circle } from "lucide-react"
  4 |
  5 | import { cn } from "@/lib/utils"

Import traces:
  Client Component Browser:
    ./components/ui/context-menu.jsx [Client Component Browser]
    ./components/MenuItemCard.jsx [Client Component Browser]
    ./app/(home)/page.js [Client Component Browser]
    ./app/(home)/page.js [Server Component]

  Client Component SSR:
    ./components/ui/context-menu.jsx [Client Component SSR]
    ./components/MenuItemCard.jsx [Client Component SSR]
    ./app/(home)/page.js [Client Component SSR]
    ./app/(home)/page.js [Server Component]

https://nextjs.org/docs/messages/module-not-found 
[browser] ./components/ui/context-menu.jsx:2:1
Module not found: Can't resolve '@radix-ui/react-context-menu'
  1 | import * as React from "react"
> 2 | import * as ContextMenuPrimitive from "@radix-ui/react-context-menu"
    | ^^^^^^^^^^^^^^^^^^^^^^^^^^^^^^^^^^^^^^^^^^^^^^^^^^^^^^^^^^^^^^^^^^^^
  3 | import { Check, ChevronRight, Circle } from "lucide-react"
  4 |
  5 | import { cn } from "@/lib/utils"

Import traces:
  Client Component Browser:
    ./components/ui/context-menu.jsx [Client Component Browser]
    ./components/MenuItemCard.jsx [Client Component Browser]
    ./app/(home)/page.js [Client Component Browser]
    ./app/(home)/page.js [Server Component]

  Client Component SSR:
    ./components/ui/context-menu.jsx [Client Component SSR]
    ./components/MenuItemCard.jsx [Client Component SSR]
    ./app/(home)/page.js [Client Component SSR]
    ./app/(home)/page.js [Server Component]

https://nextjs.org/docs/messages/module-not-found 
[browser] ./components/ui/context-menu.jsx:2:1
Module not found: Can't resolve '@radix-ui/react-context-menu'
  1 | import * as React from "react"
> 2 | import * as ContextMenuPrimitive from "@radix-ui/react-context-menu"
    | ^^^^^^^^^^^^^^^^^^^^^^^^^^^^^^^^^^^^^^^^^^^^^^^^^^^^^^^^^^^^^^^^^^^^
  3 | import { Check, ChevronRight, Circle } from "lucide-react"
  4 |
  5 | import { cn } from "@/lib/utils"

Import traces:
  Client Component Browser:
    ./components/ui/context-menu.jsx [Client Component Browser]
    ./components/MenuItemCard.jsx [Client Component Browser]
    ./app/(home)/page.js [Client Component Browser]
    ./app/(home)/page.js [Server Component]

  Client Component SSR:
    ./components/ui/context-menu.jsx [Client Component SSR]
    ./components/MenuItemCard.jsx [Client Component SSR]
    ./app/(home)/page.js [Client Component SSR]
    ./app/(home)/page.js [Server Component]

https://nextjs.org/docs/messages/module-not-found 
[browser] ./components/ui/context-menu.jsx:2:1
Module not found: Can't resolve '@radix-ui/react-context-menu'
  1 | import * as React from "react"
> 2 | import * as ContextMenuPrimitive from "@radix-ui/react-context-menu"
    | ^^^^^^^^^^^^^^^^^^^^^^^^^^^^^^^^^^^^^^^^^^^^^^^^^^^^^^^^^^^^^^^^^^^^
  3 | import { Check, ChevronRight, Circle } from "lucide-react"
  4 |
  5 | import { cn } from "@/lib/utils"

Import traces:
  Client Component Browser:
    ./components/ui/context-menu.jsx [Client Component Browser]
    ./components/MenuItemCard.jsx [Client Component Browser]
    ./app/(home)/page.js [Client Component Browser]
    ./app/(home)/page.js [Server Component]

  Client Component SSR:
    ./components/ui/context-menu.jsx [Client Component SSR]
    ./components/MenuItemCard.jsx [Client Component SSR]
    ./app/(home)/page.js [Client Component SSR]
    ./app/(home)/page.js [Server Component]

https://nextjs.org/docs/messages/module-not-found 
[browser] ./components/ui/context-menu.jsx:2:1
Module not found: Can't resolve '@radix-ui/react-context-menu'
  1 | import * as React from "react"
> 2 | import * as ContextMenuPrimitive from "@radix-ui/react-context-menu"
    | ^^^^^^^^^^^^^^^^^^^^^^^^^^^^^^^^^^^^^^^^^^^^^^^^^^^^^^^^^^^^^^^^^^^^
  3 | import { Check, ChevronRight, Circle } from "lucide-react"
  4 |
  5 | import { cn } from "@/lib/utils"

Import traces:
  Client Component Browser:
    ./components/ui/context-menu.jsx [Client Component Browser]
    ./components/MenuItemCard.jsx [Client Component Browser]
    ./app/(home)/page.js [Client Component Browser]
    ./app/(home)/page.js [Server Component]

  Client Component SSR:
    ./components/ui/context-menu.jsx [Client Component SSR]
    ./components/MenuItemCard.jsx [Client Component SSR]
    ./app/(home)/page.js [Client Component SSR]
    ./app/(home)/page.js [Server Component]

https://nextjs.org/docs/messages/module-not-found 
[browser] ./components/ui/context-menu.jsx:2:1
Module not found: Can't resolve '@radix-ui/react-context-menu'
  1 | import * as React from "react"
> 2 | import * as ContextMenuPrimitive from "@radix-ui/react-context-menu"
    | ^^^^^^^^^^^^^^^^^^^^^^^^^^^^^^^^^^^^^^^^^^^^^^^^^^^^^^^^^^^^^^^^^^^^
  3 | import { Check, ChevronRight, Circle } from "lucide-react"
  4 |
  5 | import { cn } from "@/lib/utils"

Import traces:
  Client Component Browser:
    ./components/ui/context-menu.jsx [Client Component Browser]
    ./components/MenuItemCard.jsx [Client Component Browser]
    ./app/(home)/page.js [Client Component Browser]
    ./app/(home)/page.js [Server Component]

  Client Component SSR:
    ./components/ui/context-menu.jsx [Client Component SSR]
    ./components/MenuItemCard.jsx [Client Component SSR]
    ./app/(home)/page.js [Client Component SSR]
    ./app/(home)/page.js [Server Component]

https://nextjs.org/docs/messages/module-not-found 
[browser] ./components/ui/context-menu.jsx:2:1
Module not found: Can't resolve '@radix-ui/react-context-menu'
  1 | import * as React from "react"
> 2 | import * as ContextMenuPrimitive from "@radix-ui/react-context-menu"
    | ^^^^^^^^^^^^^^^^^^^^^^^^^^^^^^^^^^^^^^^^^^^^^^^^^^^^^^^^^^^^^^^^^^^^
  3 | import { Check, ChevronRight, Circle } from "lucide-react"
  4 |
  5 | import { cn } from "@/lib/utils"

Import traces:
  Client Component Browser:
    ./components/ui/context-menu.jsx [Client Component Browser]
    ./components/MenuItemCard.jsx [Client Component Browser]
    ./app/(home)/page.js [Client Component Browser]
    ./app/(home)/page.js [Server Component]

  Client Component SSR:
    ./components/ui/context-menu.jsx [Client Component SSR]
    ./components/MenuItemCard.jsx [Client Component SSR]
    ./app/(home)/page.js [Client Component SSR]
    ./app/(home)/page.js [Server Component]

https://nextjs.org/docs/messages/module-not-found 
⨯ ./components/ui/context-menu.jsx:2:1
Module not found: Can't resolve '@radix-ui/react-context-menu'
  [90m1 |[0m [36mimport[0m * [36mas[0m [33mReact[0m [36mfrom[0m [32m"react"[0m
[31m[1m>[0m [90m2 |[0m [36mimport[0m * [36mas[0m [33mContextMenuPrimitive[0m [36mfrom[0m [32m"@radix-ui/react-context-menu"[0m
  [90m  |[0m [31m[1m^^^^^^^^^^^^^^^^^^^^^^^^^^^^^^^^^^^^^^^^^^^^^^^^^^^^^^^^^^^^^^^^^^^^[0m
  [90m3 |[0m [36mimport[0m { [33mCheck[0m, [33mChevronRight[0m, [33mCircle[0m } [36mfrom[0m [32m"lucide-react"[0m
  [90m4 |[0m
  [90m5 |[0m [36mimport[0m { cn } [36mfrom[0m [32m"@/lib/utils"[0m



Import traces:
  Client Component Browser:
    ./components/ui/context-menu.jsx [Client Component Browser]
    ./components/MenuItemCard.jsx [Client Component Browser]
    ./app/(home)/page.js [Client Component Browser]
    ./app/(home)/page.js [Server Component]

  Client Component SSR:
    ./components/ui/context-menu.jsx [Client Component SSR]
    ./components/MenuItemCard.jsx [Client Component SSR]
    ./app/(home)/page.js [Client Component SSR]
    ./app/(home)/page.js [Server Component]

https://nextjs.org/docs/messages/module-not-found


 GET / 500 in 38ms (next.js: 14ms, application-code: 24ms)
[browser] ./components/ui/context-menu.jsx:2:1
Module not found: Can't resolve '@radix-ui/react-context-menu'
  1 | import * as React from "react"
> 2 | import * as ContextMenuPrimitive from "@radix-ui/react-context-menu"
    | ^^^^^^^^^^^^^^^^^^^^^^^^^^^^^^^^^^^^^^^^^^^^^^^^^^^^^^^^^^^^^^^^^^^^
  3 | import { Check, ChevronRight, Circle } from "lucide-react"
  4 |
  5 | import { cn } from "@/lib/utils"

Import traces:
  Client Component Browser:
    ./components/ui/context-menu.jsx [Client Component Browser]
    ./components/MenuItemCard.jsx [Client Component Browser]
    ./app/(home)/page.js [Client Component Browser]
    ./app/(home)/page.js [Server Component]

  Client Component SSR:
    ./components/ui/context-menu.jsx [Client Component SSR]
    ./components/MenuItemCard.jsx [Client Component SSR]
    ./app/(home)/page.js [Client Component SSR]
    ./app/(home)/page.js [Server Component]

https://nextjs.org/docs/messages/module-not-found 
[browser] Uncaught Error: ./components/ui/context-menu.jsx:2:1
Module not found: Can't resolve '@radix-ui/react-context-menu'
  1 | import * as React from "react"
> 2 | import * as ContextMenuPrimitive from "@radix-ui/react-context-menu"
    | ^^^^^^^^^^^^^^^^^^^^^^^^^^^^^^^^^^^^^^^^^^^^^^^^^^^^^^^^^^^^^^^^^^^^
  3 | import { Check, ChevronRight, Circle } from "lucide-react"
  4 |
  5 | import { cn } from "@/lib/utils"



Import traces:
  Client Component Browser:
    ./components/ui/context-menu.jsx [Client Component Browser]
    ./components/MenuItemCard.jsx [Client Component Browser]
    ./app/(home)/page.js [Client Component Browser]
    ./app/(home)/page.js [Server Component]

  Client Component SSR:
    ./components/ui/context-menu.jsx [Client Component SSR]
    ./components/MenuItemCard.jsx [Client Component SSR]
    ./app/(home)/page.js [Client Component SSR]
    ./app/(home)/page.js [Server Component]

https://nextjs.org/docs/messages/module-not-found


    at <unknown> (Error: ./components/ui/context-menu.jsx:2:1)
    at <unknown> (https://nextjs.org/docs/messages/module-not-found)
    at <unknown> (Error: (./components/ui/context-menu.jsx:2:1)
    at <unknown> (https://nextjs.org/docs/messages/module-not-found)
[browser] ./components/ui/context-menu.jsx:2:1
Module not found: Can't resolve '@radix-ui/react-context-menu'
  1 | import * as React from "react"
> 2 | import * as ContextMenuPrimitive from "@radix-ui/react-context-menu"
    | ^^^^^^^^^^^^^^^^^^^^^^^^^^^^^^^^^^^^^^^^^^^^^^^^^^^^^^^^^^^^^^^^^^^^
  3 | import { Check, ChevronRight, Circle } from "lucide-react"
  4 |
  5 | import { cn } from "@/lib/utils"

Import traces:
  Client Component Browser:
    ./components/ui/context-menu.jsx [Client Component Browser]
    ./components/MenuItemCard.jsx [Client Component Browser]
    ./app/(home)/page.js [Client Component Browser]
    ./app/(home)/page.js [Server Component]

  Client Component SSR:
    ./components/ui/context-menu.jsx [Client Component SSR]
    ./components/MenuItemCard.jsx [Client Component SSR]
    ./app/(home)/page.js [Client Component SSR]
    ./app/(home)/page.js [Server Component]

https://nextjs.org/docs/messages/module-not-found 
[browser] ./components/ui/context-menu.jsx:2:1
Module not found: Can't resolve '@radix-ui/react-context-menu'
  1 | import * as React from "react"
> 2 | import * as ContextMenuPrimitive from "@radix-ui/react-context-menu"
    | ^^^^^^^^^^^^^^^^^^^^^^^^^^^^^^^^^^^^^^^^^^^^^^^^^^^^^^^^^^^^^^^^^^^^
  3 | import { Check, ChevronRight, Circle } from "lucide-react"
  4 |
  5 | import { cn } from "@/lib/utils"

Import traces:
  Client Component Browser:
    ./components/ui/context-menu.jsx [Client Component Browser]
    ./components/MenuItemCard.jsx [Client Component Browser]
    ./app/(home)/page.js [Client Component Browser]
    ./app/(home)/page.js [Server Component]

  Client Component SSR:
    ./components/ui/context-menu.jsx [Client Component SSR]
    ./components/MenuItemCard.jsx [Client Component SSR]
    ./app/(home)/page.js [Client Component SSR]
    ./app/(home)/page.js [Server Component]

https://nextjs.org/docs/messages/module-not-found 
⨯ ./components/ui/context-menu.jsx:2:1
Module not found: Can't resolve '@radix-ui/react-context-menu'
  [90m1 |[0m [36mimport[0m * [36mas[0m [33mReact[0m [36mfrom[0m [32m"react"[0m
[31m[1m>[0m [90m2 |[0m [36mimport[0m * [36mas[0m [33mContextMenuPrimitive[0m [36mfrom[0m [32m"@radix-ui/react-context-menu"[0m
  [90m  |[0m [31m[1m^^^^^^^^^^^^^^^^^^^^^^^^^^^^^^^^^^^^^^^^^^^^^^^^^^^^^^^^^^^^^^^^^^^^[0m
  [90m3 |[0m [36mimport[0m { [33mCheck[0m, [33mChevronRight[0m, [33mCircle[0m } [36mfrom[0m [32m"lucide-react"[0m
  [90m4 |[0m
  [90m5 |[0m [36mimport[0m { cn } [36mfrom[0m [32m"@/lib/utils"[0m



Import traces:
  Client Component Browser:
    ./components/ui/context-menu.jsx [Client Component Browser]
    ./components/MenuItemCard.jsx [Client Component Browser]
    ./app/(home)/page.js [Client Component Browser]
    ./app/(home)/page.js [Server Component]

  Client Component SSR:
    ./components/ui/context-menu.jsx [Client Component SSR]
    ./components/MenuItemCard.jsx [Client Component SSR]
    ./app/(home)/page.js [Client Component SSR]
    ./app/(home)/page.js [Server Component]

https://nextjs.org/docs/messages/module-not-found


 GET / 500 in 29ms (next.js: 11ms, application-code: 19ms)
[browser] Uncaught Error: ./components/ui/context-menu.jsx:2:1
Module not found: Can't resolve '@radix-ui/react-context-menu'
  1 | import * as React from "react"
> 2 | import * as ContextMenuPrimitive from "@radix-ui/react-context-menu"
    | ^^^^^^^^^^^^^^^^^^^^^^^^^^^^^^^^^^^^^^^^^^^^^^^^^^^^^^^^^^^^^^^^^^^^
  3 | import { Check, ChevronRight, Circle } from "lucide-react"
  4 |
  5 | import { cn } from "@/lib/utils"



Import traces:
  Client Component Browser:
    ./components/ui/context-menu.jsx [Client Component Browser]
    ./components/MenuItemCard.jsx [Client Component Browser]
    ./app/(home)/page.js [Client Component Browser]
    ./app/(home)/page.js [Server Component]

  Client Component SSR:
    ./components/ui/context-menu.jsx [Client Component SSR]
    ./components/MenuItemCard.jsx [Client Component SSR]
    ./app/(home)/page.js [Client Component SSR]
    ./app/(home)/page.js [Server Component]

https://nextjs.org/docs/messages/module-not-found


    at <unknown> (Error: ./components/ui/context-menu.jsx:2:1)
    at <unknown> (https://nextjs.org/docs/messages/module-not-found)
    at <unknown> (Error: (./components/ui/context-menu.jsx:2:1)
    at <unknown> (https://nextjs.org/docs/messages/module-not-found)
[browser] ./components/ui/context-menu.jsx:2:1
Module not found: Can't resolve '@radix-ui/react-context-menu'
  1 | import * as React from "react"
> 2 | import * as ContextMenuPrimitive from "@radix-ui/react-context-menu"
    | ^^^^^^^^^^^^^^^^^^^^^^^^^^^^^^^^^^^^^^^^^^^^^^^^^^^^^^^^^^^^^^^^^^^^
  3 | import { Check, ChevronRight, Circle } from "lucide-react"
  4 |
  5 | import { cn } from "@/lib/utils"

Import traces:
  Client Component Browser:
    ./components/ui/context-menu.jsx [Client Component Browser]
    ./components/MenuItemCard.jsx [Client Component Browser]
    ./app/(home)/page.js [Client Component Browser]
    ./app/(home)/page.js [Server Component]

  Client Component SSR:
    ./components/ui/context-menu.jsx [Client Component SSR]
    ./components/MenuItemCard.jsx [Client Component SSR]
    ./app/(home)/page.js [Client Component SSR]
    ./app/(home)/page.js [Server Component]

https://nextjs.org/docs/messages/module-not-found 
[browser] ./components/ui/context-menu.jsx:2:1
Module not found: Can't resolve '@radix-ui/react-context-menu'
  1 | import * as React from "react"
> 2 | import * as ContextMenuPrimitive from "@radix-ui/react-context-menu"
    | ^^^^^^^^^^^^^^^^^^^^^^^^^^^^^^^^^^^^^^^^^^^^^^^^^^^^^^^^^^^^^^^^^^^^
  3 | import { Check, ChevronRight, Circle } from "lucide-react"
  4 |
  5 | import { cn } from "@/lib/utils"

Import traces:
  Client Component Browser:
    ./components/ui/context-menu.jsx [Client Component Browser]
    ./components/MenuItemCard.jsx [Client Component Browser]
    ./app/(home)/page.js [Client Component Browser]
    ./app/(home)/page.js [Server Component]

  Client Component SSR:
    ./components/ui/context-menu.jsx [Client Component SSR]
    ./components/MenuItemCard.jsx [Client Component SSR]
    ./app/(home)/page.js [Client Component SSR]
    ./app/(home)/page.js [Server Component]

https://nextjs.org/docs/messages/module-not-found 
[browser] ./components/ui/context-menu.jsx:2:1
Module not found: Can't resolve '@radix-ui/react-context-menu'
  1 | import * as React from "react"
> 2 | import * as ContextMenuPrimitive from "@radix-ui/react-context-menu"
    | ^^^^^^^^^^^^^^^^^^^^^^^^^^^^^^^^^^^^^^^^^^^^^^^^^^^^^^^^^^^^^^^^^^^^
  3 | import { Check, ChevronRight, Circle } from "lucide-react"
  4 |
  5 | import { cn } from "@/lib/utils"

Import traces:
  Client Component Browser:
    ./components/ui/context-menu.jsx [Client Component Browser]
    ./components/MenuItemCard.jsx [Client Component Browser]
    ./app/(home)/page.js [Client Component Browser]
    ./app/(home)/page.js [Server Component]

  Client Component SSR:
    ./components/ui/context-menu.jsx [Client Component SSR]
    ./components/MenuItemCard.jsx [Client Component SSR]
    ./app/(home)/page.js [Client Component SSR]
    ./app/(home)/page.js [Server Component]

https://nextjs.org/docs/messages/module-not-found 
[browser] ./components/ui/context-menu.jsx:2:1
Module not found: Can't resolve '@radix-ui/react-context-menu'
  1 | import * as React from "react"
> 2 | import * as ContextMenuPrimitive from "@radix-ui/react-context-menu"
    | ^^^^^^^^^^^^^^^^^^^^^^^^^^^^^^^^^^^^^^^^^^^^^^^^^^^^^^^^^^^^^^^^^^^^
  3 | import { Check, ChevronRight, Circle } from "lucide-react"
  4 |
  5 | import { cn } from "@/lib/utils"

Import traces:
  Client Component Browser:
    ./components/ui/context-menu.jsx [Client Component Browser]
    ./components/MenuItemCard.jsx [Client Component Browser]
    ./app/(home)/page.js [Client Component Browser]
    ./app/(home)/page.js [Server Component]

  Client Component SSR:
    ./components/ui/context-menu.jsx [Client Component SSR]
    ./components/MenuItemCard.jsx [Client Component SSR]
    ./app/(home)/page.js [Client Component SSR]
    ./app/(home)/page.js [Server Component]

https://nextjs.org/docs/messages/module-not-found 
[browser] ./components/ui/context-menu.jsx:2:1
Module not found: Can't resolve '@radix-ui/react-context-menu'
  1 | import * as React from "react"
> 2 | import * as ContextMenuPrimitive from "@radix-ui/react-context-menu"
    | ^^^^^^^^^^^^^^^^^^^^^^^^^^^^^^^^^^^^^^^^^^^^^^^^^^^^^^^^^^^^^^^^^^^^
  3 | import { Check, ChevronRight, Circle } from "lucide-react"
  4 |
  5 | import { cn } from "@/lib/utils"

Import traces:
  Client Component Browser:
    ./components/ui/context-menu.jsx [Client Component Browser]
    ./components/MenuItemCard.jsx [Client Component Browser]
    ./app/(home)/page.js [Client Component Browser]
    ./app/(home)/page.js [Server Component]

  Client Component SSR:
    ./components/ui/context-menu.jsx [Client Component SSR]
    ./components/MenuItemCard.jsx [Client Component SSR]
    ./app/(home)/page.js [Client Component SSR]
    ./app/(home)/page.js [Server Component]

https://nextjs.org/docs/messages/module-not-found 
[browser] ./components/ui/context-menu.jsx:2:1
Module not found: Can't resolve '@radix-ui/react-context-menu'
  1 | import * as React from "react"
> 2 | import * as ContextMenuPrimitive from "@radix-ui/react-context-menu"
    | ^^^^^^^^^^^^^^^^^^^^^^^^^^^^^^^^^^^^^^^^^^^^^^^^^^^^^^^^^^^^^^^^^^^^
  3 | import { Check, ChevronRight, Circle } from "lucide-react"
  4 |
  5 | import { cn } from "@/lib/utils"

Import traces:
  Client Component Browser:
    ./components/ui/context-menu.jsx [Client Component Browser]
    ./components/MenuItemCard.jsx [Client Component Browser]
    ./app/(home)/page.js [Client Component Browser]
    ./app/(home)/page.js [Server Component]

  Client Component SSR:
    ./components/ui/context-menu.jsx [Client Component SSR]
    ./components/MenuItemCard.jsx [Client Component SSR]
    ./app/(home)/page.js [Client Component SSR]
    ./app/(home)/page.js [Server Component]

https://nextjs.org/docs/messages/module-not-found 
 GET / 200 in 2.6s (next.js: 502ms, application-code: 2.0s)
 GET / 200 in 4.6s (next.js: 534ms, application-code: 4.0s)
 GET / 200 in 2.1s (next.js: 8ms, application-code: 2.0s)
 GET / 200 in 1909ms (next.js: 13ms, application-code: 1896ms)
 GET /worker.js 404 in 1921ms (next.js: 104ms, application-code: 1817ms)
 GET / 200 in 359ms (next.js: 15ms, application-code: 345ms)
 GET / 200 in 360ms (next.js: 62ms, application-code: 298ms)
 GET /api/products 404 in 109ms (next.js: 5ms, application-code: 104ms)
 GET /api/products 404 in 101ms (next.js: 8ms, application-code: 93ms)
 GET /worker.js 404 in 58ms (next.js: 4ms, application-code: 54ms)
 GET /worker.js 404 in 153ms (next.js: 12ms, application-code: 141ms)
 GET / 200 in 17ms (next.js: 6ms, application-code: 11ms)
 GET / 200 in 40ms (next.js: 4ms, application-code: 36ms)
 GET /orders 200 in 115ms (next.js: 61ms, application-code: 55ms)
 GET /api/orders?sort=-created_date&limit=50 404 in 196ms (next.js: 6ms, application-code: 190ms)
 GET /api/orders?sort=-created_date&limit=50 404 in 118ms (next.js: 11ms, application-code: 107ms)
 GET /api/orders?sort=-created_date&limit=100 404 in 145ms (next.js: 5ms, application-code: 140ms)
 GET /api/orders?sort=-created_date&limit=50 404 in 76ms (next.js: 6ms, application-code: 70ms)
 GET / 200 in 35ms (next.js: 5ms, application-code: 30ms)
 GET /api/orders?sort=-created_date&limit=100 404 in 425ms (next.js: 9ms, application-code: 416ms)
 GET /api/products 404 in 324ms (next.js: 28ms, application-code: 297ms)
 GET /api/orders?sort=-created_date&limit=50 404 in 306ms (next.js: 98ms, application-code: 209ms)
 GET /api/products 404 in 88ms (next.js: 8ms, application-code: 80ms)
 GET /worker.js 404 in 53ms (next.js: 4ms, application-code: 49ms)
✓ Compiled in 317ms
✓ Compiled in 174ms
 GET / 200 in 217ms (next.js: 92ms, application-code: 125ms)
 GET / 200 in 78ms (next.js: 6ms, application-code: 72ms)
✓ Compiled in 1224ms
 GET / 200 in 3.0s (next.js: 944ms, application-code: 2.1s)
 GET / 200 in 761ms (next.js: 91ms, application-code: 670ms)
 GET / 200 in 760ms (next.js: 158ms, application-code: 603ms)
 GET / 200 in 761ms (next.js: 125ms, application-code: 636ms)
 GET / 200 in 1374ms (next.js: 146ms, application-code: 1228ms)
 GET / 200 in 3.3s (next.js: 1011ms, application-code: 2.3s)
 GET / 200 in 1391ms (next.js: 214ms, application-code: 1177ms)
 GET / 200 in 1042ms (next.js: 294ms, application-code: 748ms)
 GET / 200 in 1046ms (next.js: 259ms, application-code: 787ms)
 GET / 200 in 1045ms (next.js: 331ms, application-code: 714ms)
 GET / 200 in 1413ms (next.js: 15ms, application-code: 1399ms)
 GET / 200 in 1105ms (next.js: 22ms, application-code: 1083ms)
 GET / 200 in 520ms (next.js: 12ms, application-code: 508ms)
 GET / 200 in 1443ms (next.js: 7ms, application-code: 1436ms)
 GET / 200 in 1226ms (next.js: 104ms, application-code: 1121ms)
 GET / 200 in 1275ms (next.js: 145ms, application-code: 1130ms)
 GET / 200 in 1303ms (next.js: 57ms, application-code: 1246ms)
 GET / 200 in 1309ms (next.js: 15ms, application-code: 1294ms)
 GET / 200 in 441ms (next.js: 8ms, application-code: 433ms)
 GET / 200 in 439ms (next.js: 95ms, application-code: 344ms)
 GET / 200 in 408ms (next.js: 25ms, application-code: 383ms)
 GET / 200 in 332ms (next.js: 11ms, application-code: 321ms)
 GET / 200 in 333ms (next.js: 70ms, application-code: 262ms)
 GET / 200 in 291ms (next.js: 71ms, application-code: 220ms)
 GET / 200 in 795ms (next.js: 7ms, application-code: 788ms)
 GET / 200 in 733ms (next.js: 9ms, application-code: 724ms)
 GET / 200 in 741ms (next.js: 26ms, application-code: 715ms)
 GET / 200 in 416ms (next.js: 160ms, application-code: 255ms)
 GET / 200 in 218ms (next.js: 28ms, application-code: 189ms)
 GET / 200 in 248ms (next.js: 49ms, application-code: 199ms)
 GET /api/products 404 in 817ms (next.js: 201ms, application-code: 616ms)
 GET / 200 in 337ms (next.js: 6ms, application-code: 331ms)
 GET / 200 in 304ms (next.js: 5ms, application-code: 299ms)
 GET / 200 in 361ms (next.js: 5ms, application-code: 357ms)
 GET / 200 in 312ms (next.js: 12ms, application-code: 300ms)
 GET / 200 in 268ms (next.js: 5ms, application-code: 263ms)
 GET / 200 in 304ms (next.js: 79ms, application-code: 224ms)
 GET / 200 in 290ms (next.js: 6ms, application-code: 284ms)
 GET / 200 in 242ms (next.js: 6ms, application-code: 236ms)
 GET / 200 in 252ms (next.js: 5ms, application-code: 247ms)
 GET / 200 in 273ms (next.js: 5ms, application-code: 268ms)
 GET / 200 in 239ms (next.js: 6ms, application-code: 233ms)
 GET / 200 in 310ms (next.js: 44ms, application-code: 267ms)
 GET / 200 in 374ms (next.js: 7ms, application-code: 368ms)
 GET / 200 in 329ms (next.js: 8ms, application-code: 321ms)
 GET / 200 in 324ms (next.js: 20ms, application-code: 304ms)
 GET / 200 in 255ms (next.js: 8ms, application-code: 247ms)
 GET / 200 in 290ms (next.js: 10ms, application-code: 280ms)
 GET / 200 in 292ms (next.js: 57ms, application-code: 236ms)
 GET /worker.js 404 in 127ms (next.js: 10ms, application-code: 117ms)
 GET / 200 in 206ms (next.js: 8ms, application-code: 198ms)
 GET /api/products 404 in 97ms (next.js: 8ms, application-code: 89ms)
 GET /worker.js 404 in 68ms (next.js: 5ms, application-code: 63ms)
 GET /worker.js 404 in 72ms (next.js: 6ms, application-code: 66ms)
 GET /worker.js 404 in 64ms (next.js: 4ms, application-code: 59ms)
 GET / 200 in 224ms (next.js: 87ms, application-code: 137ms)
 GET / 200 in 78ms (next.js: 6ms, application-code: 73ms)
 GET /worker.js 404 in 175ms (next.js: 22ms, application-code: 153ms)
 GET /register 200 in 83ms (next.js: 51ms, application-code: 31ms)
[browser] Uncaught TypeError: __TURBOPACK__imported__module__$5b$project$5d2f$lib$2f$base44Client$2e$js__$5b$app$2d$client$5d$__$28$ecmascript$29$__.base44.auth.loginWithProvider is not a function
    at handleGoogle (app/register/page.js:72:17)
    at button (<anonymous>)
    at _c (components/ui/button.jsx:35:5)
    at Register (app/register/page.js:143:7)
  70 |
  71 |   const handleGoogle = () => {
> 72 |     base44.auth.loginWithProvider("google", "/");
     |                 ^
  73 |   };
  74 |
  75 |   if (showOtp) {
 GET / 200 in 26ms (next.js: 3ms, application-code: 23ms)
 GET /api/products 404 in 147ms (next.js: 7ms, application-code: 140ms)
 GET /api/products 404 in 85ms (next.js: 6ms, application-code: 79ms)
 GET /worker.js 404 in 51ms (next.js: 4ms, application-code: 47ms)
 GET / 200 in 26ms (next.js: 3ms, application-code: 23ms)
 GET / 200 in 26ms (next.js: 3ms, application-code: 23ms)
 GET / 200 in 22ms (next.js: 3ms, application-code: 18ms)
✓ Compiled in 730ms
 GET / 200 in 262ms (next.js: 152ms, application-code: 110ms)
 GET / 200 in 262ms (next.js: 221ms, application-code: 41ms)
 GET /login 200 in 990ms (next.js: 941ms, application-code: 49ms)
 GET /worker.js 404 in 338ms (next.js: 35ms, application-code: 304ms)
 GET / 200 in 28ms (next.js: 3ms, application-code: 25ms)
 GET /api/products 404 in 108ms (next.js: 7ms, application-code: 102ms)
 GET /api/products 404 in 167ms (next.js: 14ms, application-code: 153ms)
 GET / 200 in 116ms (next.js: 4ms, application-code: 112ms)
 GET /api/products 404 in 88ms (next.js: 7ms, application-code: 81ms)
✓ Compiled in 1189ms
 GET / 200 in 211ms (next.js: 98ms, application-code: 114ms)
 GET / 200 in 61ms (next.js: 6ms, application-code: 55ms)
 GET /worker.js 404 in 188ms (next.js: 20ms, application-code: 168ms)
 GET /worker.js 404 in 59ms (next.js: 4ms, application-code: 55ms)
 GET /worker.js.map 404 in 96ms (next.js: 12ms, application-code: 85ms)
 GET /worker.js 404 in 63ms (next.js: 4ms, application-code: 59ms)
✓ Compiled in 97ms
 GET / 200 in 181ms (next.js: 88ms, application-code: 93ms)
 GET / 200 in 37ms (next.js: 3ms, application-code: 34ms)
[browser] Uncaught ReferenceError: EmptyStateContent is not defined
    at Home (app/(home)/page.js:465:12)
  463 |           </div>
  464 |         ) : grouped.size === 0 ? (
> 465 |           <EmptyStateContent
      |            ^
  466 |             query={query}
  467 |             filter={filter}
  468 |             onClear={() => {
✓ Compiled in 164ms
⚠ Fast Refresh had to perform a full reload due to a runtime error.
⚠ Fast Refresh had to perform a full reload due to a runtime error.
 GET / 200 in 888ms (next.js: 176ms, application-code: 712ms)
 GET / 200 in 428ms (next.js: 12ms, application-code: 416ms)
 GET /api/products 404 in 291ms (next.js: 34ms, application-code: 256ms)
 GET /api/products 404 in 126ms (next.js: 7ms, application-code: 119ms)
 GET /api/products 404 in 110ms (next.js: 10ms, application-code: 100ms)
 GET /worker.js 404 in 165ms (next.js: 9ms, application-code: 157ms)
 GET /worker.js 404 in 503ms (next.js: 428ms, application-code: 74ms)
✓ Compiled in 110ms
 GET / 200 in 511ms (next.js: 259ms, application-code: 252ms)
 GET / 200 in 49ms (next.js: 5ms, application-code: 45ms)
 GET /worker.js 404 in 273ms (next.js: 22ms, application-code: 251ms)
 GET /worker.js 404 in 70ms (next.js: 4ms, application-code: 66ms)
 GET /worker.js.map 404 in 75ms (next.js: 6ms, application-code: 70ms)
✓ Compiled in 101ms
 GET / 200 in 1205ms (next.js: 1095ms, application-code: 110ms)
 GET / 200 in 49ms (next.js: 3ms, application-code: 46ms)
 GET /worker.js 404 in 393ms (next.js: 28ms, application-code: 365ms)
✓ Compiled in 479ms
 GET / 200 in 809ms (next.js: 306ms, application-code: 502ms)
 GET / 200 in 786ms (next.js: 350ms, application-code: 437ms)
 GET / 200 in 437ms (next.js: 8ms, application-code: 429ms)
 GET / 200 in 435ms (next.js: 48ms, application-code: 386ms)
 GET / 200 in 373ms (next.js: 44ms, application-code: 329ms)
 GET / 200 in 375ms (next.js: 8ms, application-code: 366ms)
 GET / 200 in 374ms (next.js: 78ms, application-code: 295ms)
 GET / 200 in 372ms (next.js: 113ms, application-code: 259ms)
 GET / 200 in 372ms (next.js: 169ms, application-code: 203ms)
 GET / 200 in 270ms (next.js: 132ms, application-code: 138ms)
 GET / 200 in 226ms (next.js: 9ms, application-code: 217ms)
 GET / 200 in 187ms (next.js: 6ms, application-code: 181ms)
 GET / 200 in 192ms (next.js: 12ms, application-code: 180ms)
 GET / 200 in 181ms (next.js: 4ms, application-code: 177ms)
 GET / 200 in 181ms (next.js: 35ms, application-code: 146ms)
 GET / 200 in 219ms (next.js: 65ms, application-code: 154ms)
 GET / 200 in 242ms (next.js: 3ms, application-code: 239ms)
 GET / 200 in 205ms (next.js: 5ms, application-code: 199ms)
 GET / 200 in 213ms (next.js: 7ms, application-code: 206ms)
 GET / 200 in 208ms (next.js: 39ms, application-code: 169ms)
 GET / 200 in 210ms (next.js: 8ms, application-code: 202ms)
 GET / 200 in 191ms (next.js: 12ms, application-code: 180ms)
 GET / 200 in 250ms (next.js: 5ms, application-code: 245ms)
 GET / 200 in 212ms (next.js: 7ms, application-code: 205ms)
 GET / 200 in 219ms (next.js: 6ms, application-code: 213ms)
 GET / 200 in 169ms (next.js: 5ms, application-code: 164ms)
 GET / 200 in 169ms (next.js: 36ms, application-code: 133ms)
 GET / 200 in 102ms (next.js: 5ms, application-code: 97ms)
 GET / 200 in 57ms (next.js: 5ms, application-code: 52ms)
 GET / 200 in 384ms (next.js: 166ms, application-code: 218ms)
 GET / 200 in 388ms (next.js: 84ms, application-code: 303ms)
 GET / 200 in 391ms (next.js: 14ms, application-code: 377ms)
 GET / 200 in 384ms (next.js: 320ms, application-code: 64ms)
 GET / 200 in 387ms (next.js: 281ms, application-code: 106ms)
 GET / 200 in 389ms (next.js: 236ms, application-code: 153ms)
 GET / 200 in 331ms (next.js: 8ms, application-code: 323ms)
 GET / 200 in 332ms (next.js: 47ms, application-code: 285ms)
 GET / 200 in 333ms (next.js: 87ms, application-code: 246ms)
 GET / 200 in 334ms (next.js: 130ms, application-code: 204ms)
 GET / 200 in 335ms (next.js: 192ms, application-code: 144ms)
 GET / 200 in 338ms (next.js: 246ms, application-code: 92ms)
 GET / 200 in 293ms (next.js: 13ms, application-code: 280ms)
 GET / 200 in 290ms (next.js: 111ms, application-code: 178ms)
 GET / 200 in 290ms (next.js: 151ms, application-code: 138ms)
 GET / 200 in 295ms (next.js: 74ms, application-code: 220ms)
 GET / 200 in 288ms (next.js: 232ms, application-code: 56ms)
 GET / 200 in 291ms (next.js: 190ms, application-code: 101ms)
 GET / 200 in 59ms (next.js: 5ms, application-code: 54ms)
✓ Compiled in 484ms
 GET / 200 in 717ms (next.js: 184ms, application-code: 533ms)
 GET / 200 in 716ms (next.js: 226ms, application-code: 490ms)
 GET / 200 in 526ms (next.js: 9ms, application-code: 517ms)
 GET / 200 in 527ms (next.js: 50ms, application-code: 477ms)
 GET / 200 in 504ms (next.js: 124ms, application-code: 380ms)
 GET / 200 in 506ms (next.js: 17ms, application-code: 489ms)
 GET / 200 in 499ms (next.js: 245ms, application-code: 254ms)
 GET / 200 in 504ms (next.js: 184ms, application-code: 320ms)
 GET / 200 in 507ms (next.js: 156ms, application-code: 352ms)
 GET / 200 in 505ms (next.js: 211ms, application-code: 293ms)
 GET / 200 in 496ms (next.js: 6ms, application-code: 490ms)
 GET / 200 in 461ms (next.js: 13ms, application-code: 448ms)
 GET / 200 in 451ms (next.js: 7ms, application-code: 444ms)
 GET / 200 in 453ms (next.js: 40ms, application-code: 413ms)
 GET / 200 in 428ms (next.js: 5ms, application-code: 423ms)
 GET / 200 in 541ms (next.js: 45ms, application-code: 496ms)
 GET / 200 in 470ms (next.js: 6ms, application-code: 464ms)
 GET / 200 in 506ms (next.js: 78ms, application-code: 428ms)
 GET / 200 in 508ms (next.js: 40ms, application-code: 468ms)
 GET / 200 in 510ms (next.js: 106ms, application-code: 404ms)
 GET / 200 in 511ms (next.js: 138ms, application-code: 373ms)
 GET / 200 in 514ms (next.js: 181ms, application-code: 333ms)
 GET / 200 in 545ms (next.js: 5ms, application-code: 540ms)
 GET / 200 in 512ms (next.js: 10ms, application-code: 502ms)
 GET / 200 in 514ms (next.js: 11ms, application-code: 503ms)
 GET / 200 in 510ms (next.js: 74ms, application-code: 436ms)
 GET / 200 in 467ms (next.js: 7ms, application-code: 460ms)
 GET / 200 in 507ms (next.js: 50ms, application-code: 457ms)
 GET / 200 in 466ms (next.js: 10ms, application-code: 456ms)
 GET / 200 in 466ms (next.js: 43ms, application-code: 423ms)
 GET / 200 in 466ms (next.js: 77ms, application-code: 389ms)
 GET / 200 in 511ms (next.js: 109ms, application-code: 402ms)
 GET / 200 in 557ms (next.js: 192ms, application-code: 365ms)
 GET / 200 in 561ms (next.js: 157ms, application-code: 403ms)
 GET / 200 in 570ms (next.js: 11ms, application-code: 559ms)
 GET / 200 in 520ms (next.js: 8ms, application-code: 512ms)
 GET / 200 in 516ms (next.js: 24ms, application-code: 492ms)
 GET / 200 in 498ms (next.js: 50ms, application-code: 448ms)
 GET / 200 in 467ms (next.js: 13ms, application-code: 455ms)
 GET / 200 in 896ms (next.js: 51ms, application-code: 845ms)
 GET / 200 in 864ms (next.js: 10ms, application-code: 854ms)
 GET / 200 in 864ms (next.js: 82ms, application-code: 783ms)
 GET / 200 in 866ms (next.js: 45ms, application-code: 821ms)
 GET / 200 in 943ms (next.js: 117ms, application-code: 826ms)
 GET / 200 in 917ms (next.js: 55ms, application-code: 862ms)
 GET / 200 in 873ms (next.js: 47ms, application-code: 827ms)
 GET / 200 in 791ms (next.js: 8ms, application-code: 782ms)
 GET / 200 in 738ms (next.js: 9ms, application-code: 729ms)
 GET / 200 in 696ms (next.js: 379ms, application-code: 317ms)
 GET / 200 in 325ms (next.js: 80ms, application-code: 245ms)
 GET / 200 in 204ms (next.js: 33ms, application-code: 171ms)
 GET / 200 in 122ms (next.js: 29ms, application-code: 93ms)
✓ Compiled in 175ms
 GET / 200 in 829ms (next.js: 167ms, application-code: 661ms)
 GET / 200 in 832ms (next.js: 119ms, application-code: 714ms)
 GET / 200 in 629ms (next.js: 6ms, application-code: 623ms)
 GET / 200 in 599ms (next.js: 13ms, application-code: 586ms)
 GET / 200 in 278ms (next.js: 16ms, application-code: 262ms)
 GET / 200 in 164ms (next.js: 18ms, application-code: 146ms)
 GET /api/products 404 in 610ms (next.js: 124ms, application-code: 487ms)
 GET /api/products 404 in 617ms (next.js: 80ms, application-code: 537ms)
 GET /local 200 in 2.4s (next.js: 2.4s, application-code: 33ms)
 GET /api/products 404 in 226ms (next.js: 17ms, application-code: 209ms)
 GET /api/products 404 in 88ms (next.js: 9ms, application-code: 79ms)
 GET / 200 in 36ms (next.js: 3ms, application-code: 32ms)
 GET /api/products 404 in 125ms (next.js: 10ms, application-code: 115ms)
 GET /api/products 404 in 196ms (next.js: 22ms, application-code: 174ms)
 GET /fast 200 in 1466ms (next.js: 1331ms, application-code: 135ms)
 GET /api/products 404 in 480ms (next.js: 35ms, application-code: 444ms)
 GET /api/products 404 in 170ms (next.js: 17ms, application-code: 154ms)
 GET / 200 in 285ms (next.js: 130ms, application-code: 155ms)
 GET /api/products 404 in 577ms (next.js: 33ms, application-code: 544ms)
 GET /api/products 404 in 342ms (next.js: 34ms, application-code: 307ms)
 GET /worker.js 404 in 63ms (next.js: 4ms, application-code: 58ms)
 GET /local 200 in 24ms (next.js: 4ms, application-code: 21ms)
 GET /api/products 404 in 143ms (next.js: 6ms, application-code: 138ms)
 GET /api/products 404 in 76ms (next.js: 6ms, application-code: 69ms)
✓ Compiled in 1401ms
 GET /local 200 in 655ms (next.js: 74ms, application-code: 581ms)
 GET / 200 in 655ms (next.js: 139ms, application-code: 517ms)
 GET /local 200 in 471ms (next.js: 12ms, application-code: 458ms)
 GET / 200 in 467ms (next.js: 105ms, application-code: 362ms)
 GET /local 200 in 171ms (next.js: 15ms, application-code: 156ms)
 GET / 200 in 163ms (next.js: 99ms, application-code: 64ms)
 GET /api/products 404 in 486ms (next.js: 86ms, application-code: 400ms)
 GET /worker.js 404 in 75ms (next.js: 6ms, application-code: 69ms)
✓ Compiled in 120ms
 GET / 200 in 325ms (next.js: 80ms, application-code: 245ms)
 GET /local 200 in 326ms (next.js: 133ms, application-code: 193ms)
 GET / 200 in 172ms (next.js: 6ms, application-code: 166ms)
 GET /local 200 in 141ms (next.js: 5ms, application-code: 137ms)
 GET / 200 in 118ms (next.js: 4ms, application-code: 114ms)
 GET /local 200 in 85ms (next.js: 6ms, application-code: 79ms)
 GET /worker.js 404 in 202ms (next.js: 21ms, application-code: 181ms)
 GET /local 200 in 105ms (next.js: 5ms, application-code: 100ms)
 GET /api/products 404 in 431ms (next.js: 43ms, application-code: 388ms)
 GET /worker.js 404 in 98ms (next.js: 6ms, application-code: 92ms)
 GET / 200 in 25ms (next.js: 4ms, application-code: 21ms)
 GET /api/products 404 in 287ms (next.js: 10ms, application-code: 278ms)
 GET /api/products 404 in 174ms (next.js: 13ms, application-code: 161ms)
 GET /worker.js 404 in 89ms (next.js: 6ms, application-code: 83ms)
 GET /local 200 in 25ms (next.js: 4ms, application-code: 20ms)
 GET /api/products 404 in 133ms (next.js: 9ms, application-code: 124ms)
 GET /api/products 404 in 61ms (next.js: 6ms, application-code: 55ms)
 GET / 200 in 26ms (next.js: 3ms, application-code: 23ms)
 GET /api/products 404 in 135ms (next.js: 7ms, application-code: 128ms)
 GET /api/products 404 in 70ms (next.js: 5ms, application-code: 65ms)
 GET / 200 in 28ms (next.js: 3ms, application-code: 25ms)
 GET / 200 in 31ms (next.js: 3ms, application-code: 28ms)
 GET /orders 200 in 125ms (next.js: 87ms, application-code: 38ms)
 GET /api/orders?sort=-created_date&limit=50 404 in 148ms (next.js: 11ms, application-code: 136ms)
 GET /api/orders?sort=-created_date&limit=50 404 in 70ms (next.js: 6ms, application-code: 64ms)
 GET /api/orders?sort=-created_date&limit=100 404 in 116ms (next.js: 4ms, application-code: 112ms)
 GET /api/orders?sort=-created_date&limit=50 404 in 63ms (next.js: 4ms, application-code: 59ms)
 GET /api/orders?sort=-created_date&limit=100 404 in 126ms (next.js: 5ms, application-code: 121ms)
 GET /api/orders?sort=-created_date&limit=50 404 in 60ms (next.js: 6ms, application-code: 54ms)
 GET /api/orders?sort=-created_date&limit=100 404 in 64ms (next.js: 6ms, application-code: 58ms)
 GET /api/orders?sort=-created_date&limit=50 404 in 58ms (next.js: 4ms, application-code: 54ms)
 GET /api/orders?sort=-created_date&limit=100 404 in 132ms (next.js: 7ms, application-code: 126ms)
 GET /api/orders?sort=-created_date&limit=50 404 in 67ms (next.js: 5ms, application-code: 62ms)
 GET /api/orders?sort=-created_date&limit=100 404 in 95ms (next.js: 6ms, application-code: 89ms)
 GET /api/orders?sort=-created_date&limit=50 404 in 77ms (next.js: 5ms, application-code: 71ms)
 GET /api/orders?sort=-created_date&limit=100 404 in 65ms (next.js: 6ms, application-code: 60ms)
 GET /api/orders?sort=-created_date&limit=50 404 in 110ms (next.js: 5ms, application-code: 105ms)
 GET /api/orders?sort=-created_date&limit=100 404 in 77ms (next.js: 5ms, application-code: 71ms)
 GET /api/orders?sort=-created_date&limit=50 404 in 64ms (next.js: 4ms, application-code: 59ms)
 GET /api/orders?sort=-created_date&limit=100 404 in 131ms (next.js: 4ms, application-code: 127ms)
 GET /api/orders?sort=-created_date&limit=50 404 in 67ms (next.js: 5ms, application-code: 62ms)
 GET /api/orders?sort=-created_date&limit=100 404 in 126ms (next.js: 6ms, application-code: 120ms)
 GET /api/orders?sort=-created_date&limit=50 404 in 74ms (next.js: 8ms, application-code: 66ms)
 GET /api/orders?sort=-created_date&limit=100 404 in 69ms (next.js: 5ms, application-code: 64ms)
 GET /api/orders?sort=-created_date&limit=50 404 in 63ms (next.js: 5ms, application-code: 58ms)
 GET /api/orders?sort=-created_date&limit=100 404 in 71ms (next.js: 4ms, application-code: 67ms)
 GET /api/orders?sort=-created_date&limit=50 404 in 61ms (next.js: 5ms, application-code: 56ms)
 GET /api/orders?sort=-created_date&limit=100 404 in 189ms (next.js: 5ms, application-code: 185ms)
 GET /api/orders?sort=-created_date&limit=50 404 in 120ms (next.js: 8ms, application-code: 112ms)
 GET /api/orders?sort=-created_date&limit=100 404 in 60ms (next.js: 4ms, application-code: 56ms)
 GET /api/orders?sort=-created_date&limit=50 404 in 57ms (next.js: 4ms, application-code: 53ms)
 GET /api/orders?sort=-created_date&limit=100 404 in 139ms (next.js: 4ms, application-code: 135ms)
 GET /api/orders?sort=-created_date&limit=50 404 in 85ms (next.js: 5ms, application-code: 80ms)
 GET /api/orders?sort=-created_date&limit=100 404 in 110ms (next.js: 6ms, application-code: 105ms)
 GET /api/orders?sort=-created_date&limit=50 404 in 94ms (next.js: 9ms, application-code: 85ms)
 GET /worker.js 404 in 57ms (next.js: 4ms, application-code: 53ms)
 GET /api/orders?sort=-created_date&limit=100 404 in 88ms (next.js: 5ms, application-code: 83ms)
 GET /api/orders?sort=-created_date&limit=50 404 in 73ms (next.js: 12ms, application-code: 60ms)
 GET /worker.js 404 in 56ms (next.js: 4ms, application-code: 53ms)
 GET /api/orders?sort=-created_date&limit=100 404 in 72ms (next.js: 5ms, application-code: 68ms)
 GET /api/orders?sort=-created_date&limit=50 404 in 86ms (next.js: 5ms, application-code: 81ms)
 GET /worker.js 404 in 63ms (next.js: 4ms, application-code: 59ms)
 GET /api/orders?sort=-created_date&limit=100 404 in 81ms (next.js: 5ms, application-code: 76ms)
 GET /api/orders?sort=-created_date&limit=50 404 in 88ms (next.js: 5ms, application-code: 84ms)
 GET /worker.js 404 in 66ms (next.js: 5ms, application-code: 61ms)
 GET /api/orders?sort=-created_date&limit=100 404 in 254ms (next.js: 8ms, application-code: 245ms)
 GET /api/orders?sort=-created_date&limit=50 404 in 114ms (next.js: 9ms, application-code: 105ms)
 GET / 200 in 26ms (next.js: 3ms, application-code: 22ms)
 GET /api/products 404 in 206ms (next.js: 10ms, application-code: 196ms)
 GET /api/products 404 in 102ms (next.js: 6ms, application-code: 96ms)
✓ Compiled in 283ms
 GET / 200 in 897ms (next.js: 234ms, application-code: 663ms)
 GET / 200 in 897ms (next.js: 288ms, application-code: 609ms)
 GET / 200 in 599ms (next.js: 12ms, application-code: 587ms)
 GET / 200 in 599ms (next.js: 137ms, application-code: 461ms)
 GET / 200 in 514ms (next.js: 13ms, application-code: 501ms)
 GET / 200 in 511ms (next.js: 91ms, application-code: 419ms)
 GET / 200 in 515ms (next.js: 59ms, application-code: 457ms)
 GET / 200 in 513ms (next.js: 121ms, application-code: 392ms)
 GET / 200 in 514ms (next.js: 153ms, application-code: 360ms)
 GET / 200 in 522ms (next.js: 193ms, application-code: 329ms)
 GET / 200 in 651ms (next.js: 61ms, application-code: 590ms)
 GET / 200 in 656ms (next.js: 7ms, application-code: 649ms)
 GET / 200 in 681ms (next.js: 5ms, application-code: 675ms)
 GET / 200 in 685ms (next.js: 42ms, application-code: 643ms)
 GET / 200 in 610ms (next.js: 7ms, application-code: 603ms)
 GET / 200 in 611ms (next.js: 35ms, application-code: 575ms)
 GET / 200 in 738ms (next.js: 11ms, application-code: 727ms)
 GET / 200 in 738ms (next.js: 44ms, application-code: 695ms)
 GET / 200 in 740ms (next.js: 79ms, application-code: 661ms)
 GET / 200 in 741ms (next.js: 134ms, application-code: 608ms)
 GET / 200 in 743ms (next.js: 193ms, application-code: 550ms)
 GET / 200 in 487ms (next.js: 11ms, application-code: 476ms)
 GET / 200 in 655ms (next.js: 12ms, application-code: 643ms)
 GET / 200 in 655ms (next.js: 62ms, application-code: 593ms)
 GET / 200 in 625ms (next.js: 17ms, application-code: 608ms)
 GET / 200 in 625ms (next.js: 65ms, application-code: 559ms)
 GET / 200 in 512ms (next.js: 9ms, application-code: 503ms)
 GET / 200 in 512ms (next.js: 56ms, application-code: 456ms)
 GET / 200 in 519ms (next.js: 19ms, application-code: 500ms)
 GET / 200 in 559ms (next.js: 56ms, application-code: 503ms)
 GET / 200 in 559ms (next.js: 91ms, application-code: 468ms)
 GET / 200 in 556ms (next.js: 121ms, application-code: 435ms)
 GET / 200 in 553ms (next.js: 155ms, application-code: 398ms)
 GET / 200 in 515ms (next.js: 160ms, application-code: 355ms)
 GET / 200 in 557ms (next.js: 8ms, application-code: 548ms)
 GET / 200 in 561ms (next.js: 50ms, application-code: 511ms)
 GET / 200 in 594ms (next.js: 12ms, application-code: 582ms)
 GET / 200 in 592ms (next.js: 50ms, application-code: 542ms)
 GET / 200 in 521ms (next.js: 6ms, application-code: 514ms)
 GET / 200 in 524ms (next.js: 55ms, application-code: 469ms)
 GET / 200 in 552ms (next.js: 13ms, application-code: 539ms)
 GET / 200 in 588ms (next.js: 47ms, application-code: 541ms)
 GET / 200 in 588ms (next.js: 79ms, application-code: 509ms)
 GET / 200 in 588ms (next.js: 157ms, application-code: 432ms)
 GET / 200 in 591ms (next.js: 123ms, application-code: 469ms)
 GET / 200 in 553ms (next.js: 158ms, application-code: 394ms)
 GET / 200 in 519ms (next.js: 12ms, application-code: 507ms)
 GET / 200 in 515ms (next.js: 73ms, application-code: 442ms)
 GET / 200 in 380ms (next.js: 15ms, application-code: 365ms)
 GET / 200 in 381ms (next.js: 52ms, application-code: 328ms)
 GET / 200 in 284ms (next.js: 9ms, application-code: 275ms)
 GET / 200 in 285ms (next.js: 47ms, application-code: 238ms)
 GET / 200 in 192ms (next.js: 12ms, application-code: 180ms)
 GET / 200 in 188ms (next.js: 46ms, application-code: 142ms)
 GET / 200 in 188ms (next.js: 86ms, application-code: 102ms)
 GET / 200 in 188ms (next.js: 121ms, application-code: 67ms)
 GET / 200 in 224ms (next.js: 4ms, application-code: 220ms)
 GET /api/products 404 in 115ms (next.js: 23ms, application-code: 92ms)
 GET /worker.js 404 in 79ms (next.js: 4ms, application-code: 74ms)
 GET /worker.js 404 in 71ms (next.js: 5ms, application-code: 66ms)
 GET / 200 in 42ms (next.js: 5ms, application-code: 37ms)
 GET / 200 in 81ms (next.js: 7ms, application-code: 73ms)
 GET / 200 in 23ms (next.js: 7ms, application-code: 16ms)
 GET / 200 in 50ms (next.js: 7ms, application-code: 43ms)
 GET /worker.js 404 in 177ms (next.js: 7ms, application-code: 170ms)
✓ Compiled in 2.1s
 GET /worker.js 404 in 58ms (next.js: 5ms, application-code: 54ms)
 GET / 200 in 10ms (next.js: 3ms, application-code: 7ms)
 GET / 200 in 24ms (next.js: 2ms, application-code: 21ms)
 GET / 200 in 13ms (next.js: 4ms, application-code: 9ms)
 GET / 200 in 28ms (next.js: 3ms, application-code: 25ms)
 GET / 200 in 13ms (next.js: 3ms, application-code: 10ms)
 GET / 200 in 46ms (next.js: 4ms, application-code: 42ms)
 GET / 200 in 9ms (next.js: 3ms, application-code: 6ms)
 GET / 200 in 22ms (next.js: 4ms, application-code: 19ms)
 GET / 200 in 9ms (next.js: 3ms, application-code: 6ms)
 GET / 200 in 23ms (next.js: 3ms, application-code: 20ms)
 GET /worker.js 404 in 58ms (next.js: 4ms, application-code: 54ms)
✓ Compiled in 1049ms
 GET / 200 in 742ms (next.js: 14ms, application-code: 728ms)
 GET / 200 in 1573ms (next.js: 448ms, application-code: 1124ms)
 GET /worker.js 404 in 613ms (next.js: 342ms, application-code: 271ms)
 GET / 200 in 1743ms (next.js: 513ms, application-code: 1231ms)
 GET / 200 in 1592ms (next.js: 70ms, application-code: 1522ms)
 GET / 200 in 2.4s (next.js: 481ms, application-code: 1945ms)
 GET / 200 in 1901ms (next.js: 68ms, application-code: 1833ms)
 GET / 200 in 1322ms (next.js: 21ms, application-code: 1300ms)
 GET / 200 in 1604ms (next.js: 13ms, application-code: 1591ms)
 GET / 200 in 1086ms (next.js: 20ms, application-code: 1066ms)
 GET / 200 in 424ms (next.js: 11ms, application-code: 413ms)
 GET / 200 in 303ms (next.js: 20ms, application-code: 284ms)
 GET / 200 in 303ms (next.js: 95ms, application-code: 208ms)
 GET / 200 in 285ms (next.js: 7ms, application-code: 279ms)
 GET / 200 in 328ms (next.js: 5ms, application-code: 323ms)
 GET / 200 in 334ms (next.js: 7ms, application-code: 327ms)
 GET / 200 in 289ms (next.js: 8ms, application-code: 281ms)
 GET / 200 in 328ms (next.js: 72ms, application-code: 255ms)
 GET / 200 in 330ms (next.js: 37ms, application-code: 293ms)
 GET / 200 in 212ms (next.js: 7ms, application-code: 205ms)
 GET / 200 in 112ms (next.js: 5ms, application-code: 107ms)
 GET / 200 in 546ms (next.js: 6ms, application-code: 540ms)
 GET /api/products 404 in 117ms (next.js: 8ms, application-code: 109ms)
 GET /api/products 404 in 126ms (next.js: 7ms, application-code: 119ms)
 GET /worker.js 404 in 73ms (next.js: 5ms, application-code: 68ms)
 GET / 200 in 14ms (next.js: 4ms, application-code: 10ms)
 GET / 200 in 33ms (next.js: 3ms, application-code: 30ms)
 GET / 200 in 8ms (next.js: 3ms, application-code: 6ms)
 GET / 200 in 25ms (next.js: 3ms, application-code: 23ms)
 GET / 200 in 11ms (next.js: 4ms, application-code: 8ms)
 GET / 200 in 29ms (next.js: 3ms, application-code: 25ms)
 GET /worker.js 404 in 64ms (next.js: 4ms, application-code: 60ms)
 GET /login 200 in 380ms (next.js: 341ms, application-code: 39ms)
 GET /register 200 in 177ms (next.js: 113ms, application-code: 64ms)
✓ Compiled in 658ms
 GET /worker.js 404 in 70ms (next.js: 4ms, application-code: 66ms)
 GET /track 200 in 718ms (next.js: 689ms, application-code: 29ms)
 GET /api/orders?sort=-created_date&limit=50 404 in 167ms (next.js: 9ms, application-code: 158ms)
 GET /api/orders?sort=-created_date&limit=50 404 in 145ms (next.js: 5ms, application-code: 140ms)
 GET / 200 in 26ms (next.js: 7ms, application-code: 20ms)
 GET /api/products 404 in 145ms (next.js: 6ms, application-code: 139ms)
 GET /api/products 404 in 80ms (next.js: 5ms, application-code: 76ms)
 GET / 200 in 29ms (next.js: 3ms, application-code: 26ms)
 GET /api/products 404 in 133ms (next.js: 8ms, application-code: 125ms)
 GET /api/products 404 in 60ms (next.js: 6ms, application-code: 54ms)
 GET /register 200 in 25ms (next.js: 3ms, application-code: 22ms)
✓ Compiled in 124ms
 GET / 200 in 256ms (next.js: 86ms, application-code: 170ms)
 GET /register 200 in 256ms (next.js: 206ms, application-code: 50ms)
 GET / 200 in 25ms (next.js: 3ms, application-code: 22ms)
 GET /api/products 404 in 339ms (next.js: 98ms, application-code: 241ms)
 GET /api/products 404 in 71ms (next.js: 4ms, application-code: 67ms)
✓ Compiled in 169ms
 GET / 200 in 182ms (next.js: 84ms, application-code: 98ms)
 GET / 200 in 182ms (next.js: 138ms, application-code: 45ms)
 GET /worker.js 404 in 413ms (next.js: 100ms, application-code: 314ms)
✓ Compiled in 589ms
 GET / 200 in 350ms (next.js: 171ms, application-code: 179ms)
 GET / 200 in 2.1s (next.js: 102ms, application-code: 1964ms)
 GET / 200 in 1147ms (next.js: 1112ms, application-code: 36ms)
 GET / 200 in 1150ms (next.js: 1035ms, application-code: 115ms)
 GET / 200 in 1149ms (next.js: 1077ms, application-code: 72ms)
 GET /worker.js 404 in 380ms (next.js: 153ms, application-code: 227ms)
 GET / 200 in 3.2s (next.js: 726ms, application-code: 2.5s)
 GET / 200 in 3.3s (next.js: 145ms, application-code: 3.2s)
 GET / 200 in 2.4s (next.js: 49ms, application-code: 2.4s)
 GET / 200 in 2.7s (next.js: 14ms, application-code: 2.7s)
 GET / 200 in 1418ms (next.js: 125ms, application-code: 1293ms)
 GET / 200 in 2.7s (next.js: 14ms, application-code: 2.6s)
 GET / 200 in 819ms (next.js: 20ms, application-code: 799ms)
 GET / 200 in 1084ms (next.js: 21ms, application-code: 1064ms)
 GET / 200 in 964ms (next.js: 25ms, application-code: 939ms)
 GET / 200 in 964ms (next.js: 58ms, application-code: 906ms)
 GET / 200 in 854ms (next.js: 13ms, application-code: 841ms)
 GET / 200 in 908ms (next.js: 10ms, application-code: 898ms)
 GET /api/products 404 in 887ms (next.js: 13ms, application-code: 874ms)
 GET / 200 in 424ms (next.js: 11ms, application-code: 412ms)
 GET / 200 in 328ms (next.js: 18ms, application-code: 310ms)
 GET / 200 in 327ms (next.js: 83ms, application-code: 244ms)
 GET / 200 in 328ms (next.js: 125ms, application-code: 203ms)
 GET / 200 in 264ms (next.js: 10ms, application-code: 254ms)
 GET / 200 in 423ms (next.js: 7ms, application-code: 416ms)
 GET / 200 in 437ms (next.js: 17ms, application-code: 419ms)
 GET / 200 in 1120ms (next.js: 11ms, application-code: 1110ms)
 GET / 200 in 1121ms (next.js: 77ms, application-code: 1044ms)
 GET / 200 in 1123ms (next.js: 153ms, application-code: 970ms)
 GET / 200 in 943ms (next.js: 10ms, application-code: 933ms)
 GET / 200 in 1016ms (next.js: 5ms, application-code: 1010ms)
 GET / 200 in 286ms (next.js: 7ms, application-code: 279ms)
 GET / 200 in 237ms (next.js: 7ms, application-code: 230ms)
 GET / 200 in 238ms (next.js: 50ms, application-code: 188ms)
 GET / 200 in 160ms (next.js: 5ms, application-code: 156ms)
 GET / 200 in 183ms (next.js: 7ms, application-code: 176ms)
 GET / 200 in 237ms (next.js: 5ms, application-code: 233ms)
 GET / 200 in 175ms (next.js: 9ms, application-code: 167ms)
 GET / 200 in 837ms (next.js: 47ms, application-code: 789ms)
 GET / 200 in 839ms (next.js: 8ms, application-code: 832ms)
 GET /api/products 404 in 117ms (next.js: 7ms, application-code: 110ms)
 GET /worker.js 404 in 63ms (next.js: 4ms, application-code: 60ms)
 GET /worker.js 404 in 68ms (next.js: 7ms, application-code: 62ms)
✓ Compiled in 114ms
 GET / 200 in 195ms (next.js: 100ms, application-code: 95ms)
 GET / 200 in 46ms (next.js: 5ms, application-code: 41ms)
 GET /worker.js 404 in 250ms (next.js: 88ms, application-code: 162ms)
 GET / 200 in 324ms (next.js: 5ms, application-code: 319ms)
 GET /api/products 404 in 76ms (next.js: 6ms, application-code: 71ms)
 GET / 200 in 106ms (next.js: 3ms, application-code: 103ms)
 GET /api/products 404 in 90ms (next.js: 7ms, application-code: 83ms)
 GET / 200 in 82ms (next.js: 3ms, application-code: 79ms)
 GET /api/products 404 in 74ms (next.js: 6ms, application-code: 68ms)
 GET /register 200 in 114ms (next.js: 78ms, application-code: 36ms)
 GET /login 200 in 114ms (next.js: 73ms, application-code: 41ms)
 GET /register 200 in 28ms (next.js: 4ms, application-code: 25ms)
✓ Compiled in 932ms
 GET /register 200 in 830ms (next.js: 102ms, application-code: 729ms)
 GET / 200 in 830ms (next.js: 242ms, application-code: 588ms)
 GET /register 200 in 529ms (next.js: 6ms, application-code: 523ms)
 GET / 200 in 494ms (next.js: 8ms, application-code: 487ms)
 GET /register 200 in 442ms (next.js: 326ms, application-code: 115ms)
 GET / 200 in 86ms (next.js: 9ms, application-code: 77ms)
 GET /api/products 404 in 500ms (next.js: 87ms, application-code: 413ms)
 GET /api/settings 404 in 499ms (next.js: 143ms, application-code: 355ms)
 GET /track 200 in 124ms (next.js: 84ms, application-code: 40ms)
 GET /api/orders?sort=-created_date&limit=50 404 in 231ms (next.js: 9ms, application-code: 223ms)
 GET /api/orders?sort=-created_date&limit=50 404 in 140ms (next.js: 11ms, application-code: 129ms)
 GET /api/orders?sort=-created_date&limit=100 404 in 62ms (next.js: 4ms, application-code: 58ms)
 GET /api/orders?sort=-created_date&limit=50 404 in 62ms (next.js: 4ms, application-code: 58ms)
 GET / 200 in 29ms (next.js: 3ms, application-code: 26ms)
✓ Compiled in 280ms
 GET / 200 in 535ms (next.js: 182ms, application-code: 353ms)
 GET / 200 in 539ms (next.js: 105ms, application-code: 434ms)
 GET / 200 in 300ms (next.js: 10ms, application-code: 290ms)
 GET / 200 in 300ms (next.js: 72ms, application-code: 228ms)
 GET / 200 in 170ms (next.js: 52ms, application-code: 118ms)
 GET / 200 in 174ms (next.js: 99ms, application-code: 75ms)
 GET /api/settings 404 in 468ms (next.js: 44ms, application-code: 425ms)
 GET /api/products 404 in 466ms (next.js: 246ms, application-code: 220ms)
 GET /api/settings 404 in 134ms (next.js: 7ms, application-code: 127ms)
 GET /api/products 404 in 100ms (next.js: 30ms, application-code: 70ms)
 GET /worker.js 404 in 115ms (next.js: 8ms, application-code: 107ms)
✓ Compiled in 98ms
 GET / 200 in 189ms (next.js: 108ms, application-code: 80ms)
 GET / 200 in 36ms (next.js: 3ms, application-code: 33ms)
 GET /worker.js 404 in 219ms (next.js: 28ms, application-code: 190ms)
✓ Compiled in 150ms
 GET /worker.js 404 in 56ms (next.js: 4ms, application-code: 52ms)
 GET / 200 in 851ms (next.js: 113ms, application-code: 738ms)
 GET / 200 in 851ms (next.js: 199ms, application-code: 652ms)
 GET / 200 in 653ms (next.js: 10ms, application-code: 642ms)
 GET / 200 in 652ms (next.js: 102ms, application-code: 550ms)
 GET / 200 in 511ms (next.js: 9ms, application-code: 502ms)
 GET / 200 in 512ms (next.js: 61ms, application-code: 451ms)
 GET / 200 in 514ms (next.js: 117ms, application-code: 396ms)
 GET / 200 in 551ms (next.js: 168ms, application-code: 383ms)
 GET / 200 in 551ms (next.js: 226ms, application-code: 326ms)
 GET / 200 in 395ms (next.js: 115ms, application-code: 280ms)
 GET / 200 in 318ms (next.js: 5ms, application-code: 313ms)
 GET / 200 in 311ms (next.js: 16ms, application-code: 296ms)
 GET / 200 in 255ms (next.js: 38ms, application-code: 217ms)
 GET / 200 in 258ms (next.js: 5ms, application-code: 253ms)
 GET / 200 in 186ms (next.js: 13ms, application-code: 173ms)
 GET / 200 in 180ms (next.js: 52ms, application-code: 128ms)
 GET / 200 in 89ms (next.js: 6ms, application-code: 83ms)
 GET / 200 in 53ms (next.js: 6ms, application-code: 48ms)
 GET /admin 200 in 767ms (next.js: 741ms, application-code: 26ms)
 GET /api/products 404 in 721ms (next.js: 104ms, application-code: 617ms)
 GET /api/orders?sort=-created_date&limit=100 404 in 718ms (next.js: 297ms, application-code: 421ms)
 GET /api/settings 404 in 565ms (next.js: 218ms, application-code: 347ms)
 GET /api/products 404 in 228ms (next.js: 9ms, application-code: 218ms)
 GET /api/orders?sort=-created_date&limit=100 404 in 226ms (next.js: 62ms, application-code: 164ms)
 GET /api/settings 404 in 126ms (next.js: 39ms, application-code: 86ms)
 GET /api/products 404 in 140ms (next.js: 6ms, application-code: 134ms)
 GET /api/products 404 in 72ms (next.js: 4ms, application-code: 67ms)
 GET /api/products 404 in 75ms (next.js: 5ms, application-code: 70ms)
 GET /api/orders?sort=-created_date&limit=100 404 in 137ms (next.js: 7ms, application-code: 130ms)
 GET /api/orders?sort=-created_date&limit=100 404 in 67ms (next.js: 8ms, application-code: 59ms)
 GET / 200 in 34ms (next.js: 3ms, application-code: 31ms)
 GET /api/products 404 in 348ms (next.js: 8ms, application-code: 341ms)
 GET /api/settings 404 in 279ms (next.js: 15ms, application-code: 264ms)
 GET /api/products 404 in 196ms (next.js: 9ms, application-code: 188ms)
 GET /api/settings 404 in 105ms (next.js: 11ms, application-code: 94ms)
 GET /worker.js 404 in 60ms (next.js: 7ms, application-code: 54ms)
✓ Compiled in 106ms
 GET / 200 in 161ms (next.js: 77ms, application-code: 84ms)
 GET / 200 in 39ms (next.js: 3ms, application-code: 36ms)
 GET /worker.js 404 in 147ms (next.js: 17ms, application-code: 131ms)
✓ Compiled in 89ms
 GET / 200 in 212ms (next.js: 127ms, application-code: 85ms)
 GET / 200 in 38ms (next.js: 3ms, application-code: 35ms)
 GET /worker.js 404 in 158ms (next.js: 18ms, application-code: 140ms)
✓ Compiled in 171ms
 GET / 200 in 651ms (next.js: 205ms, application-code: 447ms)
 GET / 200 in 391ms (next.js: 4ms, application-code: 387ms)
 GET /api/settings 404 in 366ms (next.js: 102ms, application-code: 264ms)
 GET /api/settings 404 in 364ms (next.js: 139ms, application-code: 225ms)
 GET /worker.js 404 in 70ms (next.js: 5ms, application-code: 65ms)
✓ Compiled in 198ms
 GET / 200 in 227ms (next.js: 124ms, application-code: 103ms)
 GET / 200 in 49ms (next.js: 4ms, application-code: 44ms)
 GET / 200 in 284ms (next.js: 70ms, application-code: 214ms)
 GET / 200 in 285ms (next.js: 113ms, application-code: 172ms)
 GET / 200 in 142ms (next.js: 32ms, application-code: 110ms)
 GET / 200 in 145ms (next.js: 4ms, application-code: 142ms)
 GET / 200 in 82ms (next.js: 4ms, application-code: 78ms)
 GET / 200 in 82ms (next.js: 34ms, application-code: 48ms)
 GET /worker.js 404 in 171ms (next.js: 20ms, application-code: 151ms)
✓ Compiled in 956ms
 GET /worker.js 404 in 59ms (next.js: 4ms, application-code: 55ms)
✓ Compiled in 207ms
 GET /worker.js 404 in 59ms (next.js: 5ms, application-code: 54ms)
✓ Compiled in 179ms
 GET / 200 in 552ms (next.js: 88ms, application-code: 464ms)
 GET / 200 in 428ms (next.js: 4ms, application-code: 424ms)
 GET / 200 in 437ms (next.js: 5ms, application-code: 431ms)
 GET / 200 in 444ms (next.js: 10ms, application-code: 434ms)
 GET / 200 in 444ms (next.js: 39ms, application-code: 404ms)
 GET / 200 in 442ms (next.js: 109ms, application-code: 333ms)
 GET / 200 in 445ms (next.js: 74ms, application-code: 371ms)
 GET / 200 in 328ms (next.js: 9ms, application-code: 319ms)
 GET / 200 in 329ms (next.js: 39ms, application-code: 290ms)
 GET / 200 in 330ms (next.js: 68ms, application-code: 263ms)
 GET / 200 in 414ms (next.js: 100ms, application-code: 315ms)
 GET / 200 in 393ms (next.js: 60ms, application-code: 333ms)
 GET / 200 in 445ms (next.js: 10ms, application-code: 435ms)
 GET / 200 in 398ms (next.js: 7ms, application-code: 391ms)
 GET / 200 in 364ms (next.js: 10ms, application-code: 354ms)
 GET / 200 in 329ms (next.js: 13ms, application-code: 316ms)
 GET / 200 in 321ms (next.js: 48ms, application-code: 273ms)
 GET / 200 in 282ms (next.js: 48ms, application-code: 233ms)
 GET / 200 in 169ms (next.js: 34ms, application-code: 135ms)
 GET / 200 in 172ms (next.js: 121ms, application-code: 51ms)
 GET /worker.js 404 in 315ms (next.js: 81ms, application-code: 233ms)
✓ Compiled in 118ms
 GET / 200 in 194ms (next.js: 82ms, application-code: 112ms)
 GET / 200 in 68ms (next.js: 4ms, application-code: 64ms)
 GET /worker.js 404 in 273ms (next.js: 87ms, application-code: 186ms)
✓ Compiled in 254ms
 GET / 200 in 849ms (next.js: 116ms, application-code: 733ms)
 GET / 200 in 849ms (next.js: 181ms, application-code: 668ms)
 GET / 200 in 737ms (next.js: 8ms, application-code: 729ms)
 GET / 200 in 737ms (next.js: 54ms, application-code: 683ms)
 GET / 200 in 642ms (next.js: 99ms, application-code: 543ms)
 GET / 200 in 641ms (next.js: 193ms, application-code: 448ms)
 GET / 200 in 649ms (next.js: 24ms, application-code: 624ms)
 GET / 200 in 684ms (next.js: 226ms, application-code: 458ms)
 GET / 200 in 684ms (next.js: 265ms, application-code: 419ms)
 GET / 200 in 688ms (next.js: 311ms, application-code: 378ms)
 GET / 200 in 499ms (next.js: 9ms, application-code: 491ms)
 GET / 200 in 531ms (next.js: 11ms, application-code: 520ms)
 GET / 200 in 454ms (next.js: 57ms, application-code: 397ms)
 GET / 200 in 456ms (next.js: 8ms, application-code: 448ms)
 GET / 200 in 347ms (next.js: 14ms, application-code: 332ms)
 GET / 200 in 342ms (next.js: 64ms, application-code: 278ms)
 GET / 200 in 245ms (next.js: 11ms, application-code: 234ms)
 GET / 200 in 243ms (next.js: 61ms, application-code: 182ms)
 GET / 200 in 120ms (next.js: 18ms, application-code: 102ms)
 GET / 200 in 121ms (next.js: 53ms, application-code: 68ms)
 GET /worker.js 404 in 312ms (next.js: 111ms, application-code: 201ms)
✓ Compiled in 206ms
 GET / 200 in 222ms (next.js: 166ms, application-code: 56ms)
 GET / 200 in 226ms (next.js: 112ms, application-code: 114ms)
✓ Compiled in 911ms
 GET / 200 in 508ms (next.js: 153ms, application-code: 356ms)
 GET / 200 in 364ms (next.js: 180ms, application-code: 183ms)
 GET / 200 in 368ms (next.js: 96ms, application-code: 272ms)
 GET / 200 in 370ms (next.js: 39ms, application-code: 332ms)
 GET / 200 in 2.6s (next.js: 1512ms, application-code: 1063ms)
 GET / 200 in 2.6s (next.js: 1535ms, application-code: 1105ms)
 GET / 200 in 1019ms (next.js: 183ms, application-code: 837ms)
 GET / 200 in 1282ms (next.js: 88ms, application-code: 1195ms)
 GET / 200 in 1283ms (next.js: 129ms, application-code: 1154ms)
 GET / 200 in 797ms (next.js: 211ms, application-code: 586ms)
 GET / 200 in 798ms (next.js: 242ms, application-code: 556ms)
 GET / 200 in 802ms (next.js: 281ms, application-code: 521ms)
 GET / 200 in 587ms (next.js: 44ms, application-code: 543ms)
 GET / 200 in 844ms (next.js: 24ms, application-code: 820ms)
 GET / 200 in 707ms (next.js: 10ms, application-code: 696ms)
 GET / 200 in 707ms (next.js: 88ms, application-code: 618ms)
 GET / 200 in 711ms (next.js: 49ms, application-code: 662ms)
 GET / 200 in 725ms (next.js: 342ms, application-code: 383ms)
 GET / 200 in 999ms (next.js: 5ms, application-code: 994ms)
 GET / 200 in 1091ms (next.js: 32ms, application-code: 1060ms)
 GET / 200 in 902ms (next.js: 18ms, application-code: 884ms)
 GET / 200 in 903ms (next.js: 47ms, application-code: 856ms)
 GET /api/settings 404 in 910ms (next.js: 158ms, application-code: 752ms)
 GET /api/products 404 in 951ms (next.js: 441ms, application-code: 510ms)
 GET / 200 in 934ms (next.js: 466ms, application-code: 468ms)
 GET / 200 in 454ms (next.js: 107ms, application-code: 347ms)
 GET / 200 in 351ms (next.js: 11ms, application-code: 340ms)
 GET /api/settings 404 in 469ms (next.js: 18ms, application-code: 451ms)
 GET / 200 in 305ms (next.js: 12ms, application-code: 293ms)
 GET / 200 in 289ms (next.js: 75ms, application-code: 214ms)
 GET / 200 in 288ms (next.js: 107ms, application-code: 181ms)
 GET / 200 in 184ms (next.js: 11ms, application-code: 173ms)
 GET /api/settings 404 in 379ms (next.js: 53ms, application-code: 326ms)
 GET / 200 in 186ms (next.js: 42ms, application-code: 144ms)
 GET / 200 in 210ms (next.js: 6ms, application-code: 204ms)
 GET / 200 in 178ms (next.js: 8ms, application-code: 171ms)
 GET / 200 in 173ms (next.js: 8ms, application-code: 165ms)
 GET / 200 in 173ms (next.js: 40ms, application-code: 133ms)
 GET / 200 in 110ms (next.js: 4ms, application-code: 106ms)
 GET / 200 in 119ms (next.js: 5ms, application-code: 114ms)
 GET / 200 in 222ms (next.js: 6ms, application-code: 215ms)
 GET / 200 in 186ms (next.js: 9ms, application-code: 176ms)
 GET / 200 in 196ms (next.js: 10ms, application-code: 186ms)
 GET / 200 in 194ms (next.js: 39ms, application-code: 155ms)
 GET / 200 in 137ms (next.js: 8ms, application-code: 129ms)
 GET / 200 in 185ms (next.js: 4ms, application-code: 181ms)
 GET / 200 in 282ms (next.js: 7ms, application-code: 275ms)
 GET / 200 in 236ms (next.js: 10ms, application-code: 226ms)
 GET / 200 in 236ms (next.js: 7ms, application-code: 229ms)
 GET / 200 in 260ms (next.js: 51ms, application-code: 210ms)
 GET / 200 in 172ms (next.js: 5ms, application-code: 168ms)
 GET / 200 in 213ms (next.js: 7ms, application-code: 206ms)
 GET / 200 in 297ms (next.js: 10ms, application-code: 287ms)
 GET / 200 in 232ms (next.js: 10ms, application-code: 221ms)
 GET / 200 in 290ms (next.js: 46ms, application-code: 244ms)
 GET / 200 in 219ms (next.js: 9ms, application-code: 209ms)
 GET / 200 in 223ms (next.js: 59ms, application-code: 163ms)
 GET / 200 in 231ms (next.js: 4ms, application-code: 227ms)
 GET / 200 in 316ms (next.js: 8ms, application-code: 308ms)
 GET / 200 in 249ms (next.js: 14ms, application-code: 234ms)
 GET / 200 in 286ms (next.js: 55ms, application-code: 231ms)
 GET / 200 in 198ms (next.js: 11ms, application-code: 186ms)
 GET / 200 in 194ms (next.js: 52ms, application-code: 142ms)
 GET / 200 in 185ms (next.js: 7ms, application-code: 179ms)
 GET / 200 in 271ms (next.js: 9ms, application-code: 262ms)
 GET / 200 in 230ms (next.js: 13ms, application-code: 217ms)
 GET / 200 in 263ms (next.js: 44ms, application-code: 219ms)
 GET / 200 in 195ms (next.js: 10ms, application-code: 185ms)
 GET / 200 in 231ms (next.js: 52ms, application-code: 179ms)
 GET / 200 in 211ms (next.js: 4ms, application-code: 207ms)
 GET / 200 in 296ms (next.js: 8ms, application-code: 288ms)
 GET / 200 in 261ms (next.js: 6ms, application-code: 254ms)
 GET /worker.js 404 in 104ms (next.js: 7ms, application-code: 96ms)
 GET / 200 in 224ms (next.js: 23ms, application-code: 201ms)
 GET / 200 in 165ms (next.js: 10ms, application-code: 156ms)
 GET /api/settings 404 in 483ms (next.js: 16ms, application-code: 466ms)
 GET /api/products 404 in 488ms (next.js: 166ms, application-code: 322ms)
 GET /api/settings 404 in 278ms (next.js: 7ms, application-code: 271ms)
 GET /api/settings 404 in 130ms (next.js: 13ms, application-code: 118ms)
 GET /worker.js 404 in 343ms (next.js: 102ms, application-code: 241ms)
 GET /worker.js 404 in 57ms (next.js: 4ms, application-code: 53ms)
✓ Compiled in 219ms
 GET / 200 in 811ms (next.js: 109ms, application-code: 702ms)
 GET / 200 in 632ms (next.js: 17ms, application-code: 615ms)
 GET /api/settings 404 in 547ms (next.js: 287ms, application-code: 259ms)
 GET /api/settings 404 in 546ms (next.js: 450ms, application-code: 96ms)
 GET /worker.js 404 in 92ms (next.js: 5ms, application-code: 87ms)
✓ Compiled in 126ms
 GET / 200 in 152ms (next.js: 82ms, application-code: 71ms)
 GET / 200 in 30ms (next.js: 3ms, application-code: 27ms)
 GET /worker.js 404 in 214ms (next.js: 78ms, application-code: 136ms)
✓ Compiled in 129ms
 GET / 200 in 185ms (next.js: 88ms, application-code: 98ms)
 GET / 200 in 60ms (next.js: 10ms, application-code: 50ms)
 GET /worker.js 404 in 196ms (next.js: 71ms, application-code: 125ms)
✓ Compiled in 204ms
 GET / 200 in 219ms (next.js: 108ms, application-code: 110ms)
 GET / 200 in 59ms (next.js: 6ms, application-code: 52ms)
 GET /worker.js 404 in 153ms (next.js: 14ms, application-code: 139ms)
✓ Compiled in 143ms
 GET / 200 in 286ms (next.js: 172ms, application-code: 114ms)
 GET / 200 in 286ms (next.js: 229ms, application-code: 57ms)
 GET /worker.js 404 in 221ms (next.js: 29ms, application-code: 192ms)
 GET /admin 200 in 195ms (next.js: 144ms, application-code: 51ms)
 GET /api/products 404 in 628ms (next.js: 23ms, application-code: 605ms)
 GET /api/orders?sort=-created_date&limit=100 404 in 627ms (next.js: 73ms, application-code: 554ms)
 GET /api/settings 404 in 623ms (next.js: 142ms, application-code: 481ms)
 GET /api/products 404 in 271ms (next.js: 11ms, application-code: 261ms)
 GET /api/orders?sort=-created_date&limit=100 404 in 271ms (next.js: 36ms, application-code: 235ms)
 GET /api/settings 404 in 267ms (next.js: 135ms, application-code: 132ms)
 GET /api/orders?sort=-created_date&limit=100 404 in 104ms (next.js: 5ms, application-code: 99ms)
 GET /api/orders?sort=-created_date&limit=100 404 in 67ms (next.js: 6ms, application-code: 62ms)
 GET /api/orders?sort=-created_date&limit=100 404 in 54ms (next.js: 3ms, application-code: 51ms)
 GET /api/orders?sort=-created_date&limit=100 404 in 66ms (next.js: 4ms, application-code: 62ms)
 GET /api/orders?sort=-created_date&limit=100 404 in 54ms (next.js: 4ms, application-code: 50ms)
 GET /api/orders?sort=-created_date&limit=100 404 in 76ms (next.js: 5ms, application-code: 71ms)
 GET /api/orders?sort=-created_date&limit=100 404 in 56ms (next.js: 4ms, application-code: 52ms)
 GET /api/orders?sort=-created_date&limit=100 404 in 57ms (next.js: 3ms, application-code: 53ms)
✓ Compiled in 533ms
 GET /api/orders?sort=-created_date&limit=100 404 in 62ms (next.js: 6ms, application-code: 56ms)
✓ Compiled in 263ms
 GET /admin 200 in 717ms (next.js: 113ms, application-code: 604ms)
 GET / 200 in 717ms (next.js: 289ms, application-code: 428ms)
 GET /api/orders?sort=-created_date&limit=100 404 in 363ms (next.js: 49ms, application-code: 314ms)
 GET /api/orders?sort=-created_date&limit=100 404 in 65ms (next.js: 4ms, application-code: 61ms)
 GET /api/orders?sort=-created_date&limit=100 404 in 106ms (next.js: 9ms, application-code: 97ms)
 GET /api/orders?sort=-created_date&limit=100 404 in 224ms (next.js: 11ms, application-code: 213ms)
 GET /api/orders?sort=-created_date&limit=100 404 in 132ms (next.js: 15ms, application-code: 117ms)
 GET /api/orders?sort=-created_date&limit=100 404 in 86ms (next.js: 7ms, application-code: 79ms)
 GET /api/orders?sort=-created_date&limit=100 404 in 85ms (next.js: 5ms, application-code: 80ms)
 GET /api/orders?sort=-created_date&limit=100 404 in 61ms (next.js: 4ms, application-code: 57ms)
 GET /api/orders?sort=-created_date&limit=100 404 in 60ms (next.js: 4ms, application-code: 55ms)
 GET /api/orders?sort=-created_date&limit=100 404 in 58ms (next.js: 4ms, application-code: 54ms)
 GET /api/orders?sort=-created_date&limit=100 404 in 60ms (next.js: 5ms, application-code: 56ms)
 GET / 200 in 33ms (next.js: 3ms, application-code: 30ms)
 GET /api/products 404 in 388ms (next.js: 21ms, application-code: 368ms)
 GET /api/settings 404 in 378ms (next.js: 99ms, application-code: 279ms)
 GET /api/products 404 in 189ms (next.js: 11ms, application-code: 177ms)
 GET /api/settings 404 in 188ms (next.js: 78ms, application-code: 109ms)
 GET /worker.js 404 in 75ms (next.js: 8ms, application-code: 67ms)
✓ Compiled in 417ms
✓ Compiled in 218ms
⨯ ./app/(home)/page.js:906:78
Unterminated string constant
  [90m904 |[0m ...
  [90m905 |[0m ...[32misplay text-3xl md:text-5xl font-light leading-tight bg-gradient-to-r from-parchment v...[0m
[31m[1m>[0m [90m906 |[0m ...Size: [32m"200% auto"[0m, ...itemStyle([35m1[0m, [35m0.5[0m) }}[32m">[0m
  [90m    |[0m                                              [31m[1m^^[0m
  [90m907 |[0m ...[32m meal is just a click away[0m
  [90m908 |[0m ...
  [90m909 |[0m ...xt-stone-[35m400[0m text-base max-w-lg mx-auto[32m" style={itemStyle(2, 0.5)}>[0m

Parsing ecmascript source code failed

Import traces:
  Client Component Browser:
    ./app/(home)/page.js [Client Component Browser]
    ./app/(home)/page.js [Server Component]

  Client Component SSR:
    ./app/(home)/page.js [Client Component SSR]
    ./app/(home)/page.js [Server Component]


⨯ ./app/(home)/page.js:906:78
Unterminated string constant
  [90m904 |[0m ...
  [90m905 |[0m ...[32misplay text-3xl md:text-5xl font-light leading-tight bg-gradient-to-r from-parchment v...[0m
[31m[1m>[0m [90m906 |[0m ...Size: [32m"200% auto"[0m, ...itemStyle([35m1[0m, [35m0.5[0m) }}[32m">[0m
  [90m    |[0m                                              [31m[1m^^[0m
  [90m907 |[0m ...[32m meal is just a click away[0m
  [90m908 |[0m ...
  [90m909 |[0m ...xt-stone-[35m400[0m text-base max-w-lg mx-auto[32m" style={itemStyle(2, 0.5)}>[0m

Parsing ecmascript source code failed

Import traces:
  Client Component Browser:
    ./app/(home)/page.js [Client Component Browser]
    ./app/(home)/page.js [Server Component]

  Client Component SSR:
    ./app/(home)/page.js [Client Component SSR]
    ./app/(home)/page.js [Server Component]


[browser] ./app/(home)/page.js:906:78
Unterminated string constant
  904 | ...
  905 | ...isplay text-3xl md:text-5xl font-light leading-tight bg-gradient-to-r from-parchment v...
> 906 | ...Size: "200% auto", ...itemStyle(1, 0.5) }}">
      |                                              ^^
  907 | ... meal is just a click away
  908 | ...
  909 | ...xt-stone-400 text-base max-w-lg mx-auto" style={itemStyle(2, 0.5)}>

Parsing ecmascript source code failed

Import traces:
  Client Component Browser:
    ./app/(home)/page.js [Client Component Browser]
    ./app/(home)/page.js [Server Component]

  Client Component SSR:
    ./app/(home)/page.js [Client Component SSR]
    ./app/(home)/page.js [Server Component] 
[browser] ./app/(home)/page.js:906:78
Unterminated string constant
  904 | ...
  905 | ...isplay text-3xl md:text-5xl font-light leading-tight bg-gradient-to-r from-parchment v...
> 906 | ...Size: "200% auto", ...itemStyle(1, 0.5) }}">
      |                                              ^^
  907 | ... meal is just a click away
  908 | ...
  909 | ...xt-stone-400 text-base max-w-lg mx-auto" style={itemStyle(2, 0.5)}>

Parsing ecmascript source code failed

Import traces:
  Client Component Browser:
    ./app/(home)/page.js [Client Component Browser]
    ./app/(home)/page.js [Server Component]

  Client Component SSR:
    ./app/(home)/page.js [Client Component SSR]
    ./app/(home)/page.js [Server Component] 
 GET / 500 in 1008ms (next.js: 976ms, application-code: 33ms)
 GET / 500 in 1011ms (next.js: 997ms, application-code: 14ms)
⨯ ./app/(home)/page.js:906:78
Unterminated string constant
  [90m904 |[0m ...
  [90m905 |[0m ...[32misplay text-3xl md:text-5xl font-light leading-tight bg-gradient-to-r from-parchment v...[0m
[31m[1m>[0m [90m906 |[0m ...Size: [32m"200% auto"[0m, ...itemStyle([35m1[0m, [35m0.5[0m) }}[32m">[0m
  [90m    |[0m                                              [31m[1m^^[0m
  [90m907 |[0m ...[32m meal is just a click away[0m
  [90m908 |[0m ...
  [90m909 |[0m ...xt-stone-[35m400[0m text-base max-w-lg mx-auto[32m" style={itemStyle(2, 0.5)}>[0m

Parsing ecmascript source code failed

Import traces:
  Client Component Browser:
    ./app/(home)/page.js [Client Component Browser]
    ./app/(home)/page.js [Server Component]

  Client Component SSR:
    ./app/(home)/page.js [Client Component SSR]
    ./app/(home)/page.js [Server Component]


⨯ ./app/(home)/page.js:906:78
Unterminated string constant
  [90m904 |[0m ...
  [90m905 |[0m ...[32misplay text-3xl md:text-5xl font-light leading-tight bg-gradient-to-r from-parchment v...[0m
[31m[1m>[0m [90m906 |[0m ...Size: [32m"200% auto"[0m, ...itemStyle([35m1[0m, [35m0.5[0m) }}[32m">[0m
  [90m    |[0m                                              [31m[1m^^[0m
  [90m907 |[0m ...[32m meal is just a click away[0m
  [90m908 |[0m ...
  [90m909 |[0m ...xt-stone-[35m400[0m text-base max-w-lg mx-auto[32m" style={itemStyle(2, 0.5)}>[0m

Parsing ecmascript source code failed

Import traces:
  Client Component Browser:
    ./app/(home)/page.js [Client Component Browser]
    ./app/(home)/page.js [Server Component]

  Client Component SSR:
    ./app/(home)/page.js [Client Component SSR]
    ./app/(home)/page.js [Server Component]


⨯ ./app/(home)/page.js:906:78
Unterminated string constant
  [90m904 |[0m ...
  [90m905 |[0m ...[32misplay text-3xl md:text-5xl font-light leading-tight bg-gradient-to-r from-parchment v...[0m
[31m[1m>[0m [90m906 |[0m ...Size: [32m"200% auto"[0m, ...itemStyle([35m1[0m, [35m0.5[0m) }}[32m">[0m
  [90m    |[0m                                              [31m[1m^^[0m
  [90m907 |[0m ...[32m meal is just a click away[0m
  [90m908 |[0m ...
  [90m909 |[0m ...xt-stone-[35m400[0m text-base max-w-lg mx-auto[32m" style={itemStyle(2, 0.5)}>[0m

Parsing ecmascript source code failed

Import traces:
  Client Component Browser:
    ./app/(home)/page.js [Client Component Browser]
    ./app/(home)/page.js [Server Component]

  Client Component SSR:
    ./app/(home)/page.js [Client Component SSR]
    ./app/(home)/page.js [Server Component]


[browser] ./app/(home)/page.js:906:78
Unterminated string constant
  904 | ...
  905 | ...isplay text-3xl md:text-5xl font-light leading-tight bg-gradient-to-r from-parchment v...
> 906 | ...Size: "200% auto", ...itemStyle(1, 0.5) }}">
      |                                              ^^
  907 | ... meal is just a click away
  908 | ...
  909 | ...xt-stone-400 text-base max-w-lg mx-auto" style={itemStyle(2, 0.5)}>

Parsing ecmascript source code failed

Import traces:
  Client Component Browser:
    ./app/(home)/page.js [Client Component Browser]
    ./app/(home)/page.js [Server Component]

  Client Component SSR:
    ./app/(home)/page.js [Client Component SSR]
    ./app/(home)/page.js [Server Component] 
 GET / 500 in 74ms (next.js: 28ms, application-code: 46ms)
⨯ ./app/(home)/page.js:906:78
Unterminated string constant
  [90m904 |[0m ...
  [90m905 |[0m ...[32misplay text-3xl md:text-5xl font-light leading-tight bg-gradient-to-r from-parchment v...[0m
[31m[1m>[0m [90m906 |[0m ...Size: [32m"200% auto"[0m, ...itemStyle([35m1[0m, [35m0.5[0m) }}[32m">[0m
  [90m    |[0m                                              [31m[1m^^[0m
  [90m907 |[0m ...[32m meal is just a click away[0m
  [90m908 |[0m ...
  [90m909 |[0m ...xt-stone-[35m400[0m text-base max-w-lg mx-auto[32m" style={itemStyle(2, 0.5)}>[0m

Parsing ecmascript source code failed

Import traces:
  Client Component Browser:
    ./app/(home)/page.js [Client Component Browser]
    ./app/(home)/page.js [Server Component]

  Client Component SSR:
    ./app/(home)/page.js [Client Component SSR]
    ./app/(home)/page.js [Server Component]


 GET / 500 in 82ms (next.js: 43ms, application-code: 39ms)
 GET / 500 in 80ms (next.js: 53ms, application-code: 27ms)
⨯ ./app/(home)/page.js:906:78
Unterminated string constant
  [90m904 |[0m ...
  [90m905 |[0m ...[32misplay text-3xl md:text-5xl font-light leading-tight bg-gradient-to-r from-parchment v...[0m
[31m[1m>[0m [90m906 |[0m ...Size: [32m"200% auto"[0m, ...itemStyle([35m1[0m, [35m0.5[0m) }}[32m">[0m
  [90m    |[0m                                              [31m[1m^^[0m
  [90m907 |[0m ...[32m meal is just a click away[0m
  [90m908 |[0m ...
  [90m909 |[0m ...xt-stone-[35m400[0m text-base max-w-lg mx-auto[32m" style={itemStyle(2, 0.5)}>[0m

Parsing ecmascript source code failed

Import traces:
  Client Component Browser:
    ./app/(home)/page.js [Client Component Browser]
    ./app/(home)/page.js [Server Component]

  Client Component SSR:
    ./app/(home)/page.js [Client Component SSR]
    ./app/(home)/page.js [Server Component]


 GET / 500 in 56ms (next.js: 31ms, application-code: 24ms)
 GET / 500 in 94ms (next.js: 31ms, application-code: 63ms)
[browser] Uncaught Error: ./app/(home)/page.js:906:78
Unterminated string constant
  904 | ...
  905 | ...isplay text-3xl md:text-5xl font-light leading-tight bg-gradient-to-r from-parchment v...
> 906 | ...Size: "200% auto", ...itemStyle(1, 0.5) }}">
      |                                              ^^
  907 | ... meal is just a click away
  908 | ...
  909 | ...xt-stone-400 text-base max-w-lg mx-auto" style={itemStyle(2, 0.5)}>

Parsing ecmascript source code failed

Import traces:
  Client Component Browser:
    ./app/(home)/page.js [Client Component Browser]
    ./app/(home)/page.js [Server Component]

  Client Component SSR:
    ./app/(home)/page.js [Client Component SSR]
    ./app/(home)/page.js [Server Component]


    at <unknown> (Error: ./app/(home)/page.js:906:78)
    at <unknown> (Error: (./app/(home)/page.js:906:78)
[browser] ./app/(home)/page.js:906:78
Unterminated string constant
  904 | ...
  905 | ...isplay text-3xl md:text-5xl font-light leading-tight bg-gradient-to-r from-parchment v...
> 906 | ...Size: "200% auto", ...itemStyle(1, 0.5) }}">
      |                                              ^^
  907 | ... meal is just a click away
  908 | ...
  909 | ...xt-stone-400 text-base max-w-lg mx-auto" style={itemStyle(2, 0.5)}>

Parsing ecmascript source code failed

Import traces:
  Client Component Browser:
    ./app/(home)/page.js [Client Component Browser]
    ./app/(home)/page.js [Server Component]

  Client Component SSR:
    ./app/(home)/page.js [Client Component SSR]
    ./app/(home)/page.js [Server Component] 
[browser] ./app/(home)/page.js:906:78
Unterminated string constant
  904 | ...
  905 | ...isplay text-3xl md:text-5xl font-light leading-tight bg-gradient-to-r from-parchment v...
> 906 | ...Size: "200% auto", ...itemStyle(1, 0.5) }}">
      |                                              ^^
  907 | ... meal is just a click away
  908 | ...
  909 | ...xt-stone-400 text-base max-w-lg mx-auto" style={itemStyle(2, 0.5)}>

Parsing ecmascript source code failed

Import traces:
  Client Component Browser:
    ./app/(home)/page.js [Client Component Browser]
    ./app/(home)/page.js [Server Component]

  Client Component SSR:
    ./app/(home)/page.js [Client Component SSR]
    ./app/(home)/page.js [Server Component] 
[browser] Uncaught Error: ./app/(home)/page.js:906:78
Unterminated string constant
  904 | ...
  905 | ...isplay text-3xl md:text-5xl font-light leading-tight bg-gradient-to-r from-parchment v...
> 906 | ...Size: "200% auto", ...itemStyle(1, 0.5) }}">
      |                                              ^^
  907 | ... meal is just a click away
  908 | ...
  909 | ...xt-stone-400 text-base max-w-lg mx-auto" style={itemStyle(2, 0.5)}>

Parsing ecmascript source code failed

Import traces:
  Client Component Browser:
    ./app/(home)/page.js [Client Component Browser]
    ./app/(home)/page.js [Server Component]

  Client Component SSR:
    ./app/(home)/page.js [Client Component SSR]
    ./app/(home)/page.js [Server Component]


    at <unknown> (Error: ./app/(home)/page.js:906:78)
    at <unknown> (Error: (./app/(home)/page.js:906:78)
[browser] ./app/(home)/page.js:906:78
Unterminated string constant
  904 | ...
  905 | ...isplay text-3xl md:text-5xl font-light leading-tight bg-gradient-to-r from-parchment v...
> 906 | ...Size: "200% auto", ...itemStyle(1, 0.5) }}">
      |                                              ^^
  907 | ... meal is just a click away
  908 | ...
  909 | ...xt-stone-400 text-base max-w-lg mx-auto" style={itemStyle(2, 0.5)}>

Parsing ecmascript source code failed

Import traces:
  Client Component Browser:
    ./app/(home)/page.js [Client Component Browser]
    ./app/(home)/page.js [Server Component]

  Client Component SSR:
    ./app/(home)/page.js [Client Component SSR]
    ./app/(home)/page.js [Server Component] 
 GET /worker.js 500 in 18ms (next.js: 7ms, application-code: 11ms)
[browser] ./app/(home)/page.js:906:78
Unterminated string constant
  904 | ...
  905 | ...isplay text-3xl md:text-5xl font-light leading-tight bg-gradient-to-r from-parchment v...
> 906 | ...Size: "200% auto", ...itemStyle(1, 0.5) }}">
      |                                              ^^
  907 | ... meal is just a click away
  908 | ...
  909 | ...xt-stone-400 text-base max-w-lg mx-auto" style={itemStyle(2, 0.5)}>

Parsing ecmascript source code failed

Import traces:
  Client Component Browser:
    ./app/(home)/page.js [Client Component Browser]
    ./app/(home)/page.js [Server Component]

  Client Component SSR:
    ./app/(home)/page.js [Client Component SSR]
    ./app/(home)/page.js [Server Component] 
✓ Compiled in 140ms
 GET / 200 in 923ms (next.js: 109ms, application-code: 814ms)
 GET / 200 in 635ms (next.js: 29ms, application-code: 607ms)
 GET / 200 in 307ms (next.js: 8ms, application-code: 299ms)
 GET / 200 in 190ms (next.js: 4ms, application-code: 186ms)
 GET / 200 in 190ms (next.js: 86ms, application-code: 104ms)
 GET /worker.js 404 in 106ms (next.js: 16ms, application-code: 90ms)
 GET /api/settings 404 in 334ms (next.js: 11ms, application-code: 322ms)
 GET /api/products 404 in 404ms (next.js: 11ms, application-code: 392ms)
 GET /api/settings 404 in 328ms (next.js: 18ms, application-code: 310ms)
 GET /api/settings 404 in 210ms (next.js: 18ms, application-code: 192ms)
 GET /api/settings 404 in 207ms (next.js: 85ms, application-code: 122ms)
 GET /api/settings 404 in 239ms (next.js: 8ms, application-code: 231ms)
 GET /api/products 404 in 171ms (next.js: 12ms, application-code: 159ms)
 GET /api/settings 404 in 268ms (next.js: 8ms, application-code: 260ms)
 GET /api/settings 404 in 186ms (next.js: 30ms, application-code: 156ms)
 GET /api/settings 404 in 192ms (next.js: 102ms, application-code: 90ms)
 GET /worker.js 404 in 57ms (next.js: 5ms, application-code: 52ms)
 GET /worker.js 404 in 59ms (next.js: 4ms, application-code: 56ms)
✓ Compiled in 117ms
 GET / 200 in 178ms (next.js: 107ms, application-code: 71ms)
 GET / 200 in 30ms (next.js: 4ms, application-code: 25ms)
 GET /worker.js 404 in 178ms (next.js: 20ms, application-code: 158ms)
✓ Compiled in 446ms
 GET / 200 in 1460ms (next.js: 182ms, application-code: 1278ms)
 GET / 200 in 1459ms (next.js: 300ms, application-code: 1159ms)
 GET /api/settings 404 in 1001ms (next.js: 219ms, application-code: 782ms)
 GET /api/products 404 in 1028ms (next.js: 102ms, application-code: 927ms)
 GET /api/settings 404 in 985ms (next.js: 773ms, application-code: 211ms)
 GET /api/products 404 in 997ms (next.js: 702ms, application-code: 295ms)
 GET /worker.js 404 in 209ms (next.js: 14ms, application-code: 196ms)
 GET / 200 in 163ms (next.js: 78ms, application-code: 85ms)
 GET / 200 in 38ms (next.js: 4ms, application-code: 34ms)
 GET /worker.js 404 in 140ms (next.js: 14ms, application-code: 126ms)
 GET / 200 in 178ms (next.js: 83ms, application-code: 95ms)
 GET / 200 in 40ms (next.js: 5ms, application-code: 36ms)
 GET /worker.js 404 in 179ms (next.js: 14ms, application-code: 165ms)
✓ Compiled in 320ms
 GET / 200 in 505ms (next.js: 139ms, application-code: 367ms)
 GET / 200 in 503ms (next.js: 243ms, application-code: 260ms)
 GET / 200 in 201ms (next.js: 95ms, application-code: 106ms)
 GET / 200 in 202ms (next.js: 143ms, application-code: 59ms)
 GET /fast 200 in 816ms (next.js: 769ms, application-code: 47ms)
 GET /api/products 404 in 479ms (next.js: 38ms, application-code: 441ms)
 GET /api/products 404 in 145ms (next.js: 11ms, application-code: 133ms)
 GET /worker.js 404 in 65ms (next.js: 4ms, application-code: 61ms)
 GET /checkout 200 in 253ms (next.js: 214ms, application-code: 39ms)
 GET /api/settings 404 in 281ms (next.js: 11ms, application-code: 271ms)
 GET /api/settings 404 in 132ms (next.js: 13ms, application-code: 119ms)
 GET / 200 in 30ms (next.js: 3ms, application-code: 27ms)
 GET /api/products 404 in 389ms (next.js: 7ms, application-code: 382ms)
 GET /api/settings 404 in 754ms (next.js: 22ms, application-code: 732ms)
 GET /api/products 404 in 634ms (next.js: 10ms, application-code: 624ms)
 GET /api/settings 404 in 585ms (next.js: 48ms, application-code: 537ms)
✓ Compiled in 195ms
 GET / 200 in 276ms (next.js: 122ms, application-code: 155ms)
 GET / 200 in 280ms (next.js: 191ms, application-code: 90ms)
 GET /worker.js 404 in 165ms (next.js: 21ms, application-code: 145ms)
✓ Compiled in 106ms
 GET / 200 in 166ms (next.js: 78ms, application-code: 88ms)
 GET / 200 in 52ms (next.js: 9ms, application-code: 43ms)
 GET /worker.js 404 in 144ms (next.js: 13ms, application-code: 131ms)
 GET /fast 200 in 142ms (next.js: 91ms, application-code: 50ms)
 GET /api/products 404 in 155ms (next.js: 6ms, application-code: 150ms)
 GET /api/products 404 in 72ms (next.js: 5ms, application-code: 67ms)
 GET / 200 in 30ms (next.js: 3ms, application-code: 27ms)
 GET /api/settings 404 in 359ms (next.js: 18ms, application-code: 341ms)
 GET /api/products 404 in 359ms (next.js: 94ms, application-code: 265ms)
 GET /api/settings 404 in 185ms (next.js: 16ms, application-code: 169ms)
 GET /api/products 404 in 183ms (next.js: 82ms, application-code: 101ms)
 GET /local 200 in 166ms (next.js: 113ms, application-code: 53ms)
 GET /api/products 404 in 181ms (next.js: 10ms, application-code: 171ms)
 GET /api/products 404 in 92ms (next.js: 7ms, application-code: 85ms)
 GET / 200 in 31ms (next.js: 3ms, application-code: 28ms)
 GET /api/products 404 in 525ms (next.js: 13ms, application-code: 512ms)
 GET /api/settings 404 in 521ms (next.js: 79ms, application-code: 442ms)
 GET /api/products 404 in 353ms (next.js: 17ms, application-code: 336ms)
 GET /api/settings 404 in 346ms (next.js: 141ms, application-code: 204ms)
 GET /worker.js 404 in 51ms (next.js: 4ms, application-code: 47ms)
✓ Compiled in 101ms
 GET / 200 in 162ms (next.js: 86ms, application-code: 76ms)
 GET / 200 in 32ms (next.js: 3ms, application-code: 29ms)
 GET /worker.js 404 in 130ms (next.js: 12ms, application-code: 118ms)
✓ Compiled in 153ms
 GET / 200 in 243ms (next.js: 111ms, application-code: 132ms)
 GET / 200 in 53ms (next.js: 4ms, application-code: 49ms)
✓ Compiled in 104ms
 GET / 200 in 140ms (next.js: 67ms, application-code: 73ms)
 GET / 200 in 141ms (next.js: 106ms, application-code: 34ms)
✓ Compiled in 328ms
 GET / 200 in 208ms (next.js: 162ms, application-code: 46ms)
 GET / 200 in 212ms (next.js: 97ms, application-code: 114ms)
 GET /worker.js 404 in 136ms (next.js: 12ms, application-code: 124ms)
✓ Compiled in 125ms
 GET / 200 in 190ms (next.js: 79ms, application-code: 111ms)
 GET / 200 in 60ms (next.js: 4ms, application-code: 56ms)
 GET /worker.js 404 in 139ms (next.js: 13ms, application-code: 126ms)
✓ Compiled in 124ms
 GET / 200 in 183ms (next.js: 96ms, application-code: 87ms)
 GET / 200 in 40ms (next.js: 4ms, application-code: 36ms)
 GET /worker.js 404 in 134ms (next.js: 12ms, application-code: 122ms)
 GET /fast 200 in 166ms (next.js: 111ms, application-code: 55ms)
 GET /api/products 404 in 252ms (next.js: 20ms, application-code: 232ms)
 GET /api/products 404 in 129ms (next.js: 9ms, application-code: 120ms)
 GET /worker.js 404 in 71ms (next.js: 8ms, application-code: 63ms)
✓ Compiled in 127ms
 GET / 200 in 291ms (next.js: 88ms, application-code: 202ms)
 GET /fast 200 in 158ms (next.js: 103ms, application-code: 56ms)
 GET /worker.js 404 in 157ms (next.js: 16ms, application-code: 141ms)
✓ Compiled in 126ms
 GET / 200 in 257ms (next.js: 93ms, application-code: 165ms)
 GET /fast 200 in 124ms (next.js: 83ms, application-code: 41ms)
 GET /worker.js 404 in 135ms (next.js: 9ms, application-code: 126ms)
 GET / 200 in 32ms (next.js: 3ms, application-code: 29ms)
 GET /api/products 404 in 382ms (next.js: 14ms, application-code: 368ms)
 GET /api/settings 404 in 736ms (next.js: 10ms, application-code: 726ms)
 GET /api/products 404 in 634ms (next.js: 11ms, application-code: 623ms)
 GET /api/settings 404 in 588ms (next.js: 45ms, application-code: 543ms)
 GET /local 200 in 52ms (next.js: 20ms, application-code: 33ms)
 GET /api/products 404 in 211ms (next.js: 11ms, application-code: 200ms)
 GET /api/products 404 in 101ms (next.js: 5ms, application-code: 96ms)
 GET /worker.js 404 in 67ms (next.js: 5ms, application-code: 62ms)
✓ Compiled in 201ms
 GET / 200 in 367ms (next.js: 92ms, application-code: 275ms)
 GET /local 200 in 229ms (next.js: 119ms, application-code: 110ms)
 GET / 200 in 84ms (next.js: 11ms, application-code: 73ms)
 GET /api/products 404 in 540ms (next.js: 39ms, application-code: 501ms)
 GET /api/settings 404 in 1072ms (next.js: 12ms, application-code: 1060ms)
 GET /api/products 404 in 984ms (next.js: 11ms, application-code: 974ms)
 GET /api/settings 404 in 910ms (next.js: 14ms, application-code: 896ms)
✓ Compiled in 815ms
 GET /local 200 in 564ms (next.js: 128ms, application-code: 435ms)
 GET / 200 in 477ms (next.js: 149ms, application-code: 328ms)
 GET / 200 in 165ms (next.js: 9ms, application-code: 156ms)
 GET /local 200 in 168ms (next.js: 59ms, application-code: 109ms)
 GET /local 200 in 64ms (next.js: 6ms, application-code: 58ms)
 GET /api/products 404 in 213ms (next.js: 15ms, application-code: 198ms)
 GET /api/products 404 in 122ms (next.js: 5ms, application-code: 118ms)
 GET / 200 in 94ms (next.js: 12ms, application-code: 82ms)
 GET /api/products 404 in 758ms (next.js: 35ms, application-code: 722ms)
 GET /api/settings 404 in 741ms (next.js: 78ms, application-code: 664ms)
 GET /api/products 404 in 373ms (next.js: 19ms, application-code: 354ms)
 GET /api/settings 404 in 371ms (next.js: 195ms, application-code: 175ms)
 GET /worker.js 404 in 69ms (next.js: 5ms, application-code: 64ms)
 GET / 200 in 321ms (next.js: 185ms, application-code: 136ms)
 GET / 200 in 44ms (next.js: 5ms, application-code: 39ms)
 GET /worker.js 404 in 117ms (next.js: 11ms, application-code: 106ms)
✓ Compiled in 212ms
 GET / 200 in 363ms (next.js: 163ms, application-code: 200ms)
 GET / 200 in 368ms (next.js: 122ms, application-code: 247ms)
 GET / 200 in 176ms (next.js: 5ms, application-code: 170ms)
 GET / 200 in 141ms (next.js: 7ms, application-code: 135ms)
 GET / 200 in 85ms (next.js: 5ms, application-code: 80ms)
 GET / 200 in 52ms (next.js: 4ms, application-code: 48ms)
 GET /worker.js 404 in 189ms (next.js: 28ms, application-code: 161ms)
 GET / 200 in 147ms (next.js: 74ms, application-code: 72ms)
 GET / 200 in 34ms (next.js: 3ms, application-code: 32ms)
 GET /worker.js 404 in 142ms (next.js: 10ms, application-code: 132ms)
✓ Compiled in 546ms
 GET / 200 in 363ms (next.js: 76ms, application-code: 287ms)
 GET / 200 in 364ms (next.js: 128ms, application-code: 236ms)
 GET / 200 in 217ms (next.js: 3ms, application-code: 215ms)
 GET / 200 in 186ms (next.js: 5ms, application-code: 181ms)
 GET / 200 in 151ms (next.js: 5ms, application-code: 146ms)
 GET / 200 in 104ms (next.js: 19ms, application-code: 86ms)
 GET /worker.js 404 in 159ms (next.js: 14ms, application-code: 145ms)
✓ Compiled in 143ms
 GET / 200 in 959ms (next.js: 87ms, application-code: 872ms)
 GET / 200 in 957ms (next.js: 856ms, application-code: 102ms)
 GET / 200 in 68ms (next.js: 3ms, application-code: 66ms)
 GET / 200 in 40ms (next.js: 4ms, application-code: 37ms)
 GET /worker.js 404 in 169ms (next.js: 11ms, application-code: 158ms)
✓ Compiled in 174ms
 GET / 200 in 674ms (next.js: 115ms, application-code: 560ms)
 GET / 200 in 677ms (next.js: 161ms, application-code: 516ms)
 GET /api/products 404 in 491ms (next.js: 30ms, application-code: 461ms)
 GET /api/products 404 in 486ms (next.js: 99ms, application-code: 387ms)
 GET /api/settings 404 in 494ms (next.js: 66ms, application-code: 428ms)
 GET /api/settings 404 in 493ms (next.js: 264ms, application-code: 229ms)
✓ Compiled in 273ms
 GET / 200 in 199ms (next.js: 101ms, application-code: 98ms)
 GET / 200 in 50ms (next.js: 5ms, application-code: 45ms)
 GET /worker.js 404 in 141ms (next.js: 12ms, application-code: 129ms)
✓ Compiled in 136ms
 GET / 200 in 308ms (next.js: 119ms, application-code: 189ms)
 GET / 200 in 101ms (next.js: 7ms, application-code: 93ms)
[browser] Uncaught ReferenceError: sampleCards is not defined
    at Home (app/(home)/page.js:657:8)
  655 |           SAMPLE DISHES — preview cards from both menus
  656 |       ════════════════════════════════════════════════ */}
> 657 |       {sampleCards.length > 0 && !loading && (
      |        ^
  658 |         <section className="max-w-7xl mx-auto px-5 md:px-8 pt-24 md:pt-32">
  659 |           <AnimatedSection>
  660 |             <div className="mb-14">
✓ Compiled in 207ms
⨯ ReferenceError: featured is not defined
    at Home (app\(home)\page.js:787:10)
  785 |
  786 |         {/* Chef's Picks — integrated inside the menu section */}
> 787 |         {featured.length > 0 && filter === "all" && !query && !loading && (
      |          ^
  788 |           <AnimatedSection>
  789 |             <div className="mb-14">
  790 |               <div className="flex items-center gap-4 mb-8"> {
  digest: '719006650'
}
⚠ Fast Refresh had to perform a full reload due to a runtime error.
⚠ Fast Refresh had to perform a full reload due to a runtime error.
⨯ ReferenceError: featured is not defined
    at Home (app\(home)\page.js:787:10)
  785 |
  786 |         {/* Chef's Picks — integrated inside the menu section */}
> 787 |         {featured.length > 0 && filter === "all" && !query && !loading && (
      |          ^
  788 |           <AnimatedSection>
  789 |             <div className="mb-14">
  790 |               <div className="flex items-center gap-4 mb-8"> {
  digest: '719006650'
}
[browser] Uncaught ReferenceError: featured is not defined
    at Home (app/(home)/page.js:787:10)
    at Set.forEach (<anonymous>)
  785 |
  786 |         {/* Chef's Picks — integrated inside the menu section */}
> 787 |         {featured.length > 0 && filter === "all" && !query && !loading && (
      |          ^
  788 |           <AnimatedSection>
  789 |             <div className="mb-14">
  790 |               <div className="flex items-center gap-4 mb-8">
 GET / 500 in 1483ms (next.js: 123ms, application-code: 1360ms)
 GET / 500 in 2.4s (next.js: 1122ms, application-code: 1257ms)
[browser] Uncaught ReferenceError: featured is not defined
    at Home (app/(home)/page.js:787:10)
  785 |
  786 |         {/* Chef's Picks — integrated inside the menu section */}
> 787 |         {featured.length > 0 && filter === "all" && !query && !loading && (
      |          ^
  788 |           <AnimatedSection>
  789 |             <div className="mb-14">
  790 |               <div className="flex items-center gap-4 mb-8">
 GET /worker.js 404 in 84ms (next.js: 15ms, application-code: 69ms)
✓ Compiled in 133ms
⚠ Fast Refresh had to perform a full reload due to a runtime error.
⚠ Fast Refresh had to perform a full reload due to a runtime error.
⚠ Fast Refresh had to perform a full reload due to a runtime error.
⚠ Fast Refresh had to perform a full reload due to a runtime error.
 GET / 200 in 488ms (next.js: 119ms, application-code: 368ms)
 GET / 200 in 513ms (next.js: 342ms, application-code: 170ms)
 GET /api/settings 404 in 329ms (next.js: 23ms, application-code: 306ms)
 GET /api/products 404 in 464ms (next.js: 10ms, application-code: 454ms)
 GET /api/settings 404 in 416ms (next.js: 12ms, application-code: 404ms)
 GET /api/settings 404 in 288ms (next.js: 65ms, application-code: 224ms)
 GET /api/settings 404 in 293ms (next.js: 14ms, application-code: 280ms)
 GET /api/settings 404 in 369ms (next.js: 11ms, application-code: 358ms)
 GET /api/products 404 in 752ms (next.js: 12ms, application-code: 741ms)
 GET /api/settings 404 in 748ms (next.js: 110ms, application-code: 638ms)
 GET /api/settings 404 in 538ms (next.js: 15ms, application-code: 523ms)
 GET /api/settings 404 in 538ms (next.js: 406ms, application-code: 131ms)
 GET /worker.js 404 in 69ms (next.js: 4ms, application-code: 64ms)
 GET /worker.js 404 in 65ms (next.js: 6ms, application-code: 59ms)
✓ Compiled in 127ms
 GET / 200 in 196ms (next.js: 111ms, application-code: 86ms)
 GET / 200 in 40ms (next.js: 5ms, application-code: 35ms)
 GET /worker.js 404 in 400ms (next.js: 15ms, application-code: 385ms)
✓ Compiled in 130ms
 GET / 200 in 219ms (next.js: 108ms, application-code: 111ms)
 GET / 200 in 54ms (next.js: 5ms, application-code: 49ms)
✓ Compiled in 157ms
[browser] ./app/(home)/page.js:732:18
Expected '</', got ')'
  730 |                     </div>
  731 |                   </div>
> 732 |                 ))}
      |                  ^
  733 |               </div>
  734 |
  735 |               <div className="flex items-center justify-center gap-4 mt-10">

Parsing ecmascript source code failed

Import traces:
  Client Component Browser:
    ./app/(home)/page.js [Client Component Browser]
    ./app/(home)/page.js [Server Component]

  Client Component SSR:
    ./app/(home)/page.js [Client Component SSR]
    ./app/(home)/page.js [Server Component] 
⨯ ./app/(home)/page.js:732:18
Expected '</', got ')'
  [90m730 |[0m                     </div>
  [90m731 |[0m                   </div>
[31m[1m>[0m [90m732 |[0m                 ))}
  [90m    |[0m                  [31m[1m^[0m
  [90m733 |[0m               </div>
  [90m734 |[0m
  [90m735 |[0m               <div className=[32m"flex items-center justify-center gap-4 mt-10"[0m>

Parsing ecmascript source code failed

Import traces:
  Client Component Browser:
    ./app/(home)/page.js [Client Component Browser]
    ./app/(home)/page.js [Server Component]

  Client Component SSR:
    ./app/(home)/page.js [Client Component SSR]
    ./app/(home)/page.js [Server Component]


⨯ ./app/(home)/page.js:732:18
Expected '</', got ')'
  [90m730 |[0m                     </div>
  [90m731 |[0m                   </div>
[31m[1m>[0m [90m732 |[0m                 ))}
  [90m    |[0m                  [31m[1m^[0m
  [90m733 |[0m               </div>
  [90m734 |[0m
  [90m735 |[0m               <div className=[32m"flex items-center justify-center gap-4 mt-10"[0m>

Parsing ecmascript source code failed

Import traces:
  Client Component Browser:
    ./app/(home)/page.js [Client Component Browser]
    ./app/(home)/page.js [Server Component]

  Client Component SSR:
    ./app/(home)/page.js [Client Component SSR]
    ./app/(home)/page.js [Server Component]


[browser] ./app/(home)/page.js:732:18
Expected '</', got ')'
  730 |                     </div>
  731 |                   </div>
> 732 |                 ))}
      |                  ^
  733 |               </div>
  734 |
  735 |               <div className="flex items-center justify-center gap-4 mt-10">

Parsing ecmascript source code failed

Import traces:
  Client Component Browser:
    ./app/(home)/page.js [Client Component Browser]
    ./app/(home)/page.js [Server Component]

  Client Component SSR:
    ./app/(home)/page.js [Client Component SSR]
    ./app/(home)/page.js [Server Component] 
 GET / 500 in 382ms (next.js: 314ms, application-code: 68ms)
 GET / 500 in 383ms (next.js: 333ms, application-code: 50ms)
[browser] ./app/(home)/page.js:732:18
Expected '</', got ')'
  730 |                     </div>
  731 |                   </div>
> 732 |                 ))}
      |                  ^
  733 |               </div>
  734 |
  735 |               <div className="flex items-center justify-center gap-4 mt-10">

Parsing ecmascript source code failed

Import traces:
  Client Component Browser:
    ./app/(home)/page.js [Client Component Browser]
    ./app/(home)/page.js [Server Component]

  Client Component SSR:
    ./app/(home)/page.js [Client Component SSR]
    ./app/(home)/page.js [Server Component] 
⨯ ./app/(home)/page.js:732:18
Expected '</', got ')'
  [90m730 |[0m                     </div>
  [90m731 |[0m                   </div>
[31m[1m>[0m [90m732 |[0m                 ))}
  [90m    |[0m                  [31m[1m^[0m
  [90m733 |[0m               </div>
  [90m734 |[0m
  [90m735 |[0m               <div className=[32m"flex items-center justify-center gap-4 mt-10"[0m>

Parsing ecmascript source code failed

Import traces:
  Client Component Browser:
    ./app/(home)/page.js [Client Component Browser]
    ./app/(home)/page.js [Server Component]

  Client Component SSR:
    ./app/(home)/page.js [Client Component SSR]
    ./app/(home)/page.js [Server Component]


 GET / 500 in 63ms (next.js: 23ms, application-code: 40ms)
⨯ ./app/(home)/page.js:732:18
Expected '</', got ')'
  [90m730 |[0m                     </div>
  [90m731 |[0m                   </div>
[31m[1m>[0m [90m732 |[0m                 ))}
  [90m    |[0m                  [31m[1m^[0m
  [90m733 |[0m               </div>
  [90m734 |[0m
  [90m735 |[0m               <div className=[32m"flex items-center justify-center gap-4 mt-10"[0m>

Parsing ecmascript source code failed

Import traces:
  Client Component Browser:
    ./app/(home)/page.js [Client Component Browser]
    ./app/(home)/page.js [Server Component]

  Client Component SSR:
    ./app/(home)/page.js [Client Component SSR]
    ./app/(home)/page.js [Server Component]


⨯ ./app/(home)/page.js:732:18
Expected '</', got ')'
  [90m730 |[0m                     </div>
  [90m731 |[0m                   </div>
[31m[1m>[0m [90m732 |[0m                 ))}
  [90m    |[0m                  [31m[1m^[0m
  [90m733 |[0m               </div>
  [90m734 |[0m
  [90m735 |[0m               <div className=[32m"flex items-center justify-center gap-4 mt-10"[0m>

Parsing ecmascript source code failed

Import traces:
  Client Component Browser:
    ./app/(home)/page.js [Client Component Browser]
    ./app/(home)/page.js [Server Component]

  Client Component SSR:
    ./app/(home)/page.js [Client Component SSR]
    ./app/(home)/page.js [Server Component]


 GET / 500 in 60ms (next.js: 35ms, application-code: 25ms)
 GET / 500 in 60ms (next.js: 41ms, application-code: 19ms)
⨯ ./app/(home)/page.js:732:18
Expected '</', got ')'
  [90m730 |[0m                     </div>
  [90m731 |[0m                   </div>
[31m[1m>[0m [90m732 |[0m                 ))}
  [90m    |[0m                  [31m[1m^[0m
  [90m733 |[0m               </div>
  [90m734 |[0m
  [90m735 |[0m               <div className=[32m"flex items-center justify-center gap-4 mt-10"[0m>

Parsing ecmascript source code failed

Import traces:
  Client Component Browser:
    ./app/(home)/page.js [Client Component Browser]
    ./app/(home)/page.js [Server Component]

  Client Component SSR:
    ./app/(home)/page.js [Client Component SSR]
    ./app/(home)/page.js [Server Component]


 GET / 500 in 50ms (next.js: 17ms, application-code: 33ms)
⨯ ./app/(home)/page.js:732:18
Expected '</', got ')'
  [90m730 |[0m                     </div>
  [90m731 |[0m                   </div>
[31m[1m>[0m [90m732 |[0m                 ))}
  [90m    |[0m                  [31m[1m^[0m
  [90m733 |[0m               </div>
  [90m734 |[0m
  [90m735 |[0m               <div className=[32m"flex items-center justify-center gap-4 mt-10"[0m>

Parsing ecmascript source code failed

Import traces:
  Client Component Browser:
    ./app/(home)/page.js [Client Component Browser]
    ./app/(home)/page.js [Server Component]

  Client Component SSR:
    ./app/(home)/page.js [Client Component SSR]
    ./app/(home)/page.js [Server Component]


 GET / 500 in 312ms (next.js: 283ms, application-code: 29ms)
⨯ ./app/(home)/page.js:732:18
Expected '</', got ')'
  [90m730 |[0m                     </div>
  [90m731 |[0m                   </div>
[31m[1m>[0m [90m732 |[0m                 ))}
  [90m    |[0m                  [31m[1m^[0m
  [90m733 |[0m               </div>
  [90m734 |[0m
  [90m735 |[0m               <div className=[32m"flex items-center justify-center gap-4 mt-10"[0m>

Parsing ecmascript source code failed

Import traces:
  Client Component Browser:
    ./app/(home)/page.js [Client Component Browser]
    ./app/(home)/page.js [Server Component]

  Client Component SSR:
    ./app/(home)/page.js [Client Component SSR]
    ./app/(home)/page.js [Server Component]


 GET / 500 in 90ms (next.js: 25ms, application-code: 65ms)
[browser] Uncaught Error: ./app/(home)/page.js:732:18
Expected '</', got ')'
  730 |                     </div>
  731 |                   </div>
> 732 |                 ))}
      |                  ^
  733 |               </div>
  734 |
  735 |               <div className="flex items-center justify-center gap-4 mt-10">

Parsing ecmascript source code failed

Import traces:
  Client Component Browser:
    ./app/(home)/page.js [Client Component Browser]
    ./app/(home)/page.js [Server Component]

  Client Component SSR:
    ./app/(home)/page.js [Client Component SSR]
    ./app/(home)/page.js [Server Component]


    at <unknown> (Error: ./app/(home)/page.js:732:18)
    at <unknown> (Error: (./app/(home)/page.js:732:18)
[browser] ./app/(home)/page.js:732:18
Expected '</', got ')'
  730 |                     </div>
  731 |                   </div>
> 732 |                 ))}
      |                  ^
  733 |               </div>
  734 |
  735 |               <div className="flex items-center justify-center gap-4 mt-10">

Parsing ecmascript source code failed

Import traces:
  Client Component Browser:
    ./app/(home)/page.js [Client Component Browser]
    ./app/(home)/page.js [Server Component]

  Client Component SSR:
    ./app/(home)/page.js [Client Component SSR]
    ./app/(home)/page.js [Server Component] 
[browser] ./app/(home)/page.js:732:18
Expected '</', got ')'
  730 |                     </div>
  731 |                   </div>
> 732 |                 ))}
      |                  ^
  733 |               </div>
  734 |
  735 |               <div className="flex items-center justify-center gap-4 mt-10">

Parsing ecmascript source code failed

Import traces:
  Client Component Browser:
    ./app/(home)/page.js [Client Component Browser]
    ./app/(home)/page.js [Server Component]

  Client Component SSR:
    ./app/(home)/page.js [Client Component SSR]
    ./app/(home)/page.js [Server Component] 
[browser] ./app/(home)/page.js:732:18
Expected '</', got ')'
  730 |                     </div>
  731 |                   </div>
> 732 |                 ))}
      |                  ^
  733 |               </div>
  734 |
  735 |               <div className="flex items-center justify-center gap-4 mt-10">

Parsing ecmascript source code failed

Import traces:
  Client Component Browser:
    ./app/(home)/page.js [Client Component Browser]
    ./app/(home)/page.js [Server Component]

  Client Component SSR:
    ./app/(home)/page.js [Client Component SSR]
    ./app/(home)/page.js [Server Component] 
[browser] Uncaught Error: ./app/(home)/page.js:732:18
Expected '</', got ')'
  730 |                     </div>
  731 |                   </div>
> 732 |                 ))}
      |                  ^
  733 |               </div>
  734 |
  735 |               <div className="flex items-center justify-center gap-4 mt-10">

Parsing ecmascript source code failed

Import traces:
  Client Component Browser:
    ./app/(home)/page.js [Client Component Browser]
    ./app/(home)/page.js [Server Component]

  Client Component SSR:
    ./app/(home)/page.js [Client Component SSR]
    ./app/(home)/page.js [Server Component]


    at <unknown> (Error: ./app/(home)/page.js:732:18)
    at <unknown> (Error: (./app/(home)/page.js:732:18)
[browser] ./app/(home)/page.js:732:18
Expected '</', got ')'
  730 |                     </div>
  731 |                   </div>
> 732 |                 ))}
      |                  ^
  733 |               </div>
  734 |
  735 |               <div className="flex items-center justify-center gap-4 mt-10">

Parsing ecmascript source code failed

Import traces:
  Client Component Browser:
    ./app/(home)/page.js [Client Component Browser]
    ./app/(home)/page.js [Server Component]

  Client Component SSR:
    ./app/(home)/page.js [Client Component SSR]
    ./app/(home)/page.js [Server Component] 
 GET /worker.js 500 in 17ms (next.js: 4ms, application-code: 13ms)
[browser] ./app/(home)/page.js:732:18
Expected '</', got ')'
  730 |                     </div>
  731 |                   </div>
> 732 |                 ))}
      |                  ^
  733 |               </div>
  734 |
  735 |               <div className="flex items-center justify-center gap-4 mt-10">

Parsing ecmascript source code failed

Import traces:
  Client Component Browser:
    ./app/(home)/page.js [Client Component Browser]
    ./app/(home)/page.js [Server Component]

  Client Component SSR:
    ./app/(home)/page.js [Client Component SSR]
    ./app/(home)/page.js [Server Component] 
✓ Compiled in 132ms
 GET / 200 in 834ms (next.js: 117ms, application-code: 717ms)
 GET / 200 in 851ms (next.js: 322ms, application-code: 530ms)
 GET / 200 in 456ms (next.js: 9ms, application-code: 447ms)
 GET / 200 in 296ms (next.js: 24ms, application-code: 272ms)
 GET / 200 in 308ms (next.js: 97ms, application-code: 211ms)
 GET /worker.js 404 in 74ms (next.js: 14ms, application-code: 61ms)
 GET /api/settings 404 in 385ms (next.js: 9ms, application-code: 376ms)
 GET /api/products 404 in 424ms (next.js: 22ms, application-code: 402ms)
 GET /api/settings 404 in 317ms (next.js: 15ms, application-code: 302ms)
 GET /api/settings 404 in 187ms (next.js: 15ms, application-code: 172ms)
 GET /api/settings 404 in 186ms (next.js: 46ms, application-code: 140ms)
 GET /api/settings 404 in 254ms (next.js: 9ms, application-code: 245ms)
 GET /api/products 404 in 376ms (next.js: 68ms, application-code: 308ms)
 GET /api/settings 404 in 317ms (next.js: 7ms, application-code: 310ms)
 GET /api/settings 404 in 121ms (next.js: 7ms, application-code: 114ms)
 GET /api/settings 404 in 120ms (next.js: 53ms, application-code: 67ms)
 GET /worker.js 404 in 59ms (next.js: 4ms, application-code: 55ms)
 GET /worker.js 404 in 66ms (next.js: 4ms, application-code: 63ms)
✓ Compiled in 178ms
 GET / 200 in 179ms (next.js: 98ms, application-code: 82ms)
 GET / 200 in 42ms (next.js: 7ms, application-code: 35ms)
✓ Compiled in 295ms
⨯ ./app/(home)/page.js:738:27
Expected '</', got 'jsx text'
  [90m736 |[0m                       )}
  [90m737 |[0m                       <[33mMenuItemCard[0m product={p} onAdd={onAdd} />
[31m[1m>[0m [90m738 |[0m                     </div>
  [90m    |[0m                           [31m[1m^^^^^^^^^^^^^^^^^^^^^^^^^^^^^^^^^^^^^^^^^^^^^^^^^^^^^^^^^^^^^^^^^^[0m
[31m[1m>[0m [90m739 |[0m                   </div>
  [90m    |[0m [31m[1m^^^^^^^^^^^^^^^^^^[0m
  [90m740 |[0m                 );
  [90m741 |[0m               })}
  [90m742 |[0m               </div>

Parsing ecmascript source code failed

Import traces:
  Client Component Browser:
    ./app/(home)/page.js [Client Component Browser]
    ./app/(home)/page.js [Server Component]

  Client Component SSR:
    ./app/(home)/page.js [Client Component SSR]
    ./app/(home)/page.js [Server Component]


⨯ ./app/(home)/page.js:738:27
Expected '</', got 'jsx text'
  [90m736 |[0m                       )}
  [90m737 |[0m                       <[33mMenuItemCard[0m product={p} onAdd={onAdd} />
[31m[1m>[0m [90m738 |[0m                     </div>
  [90m    |[0m                           [31m[1m^^^^^^^^^^^^^^^^^^^^^^^^^^^^^^^^^^^^^^^^^^^^^^^^^^^^^^^^^^^^^^^^^^[0m
[31m[1m>[0m [90m739 |[0m                   </div>
  [90m    |[0m [31m[1m^^^^^^^^^^^^^^^^^^[0m
  [90m740 |[0m                 );
  [90m741 |[0m               })}
  [90m742 |[0m               </div>

Parsing ecmascript source code failed

Import traces:
  Client Component Browser:
    ./app/(home)/page.js [Client Component Browser]
    ./app/(home)/page.js [Server Component]

  Client Component SSR:
    ./app/(home)/page.js [Client Component SSR]
    ./app/(home)/page.js [Server Component]


 GET / 500 in 85ms (next.js: 27ms, application-code: 58ms)
 GET / 500 in 84ms (next.js: 52ms, application-code: 32ms)
⨯ ./app/(home)/page.js:738:27
Expected '</', got 'jsx text'
  [90m736 |[0m                       )}
  [90m737 |[0m                       <[33mMenuItemCard[0m product={p} onAdd={onAdd} />
[31m[1m>[0m [90m738 |[0m                     </div>
  [90m    |[0m                           [31m[1m^^^^^^^^^^^^^^^^^^^^^^^^^^^^^^^^^^^^^^^^^^^^^^^^^^^^^^^^^^^^^^^^^^[0m
[31m[1m>[0m [90m739 |[0m                   </div>
  [90m    |[0m [31m[1m^^^^^^^^^^^^^^^^^^[0m
  [90m740 |[0m                 );
  [90m741 |[0m               })}
  [90m742 |[0m               </div>

Parsing ecmascript source code failed

Import traces:
  Client Component Browser:
    ./app/(home)/page.js [Client Component Browser]
    ./app/(home)/page.js [Server Component]

  Client Component SSR:
    ./app/(home)/page.js [Client Component SSR]
    ./app/(home)/page.js [Server Component]


⨯ ./app/(home)/page.js:738:27
Expected '</', got 'jsx text'
  [90m736 |[0m                       )}
  [90m737 |[0m                       <[33mMenuItemCard[0m product={p} onAdd={onAdd} />
[31m[1m>[0m [90m738 |[0m                     </div>
  [90m    |[0m                           [31m[1m^^^^^^^^^^^^^^^^^^^^^^^^^^^^^^^^^^^^^^^^^^^^^^^^^^^^^^^^^^^^^^^^^^[0m
[31m[1m>[0m [90m739 |[0m                   </div>
  [90m    |[0m [31m[1m^^^^^^^^^^^^^^^^^^[0m
  [90m740 |[0m                 );
  [90m741 |[0m               })}
  [90m742 |[0m               </div>

Parsing ecmascript source code failed

Import traces:
  Client Component Browser:
    ./app/(home)/page.js [Client Component Browser]
    ./app/(home)/page.js [Server Component]

  Client Component SSR:
    ./app/(home)/page.js [Client Component SSR]
    ./app/(home)/page.js [Server Component]


[browser] ./app/(home)/page.js:738:27
Expected '</', got 'jsx text'
  736 |                       )}
  737 |                       <MenuItemCard product={p} onAdd={onAdd} />
> 738 |                     </div>
      |                           ^^^^^^^^^^^^^^^^^^^^^^^^^^^^^^^^^^^^^^^^^^^^^^^^^^^^^^^^^^^^^^^^^^
> 739 |                   </div>
      | ^^^^^^^^^^^^^^^^^^
  740 |                 );
  741 |               })}
  742 |               </div>

Parsing ecmascript source code failed

Import traces:
  Client Component Browser:
    ./app/(home)/page.js [Client Component Browser]
    ./app/(home)/page.js [Server Component]

  Client Component SSR:
    ./app/(home)/page.js [Client Component SSR]
    ./app/(home)/page.js [Server Component] 
 GET / 500 in 75ms (next.js: 18ms, application-code: 56ms)
 GET / 500 in 76ms (next.js: 41ms, application-code: 35ms)
⨯ ./app/(home)/page.js:738:27
Expected '</', got 'jsx text'
  [90m736 |[0m                       )}
  [90m737 |[0m                       <[33mMenuItemCard[0m product={p} onAdd={onAdd} />
[31m[1m>[0m [90m738 |[0m                     </div>
  [90m    |[0m                           [31m[1m^^^^^^^^^^^^^^^^^^^^^^^^^^^^^^^^^^^^^^^^^^^^^^^^^^^^^^^^^^^^^^^^^^[0m
[31m[1m>[0m [90m739 |[0m                   </div>
  [90m    |[0m [31m[1m^^^^^^^^^^^^^^^^^^[0m
  [90m740 |[0m                 );
  [90m741 |[0m               })}
  [90m742 |[0m               </div>

Parsing ecmascript source code failed

Import traces:
  Client Component Browser:
    ./app/(home)/page.js [Client Component Browser]
    ./app/(home)/page.js [Server Component]

  Client Component SSR:
    ./app/(home)/page.js [Client Component SSR]
    ./app/(home)/page.js [Server Component]


⨯ ./app/(home)/page.js:738:27
Expected '</', got 'jsx text'
  [90m736 |[0m                       )}
  [90m737 |[0m                       <[33mMenuItemCard[0m product={p} onAdd={onAdd} />
[31m[1m>[0m [90m738 |[0m                     </div>
  [90m    |[0m                           [31m[1m^^^^^^^^^^^^^^^^^^^^^^^^^^^^^^^^^^^^^^^^^^^^^^^^^^^^^^^^^^^^^^^^^^[0m
[31m[1m>[0m [90m739 |[0m                   </div>
  [90m    |[0m [31m[1m^^^^^^^^^^^^^^^^^^[0m
  [90m740 |[0m                 );
  [90m741 |[0m               })}
  [90m742 |[0m               </div>

Parsing ecmascript source code failed

Import traces:
  Client Component Browser:
    ./app/(home)/page.js [Client Component Browser]
    ./app/(home)/page.js [Server Component]

  Client Component SSR:
    ./app/(home)/page.js [Client Component SSR]
    ./app/(home)/page.js [Server Component]


⨯ ./app/(home)/page.js:738:27
Expected '</', got 'jsx text'
  [90m736 |[0m                       )}
  [90m737 |[0m                       <[33mMenuItemCard[0m product={p} onAdd={onAdd} />
[31m[1m>[0m [90m738 |[0m                     </div>
  [90m    |[0m                           [31m[1m^^^^^^^^^^^^^^^^^^^^^^^^^^^^^^^^^^^^^^^^^^^^^^^^^^^^^^^^^^^^^^^^^^[0m
[31m[1m>[0m [90m739 |[0m                   </div>
  [90m    |[0m [31m[1m^^^^^^^^^^^^^^^^^^[0m
  [90m740 |[0m                 );
  [90m741 |[0m               })}
  [90m742 |[0m               </div>

Parsing ecmascript source code failed

Import traces:
  Client Component Browser:
    ./app/(home)/page.js [Client Component Browser]
    ./app/(home)/page.js [Server Component]

  Client Component SSR:
    ./app/(home)/page.js [Client Component SSR]
    ./app/(home)/page.js [Server Component]


 GET / 500 in 83ms (next.js: 24ms, application-code: 60ms)
 GET / 500 in 80ms (next.js: 34ms, application-code: 45ms)
 GET / 500 in 76ms (next.js: 56ms, application-code: 19ms)
[browser] Uncaught Error: ./app/(home)/page.js:738:27
Expected '</', got 'jsx text'
  736 |                       )}
  737 |                       <MenuItemCard product={p} onAdd={onAdd} />
> 738 |                     </div>
      |                           ^^^^^^^^^^^^^^^^^^^^^^^^^^^^^^^^^^^^^^^^^^^^^^^^^^^^^^^^^^^^^^^^^^
> 739 |                   </div>
      | ^^^^^^^^^^^^^^^^^^
  740 |                 );
  741 |               })}
  742 |               </div>

Parsing ecmascript source code failed

Import traces:
  Client Component Browser:
    ./app/(home)/page.js [Client Component Browser]
    ./app/(home)/page.js [Server Component]

  Client Component SSR:
    ./app/(home)/page.js [Client Component SSR]
    ./app/(home)/page.js [Server Component]


    at <unknown> (Error: ./app/(home)/page.js:738:27)
    at <unknown> (Error: (./app/(home)/page.js:738:27)
[browser] ./app/(home)/page.js:738:27
Expected '</', got 'jsx text'
  736 |                       )}
  737 |                       <MenuItemCard product={p} onAdd={onAdd} />
> 738 |                     </div>
      |                           ^^^^^^^^^^^^^^^^^^^^^^^^^^^^^^^^^^^^^^^^^^^^^^^^^^^^^^^^^^^^^^^^^^
> 739 |                   </div>
      | ^^^^^^^^^^^^^^^^^^
  740 |                 );
  741 |               })}
  742 |               </div>

Parsing ecmascript source code failed

Import traces:
  Client Component Browser:
    ./app/(home)/page.js [Client Component Browser]
    ./app/(home)/page.js [Server Component]

  Client Component SSR:
    ./app/(home)/page.js [Client Component SSR]
    ./app/(home)/page.js [Server Component] 
[browser] ./app/(home)/page.js:738:27
Expected '</', got 'jsx text'
  736 |                       )}
  737 |                       <MenuItemCard product={p} onAdd={onAdd} />
> 738 |                     </div>
      |                           ^^^^^^^^^^^^^^^^^^^^^^^^^^^^^^^^^^^^^^^^^^^^^^^^^^^^^^^^^^^^^^^^^^
> 739 |                   </div>
      | ^^^^^^^^^^^^^^^^^^
  740 |                 );
  741 |               })}
  742 |               </div>

Parsing ecmascript source code failed

Import traces:
  Client Component Browser:
    ./app/(home)/page.js [Client Component Browser]
    ./app/(home)/page.js [Server Component]

  Client Component SSR:
    ./app/(home)/page.js [Client Component SSR]
    ./app/(home)/page.js [Server Component] 
[browser] ./app/(home)/page.js:738:27
Expected '</', got 'jsx text'
  736 |                       )}
  737 |                       <MenuItemCard product={p} onAdd={onAdd} />
> 738 |                     </div>
      |                           ^^^^^^^^^^^^^^^^^^^^^^^^^^^^^^^^^^^^^^^^^^^^^^^^^^^^^^^^^^^^^^^^^^
> 739 |                   </div>
      | ^^^^^^^^^^^^^^^^^^
  740 |                 );
  741 |               })}
  742 |               </div>

Parsing ecmascript source code failed

Import traces:
  Client Component Browser:
    ./app/(home)/page.js [Client Component Browser]
    ./app/(home)/page.js [Server Component]

  Client Component SSR:
    ./app/(home)/page.js [Client Component SSR]
    ./app/(home)/page.js [Server Component] 
[browser] ./app/(home)/page.js:738:27
Expected '</', got 'jsx text'
  736 |                       )}
  737 |                       <MenuItemCard product={p} onAdd={onAdd} />
> 738 |                     </div>
      |                           ^^^^^^^^^^^^^^^^^^^^^^^^^^^^^^^^^^^^^^^^^^^^^^^^^^^^^^^^^^^^^^^^^^
> 739 |                   </div>
      | ^^^^^^^^^^^^^^^^^^
  740 |                 );
  741 |               })}
  742 |               </div>

Parsing ecmascript source code failed

Import traces:
  Client Component Browser:
    ./app/(home)/page.js [Client Component Browser]
    ./app/(home)/page.js [Server Component]

  Client Component SSR:
    ./app/(home)/page.js [Client Component SSR]
    ./app/(home)/page.js [Server Component] 
⨯ ./app/(home)/page.js:738:27
Expected '</', got 'jsx text'
  [90m736 |[0m                       )}
  [90m737 |[0m                       <[33mMenuItemCard[0m product={p} onAdd={onAdd} />
[31m[1m>[0m [90m738 |[0m                     </div>
  [90m    |[0m                           [31m[1m^^^^^^^^^^^^^^^^^^^^^^^^^^^^^^^^^^^^^^^^^^^^^^^^^^^^^^^^^^^^^^^^^^[0m
[31m[1m>[0m [90m739 |[0m                   </div>
  [90m    |[0m [31m[1m^^^^^^^^^^^^^^^^^^[0m
  [90m740 |[0m                 );
  [90m741 |[0m               })}
  [90m742 |[0m               </div>

Parsing ecmascript source code failed

Import traces:
  Client Component Browser:
    ./app/(home)/page.js [Client Component Browser]
    ./app/(home)/page.js [Server Component]

  Client Component SSR:
    ./app/(home)/page.js [Client Component SSR]
    ./app/(home)/page.js [Server Component]


 GET / 500 in 29ms (next.js: 12ms, application-code: 17ms)
[browser] Uncaught Error: ./app/(home)/page.js:738:27
Expected '</', got 'jsx text'
  736 |                       )}
  737 |                       <MenuItemCard product={p} onAdd={onAdd} />
> 738 |                     </div>
      |                           ^^^^^^^^^^^^^^^^^^^^^^^^^^^^^^^^^^^^^^^^^^^^^^^^^^^^^^^^^^^^^^^^^^
> 739 |                   </div>
      | ^^^^^^^^^^^^^^^^^^
  740 |                 );
  741 |               })}
  742 |               </div>

Parsing ecmascript source code failed

Import traces:
  Client Component Browser:
    ./app/(home)/page.js [Client Component Browser]
    ./app/(home)/page.js [Server Component]

  Client Component SSR:
    ./app/(home)/page.js [Client Component SSR]
    ./app/(home)/page.js [Server Component]


    at <unknown> (Error: ./app/(home)/page.js:738:27)
    at <unknown> (Error: (./app/(home)/page.js:738:27)
[browser] ./app/(home)/page.js:738:27
Expected '</', got 'jsx text'
  736 |                       )}
  737 |                       <MenuItemCard product={p} onAdd={onAdd} />
> 738 |                     </div>
      |                           ^^^^^^^^^^^^^^^^^^^^^^^^^^^^^^^^^^^^^^^^^^^^^^^^^^^^^^^^^^^^^^^^^^
> 739 |                   </div>
      | ^^^^^^^^^^^^^^^^^^
  740 |                 );
  741 |               })}
  742 |               </div>

Parsing ecmascript source code failed

Import traces:
  Client Component Browser:
    ./app/(home)/page.js [Client Component Browser]
    ./app/(home)/page.js [Server Component]

  Client Component SSR:
    ./app/(home)/page.js [Client Component SSR]
    ./app/(home)/page.js [Server Component] 
[browser] ./app/(home)/page.js:738:27
Expected '</', got 'jsx text'
  736 |                       )}
  737 |                       <MenuItemCard product={p} onAdd={onAdd} />
> 738 |                     </div>
      |                           ^^^^^^^^^^^^^^^^^^^^^^^^^^^^^^^^^^^^^^^^^^^^^^^^^^^^^^^^^^^^^^^^^^
> 739 |                   </div>
      | ^^^^^^^^^^^^^^^^^^
  740 |                 );
  741 |               })}
  742 |               </div>

Parsing ecmascript source code failed

Import traces:
  Client Component Browser:
    ./app/(home)/page.js [Client Component Browser]
    ./app/(home)/page.js [Server Component]

  Client Component SSR:
    ./app/(home)/page.js [Client Component SSR]
    ./app/(home)/page.js [Server Component] 
 GET /worker.js 500 in 16ms (next.js: 5ms, application-code: 10ms)
[browser] ./app/(home)/page.js:738:27
Expected '</', got 'jsx text'
  736 |                       )}
  737 |                       <MenuItemCard product={p} onAdd={onAdd} />
> 738 |                     </div>
      |                           ^^^^^^^^^^^^^^^^^^^^^^^^^^^^^^^^^^^^^^^^^^^^^^^^^^^^^^^^^^^^^^^^^^
> 739 |                   </div>
      | ^^^^^^^^^^^^^^^^^^
  740 |                 );
  741 |               })}
  742 |               </div>

Parsing ecmascript source code failed

Import traces:
  Client Component Browser:
    ./app/(home)/page.js [Client Component Browser]
    ./app/(home)/page.js [Server Component]

  Client Component SSR:
    ./app/(home)/page.js [Client Component SSR]
    ./app/(home)/page.js [Server Component] 
 GET /worker.js 500 in 16ms (next.js: 5ms, application-code: 11ms)
[browser] ./app/(home)/page.js:738:27
Expected '</', got 'jsx text'
  736 |                       )}
  737 |                       <MenuItemCard product={p} onAdd={onAdd} />
> 738 |                     </div>
      |                           ^^^^^^^^^^^^^^^^^^^^^^^^^^^^^^^^^^^^^^^^^^^^^^^^^^^^^^^^^^^^^^^^^^
> 739 |                   </div>
      | ^^^^^^^^^^^^^^^^^^
  740 |                 );
  741 |               })}
  742 |               </div>

Parsing ecmascript source code failed

Import traces:
  Client Component Browser:
    ./app/(home)/page.js [Client Component Browser]
    ./app/(home)/page.js [Server Component]

  Client Component SSR:
    ./app/(home)/page.js [Client Component SSR]
    ./app/(home)/page.js [Server Component] 
✓ Compiled in 126ms
 GET / 200 in 1012ms (next.js: 122ms, application-code: 890ms)
 GET / 200 in 766ms (next.js: 24ms, application-code: 742ms)
 GET / 200 in 683ms (next.js: 6ms, application-code: 677ms)
 GET /worker.js 404 in 186ms (next.js: 33ms, application-code: 153ms)
 GET / 200 in 748ms (next.js: 35ms, application-code: 713ms)
 GET / 200 in 750ms (next.js: 109ms, application-code: 641ms)
 GET /api/settings 404 in 385ms (next.js: 8ms, application-code: 377ms)
 GET /api/products 404 in 458ms (next.js: 14ms, application-code: 445ms)
 GET /api/settings 404 in 354ms (next.js: 11ms, application-code: 343ms)
 GET /api/settings 404 in 217ms (next.js: 19ms, application-code: 198ms)
 GET /api/settings 404 in 215ms (next.js: 65ms, application-code: 150ms)
 GET /api/settings 404 in 390ms (next.js: 13ms, application-code: 377ms)
 GET /api/products 404 in 445ms (next.js: 14ms, application-code: 431ms)
 GET /api/settings 404 in 343ms (next.js: 12ms, application-code: 331ms)
 GET /api/settings 404 in 220ms (next.js: 12ms, application-code: 208ms)
 GET /api/settings 404 in 221ms (next.js: 87ms, application-code: 134ms)
 GET /worker.js 404 in 60ms (next.js: 7ms, application-code: 54ms)
 GET /worker.js 404 in 67ms (next.js: 7ms, application-code: 60ms)
✓ Compiled in 110ms
 GET / 200 in 182ms (next.js: 106ms, application-code: 76ms)
 GET / 200 in 38ms (next.js: 5ms, application-code: 33ms)
 GET /local 200 in 172ms (next.js: 108ms, application-code: 64ms)
 GET /api/products 404 in 358ms (next.js: 30ms, application-code: 328ms)
 GET /api/products 404 in 122ms (next.js: 10ms, application-code: 112ms)
 GET / 200 in 34ms (next.js: 3ms, application-code: 31ms)
 GET /api/products 404 in 369ms (next.js: 13ms, application-code: 356ms)
 GET /api/settings 404 in 349ms (next.js: 11ms, application-code: 339ms)
 GET /api/products 404 in 306ms (next.js: 53ms, application-code: 253ms)
 GET /api/settings 404 in 110ms (next.js: 12ms, application-code: 98ms)
✓ Compiled in 182ms
 GET / 200 in 798ms (next.js: 213ms, application-code: 585ms)
 GET / 200 in 801ms (next.js: 139ms, application-code: 662ms)
 GET /fast 200 in 524ms (next.js: 323ms, application-code: 201ms)
 GET /api/products 404 in 348ms (next.js: 30ms, application-code: 318ms)
 GET /api/products 404 in 113ms (next.js: 8ms, application-code: 105ms)
 GET / 200 in 32ms (next.js: 3ms, application-code: 29ms)
 GET /api/products 404 in 708ms (next.js: 23ms, application-code: 685ms)
 GET /api/settings 404 in 705ms (next.js: 123ms, application-code: 582ms)
 GET /api/products 404 in 200ms (next.js: 12ms, application-code: 188ms)
 GET /api/settings 404 in 156ms (next.js: 50ms, application-code: 107ms)
 GET /local 200 in 268ms (next.js: 129ms, application-code: 139ms)
 GET /api/products 404 in 529ms (next.js: 47ms, application-code: 481ms)
 GET /api/products 404 in 231ms (next.js: 21ms, application-code: 209ms)
 GET /api/products 404 in 1510ms (next.js: 25ms, application-code: 1485ms)
 GET /api/settings 404 in 1249ms (next.js: 85ms, application-code: 1164ms)
 GET /api/products 404 in 1198ms (next.js: 267ms, application-code: 931ms)
 GET /api/settings 404 in 1526ms (next.js: 545ms, application-code: 982ms)
✓ Compiled in 146ms
 GET / 200 in 210ms (next.js: 119ms, application-code: 91ms)
 GET / 200 in 211ms (next.js: 166ms, application-code: 45ms)
 GET /worker.js 404 in 129ms (next.js: 12ms, application-code: 118ms)
✓ Compiled in 141ms
 GET / 200 in 197ms (next.js: 108ms, application-code: 89ms)
 GET / 200 in 53ms (next.js: 3ms, application-code: 50ms)
✓ Compiled in 130ms
 GET / 200 in 183ms (next.js: 151ms, application-code: 32ms)
 GET / 200 in 188ms (next.js: 107ms, application-code: 80ms)
✓ Compiled in 116ms
 GET / 200 in 173ms (next.js: 141ms, application-code: 32ms)
 GET / 200 in 176ms (next.js: 98ms, application-code: 78ms)
 GET /worker.js 404 in 134ms (next.js: 13ms, application-code: 121ms)
✓ Compiled in 204ms
 GET / 200 in 222ms (next.js: 126ms, application-code: 96ms)
 GET / 200 in 48ms (next.js: 5ms, application-code: 43ms)
✓ Compiled in 103ms
 GET / 200 in 183ms (next.js: 106ms, application-code: 77ms)
 GET / 200 in 183ms (next.js: 150ms, application-code: 33ms)
 GET /worker.js 404 in 137ms (next.js: 10ms, application-code: 127ms)
✓ Compiled in 281ms
 GET / 200 in 442ms (next.js: 236ms, application-code: 206ms)
 GET / 200 in 435ms (next.js: 335ms, application-code: 100ms)
 GET / 200 in 27ms (next.js: 8ms, application-code: 19ms)
 GET / 200 in 62ms (next.js: 8ms, application-code: 55ms)
 GET /fast 200 in 70ms (next.js: 29ms, application-code: 41ms)
 GET /api/products 404 in 351ms (next.js: 23ms, application-code: 328ms)
 GET /api/products 404 in 124ms (next.js: 7ms, application-code: 117ms)
 GET / 200 in 133ms (next.js: 4ms, application-code: 129ms)
 GET /api/settings 404 in 1220ms (next.js: 21ms, application-code: 1199ms)
 GET /api/products 404 in 1218ms (next.js: 169ms, application-code: 1049ms)
 GET /api/settings 404 in 810ms (next.js: 78ms, application-code: 732ms)
 GET /api/products 404 in 767ms (next.js: 460ms, application-code: 307ms)
 GET /worker.js 404 in 71ms (next.js: 4ms, application-code: 67ms)
 GET /api/settings 404 in 85ms (next.js: 6ms, application-code: 79ms)
 GET /api/entities/Product/list 404 in 61ms (next.js: 4ms, application-code: 57ms)
 GET /fast 200 in 30ms (next.js: 5ms, application-code: 25ms)
 GET /api/products 404 in 147ms (next.js: 6ms, application-code: 141ms)
 GET /api/products 404 in 78ms (next.js: 7ms, application-code: 71ms)
 GET / 200 in 32ms (next.js: 7ms, application-code: 25ms)
 GET /api/products 404 in 277ms (next.js: 7ms, application-code: 270ms)
 GET /api/settings 404 in 220ms (next.js: 8ms, application-code: 212ms)
 GET /api/products 404 in 143ms (next.js: 8ms, application-code: 135ms)
 GET /api/settings 404 in 76ms (next.js: 10ms, application-code: 66ms)
 GET /fast 200 in 26ms (next.js: 4ms, application-code: 21ms)
 GET /api/products 404 in 131ms (next.js: 5ms, application-code: 126ms)
 GET /api/products 404 in 66ms (next.js: 8ms, application-code: 58ms)
✓ Compiled in 1422ms
 GET /fast 200 in 1267ms (next.js: 223ms, application-code: 1044ms)
 GET /fast 200 in 587ms (next.js: 134ms, application-code: 454ms)
 GET /fast 200 in 587ms (next.js: 166ms, application-code: 420ms)
 GET /fast 200 in 584ms (next.js: 195ms, application-code: 390ms)
 GET /fast 200 in 2.3s (next.js: 168ms, application-code: 2.1s)
 GET /fast 200 in 990ms (next.js: 85ms, application-code: 905ms)
 GET /worker.js 404 in 752ms (next.js: 511ms, application-code: 241ms)
 GET / 200 in 2.4s (next.js: 1039ms, application-code: 1323ms)
 GET / 200 in 2.7s (next.js: 995ms, application-code: 1692ms)
 GET / 200 in 1382ms (next.js: 220ms, application-code: 1162ms)
 GET /fast 200 in 1461ms (next.js: 34ms, application-code: 1427ms)
 GET / 200 in 931ms (next.js: 465ms, application-code: 466ms)
 GET / 200 in 1423ms (next.js: 107ms, application-code: 1316ms)
 GET / 200 in 1280ms (next.js: 21ms, application-code: 1258ms)
 GET / 200 in 1169ms (next.js: 20ms, application-code: 1149ms)
 GET / 200 in 1188ms (next.js: 15ms, application-code: 1173ms)
 GET / 200 in 1188ms (next.js: 62ms, application-code: 1126ms)
 GET / 200 in 548ms (next.js: 9ms, application-code: 539ms)
 GET / 200 in 572ms (next.js: 7ms, application-code: 564ms)
 GET / 200 in 516ms (next.js: 8ms, application-code: 508ms)
 GET / 200 in 264ms (next.js: 19ms, application-code: 245ms)
 GET / 200 in 265ms (next.js: 96ms, application-code: 169ms)
 GET / 200 in 455ms (next.js: 11ms, application-code: 444ms)
 GET / 200 in 276ms (next.js: 13ms, application-code: 264ms)
 GET / 200 in 868ms (next.js: 8ms, application-code: 860ms)
 GET / 200 in 858ms (next.js: 14ms, application-code: 844ms)
 GET / 200 in 890ms (next.js: 10ms, application-code: 880ms)
 GET / 200 in 890ms (next.js: 52ms, application-code: 838ms)
 GET / 200 in 893ms (next.js: 459ms, application-code: 435ms)
 GET / 200 in 556ms (next.js: 31ms, application-code: 525ms)
 GET / 200 in 385ms (next.js: 30ms, application-code: 356ms)
 GET / 200 in 287ms (next.js: 15ms, application-code: 272ms)
 GET / 200 in 212ms (next.js: 99ms, application-code: 114ms)
 GET / 200 in 214ms (next.js: 14ms, application-code: 200ms)
 GET /worker.js 404 in 103ms (next.js: 9ms, application-code: 94ms)
 GET /worker.js 404 in 61ms (next.js: 4ms, application-code: 57ms)
 GET /worker.js 404 in 71ms (next.js: 4ms, application-code: 67ms)
 GET / 200 in 157ms (next.js: 3ms, application-code: 154ms)
✓ Compiled in 345ms
 GET / 200 in 218ms (next.js: 122ms, application-code: 96ms)
 GET / 200 in 48ms (next.js: 3ms, application-code: 45ms)
 GET /worker.js 404 in 168ms (next.js: 14ms, application-code: 153ms)
✓ Compiled in 875ms
 GET / 200 in 1014ms (next.js: 319ms, application-code: 695ms)
 GET / 200 in 1030ms (next.js: 882ms, application-code: 148ms)
✓ Compiled in 114ms
 GET / 200 in 204ms (next.js: 173ms, application-code: 31ms)
 GET / 200 in 206ms (next.js: 116ms, application-code: 90ms)
 GET /worker.js 404 in 195ms (next.js: 14ms, application-code: 181ms)
✓ Compiled in 222ms
 GET / 200 in 255ms (next.js: 203ms, application-code: 52ms)
 GET / 200 in 258ms (next.js: 129ms, application-code: 129ms)
 GET /worker.js 404 in 271ms (next.js: 12ms, application-code: 259ms)
 GET / 200 in 455ms (next.js: 5ms, application-code: 450ms)
✓ Compiled in 131ms
 GET / 200 in 1200ms (next.js: 1128ms, application-code: 73ms)
 GET / 200 in 1200ms (next.js: 1167ms, application-code: 33ms)
✓ Compiled in 142ms
 GET / 200 in 208ms (next.js: 94ms, application-code: 114ms)
 GET / 200 in 75ms (next.js: 11ms, application-code: 64ms)
 GET /worker.js 404 in 245ms (next.js: 74ms, application-code: 171ms)
 GET /worker.js 404 in 86ms (next.js: 5ms, application-code: 81ms)
 GET /admin 200 in 225ms (next.js: 161ms, application-code: 64ms)
 GET /worker.js 404 in 60ms (next.js: 4ms, application-code: 56ms)
 GET / 200 in 30ms (next.js: 3ms, application-code: 27ms)
 GET / 200 in 38ms (next.js: 4ms, application-code: 34ms)
 GET / 200 in 40ms (next.js: 7ms, application-code: 33ms)
 GET / 200 in 38ms (next.js: 4ms, application-code: 34ms)
 GET / 200 in 36ms (next.js: 4ms, application-code: 33ms)
 GET /worker.js 404 in 54ms (next.js: 4ms, application-code: 50ms)
✓ Compiled in 454ms
 GET / 200 in 263ms (next.js: 197ms, application-code: 66ms)
 GET / 200 in 272ms (next.js: 132ms, application-code: 140ms)
 GET /worker.js 404 in 222ms (next.js: 16ms, application-code: 206ms)
 GET / 200 in 20ms (next.js: 4ms, application-code: 16ms)
 GET / 200 in 40ms (next.js: 6ms, application-code: 35ms)
 GET / 200 in 53ms (next.js: 4ms, application-code: 49ms)
✓ Compiled in 130ms
 GET / 200 in 572ms (next.js: 516ms, application-code: 57ms)
 GET / 200 in 575ms (next.js: 452ms, application-code: 123ms)
 GET /worker.js 404 in 222ms (next.js: 20ms, application-code: 202ms)
✓ Compiled in 312ms
 GET / 200 in 190ms (next.js: 104ms, application-code: 86ms)
 GET / 200 in 40ms (next.js: 4ms, application-code: 36ms)
 GET /worker.js 404 in 277ms (next.js: 95ms, application-code: 182ms)
 GET /local 200 in 1736ms (next.js: 1660ms, application-code: 76ms)
 GET / 200 in 54ms (next.js: 7ms, application-code: 47ms)
 GET /worker.js 404 in 139ms (next.js: 6ms, application-code: 133ms)
 GET / 200 in 47ms (next.js: 4ms, application-code: 43ms)
✓ Compiled in 747ms
 GET / 200 in 1303ms (next.js: 830ms, application-code: 473ms)
 GET / 200 in 1311ms (next.js: 192ms, application-code: 1118ms)
 GET / 200 in 387ms (next.js: 17ms, application-code: 370ms)
 GET / 200 in 386ms (next.js: 99ms, application-code: 287ms)
 GET / 200 in 189ms (next.js: 8ms, application-code: 181ms)
 GET / 200 in 776ms (next.js: 9ms, application-code: 766ms)
✓ Compiled in 203ms
 GET / 200 in 267ms (next.js: 146ms, application-code: 121ms)
 GET / 200 in 268ms (next.js: 218ms, application-code: 50ms)
 GET /admin 200 in 221ms (next.js: 154ms, application-code: 67ms)
 GET /worker.js 404 in 313ms (next.js: 109ms, application-code: 204ms)
 GET / 200 in 46ms (next.js: 13ms, application-code: 33ms)
✓ Compiled in 123ms
 GET / 200 in 319ms (next.js: 216ms, application-code: 103ms)
 GET / 200 in 322ms (next.js: 123ms, application-code: 199ms)
 GET /worker.js 404 in 350ms (next.js: 30ms, application-code: 320ms)
✓ Compiled in 135ms
 GET / 200 in 235ms (next.js: 114ms, application-code: 122ms)
 GET / 200 in 47ms (next.js: 4ms, application-code: 43ms)
 GET /worker.js 404 in 128ms (next.js: 11ms, application-code: 118ms)
✓ Compiled in 129ms
 GET / 200 in 197ms (next.js: 105ms, application-code: 92ms)
 GET / 200 in 43ms (next.js: 5ms, application-code: 38ms)
 GET /worker.js 404 in 145ms (next.js: 10ms, application-code: 135ms)
✓ Compiled in 154ms
 GET / 200 in 165ms (next.js: 109ms, application-code: 56ms)
 GET / 200 in 57ms (next.js: 5ms, application-code: 53ms)
✓ Compiled in 126ms
 GET / 200 in 283ms (next.js: 113ms, application-code: 170ms)
 GET / 200 in 107ms (next.js: 5ms, application-code: 102ms)
 GET /worker.js 404 in 249ms (next.js: 86ms, application-code: 163ms)
 GET /register 200 in 263ms (next.js: 133ms, application-code: 130ms)
✓ Compiled in 501ms
 GET / 200 in 422ms (next.js: 135ms, application-code: 287ms)
 GET /register 200 in 207ms (next.js: 133ms, application-code: 73ms)
 GET /worker.js 404 in 357ms (next.js: 106ms, application-code: 251ms)
✓ Compiled in 2.6s
 GET /register 200 in 706ms (next.js: 334ms, application-code: 372ms)
 GET / 200 in 726ms (next.js: 245ms, application-code: 481ms)
 GET / 200 in 324ms (next.js: 8ms, application-code: 316ms)
 GET /register 200 in 338ms (next.js: 65ms, application-code: 274ms)
 GET / 200 in 248ms (next.js: 16ms, application-code: 233ms)
 GET /register 200 in 252ms (next.js: 73ms, application-code: 179ms)
 GET /worker.js 404 in 417ms (next.js: 34ms, application-code: 384ms)
 GET /admin 200 in 128ms (next.js: 85ms, application-code: 43ms)
 GET /login?redirect=%2Fadmin 200 in 367ms (next.js: 253ms, application-code: 114ms)
 GET /login?redirect=%2Fadmin 200 in 55ms (next.js: 8ms, application-code: 47ms)
 GET /login 200 in 15ms (next.js: 4ms, application-code: 12ms)
 GET /login 200 in 32ms (next.js: 6ms, application-code: 26ms)
✓ Compiled in 822ms
 GET /login 200 in 425ms (next.js: 175ms, application-code: 251ms)
 GET / 200 in 426ms (next.js: 364ms, application-code: 61ms)
 GET /worker.js 404 in 758ms (next.js: 283ms, application-code: 476ms)
✓ Compiled in 472ms
 GET / 200 in 315ms (next.js: 99ms, application-code: 215ms)
 GET /login 200 in 157ms (next.js: 24ms, application-code: 133ms)
 GET /worker.js 404 in 238ms (next.js: 18ms, application-code: 219ms)
 GET /register 200 in 322ms (next.js: 226ms, application-code: 96ms)
 GET / 200 in 178ms (next.js: 7ms, application-code: 172ms)
 GET /worker.js 404 in 119ms (next.js: 7ms, application-code: 112ms)
 GET /worker.js 404 in 53ms (next.js: 4ms, application-code: 49ms)
✓ Compiled in 1596ms
 GET / 200 in 1253ms (next.js: 120ms, application-code: 1134ms)
 GET / 200 in 802ms (next.js: 12ms, application-code: 790ms)
 GET / 200 in 2.3s (next.js: 755ms, application-code: 1565ms)
 GET / 200 in 1686ms (next.js: 43ms, application-code: 1643ms)
 GET / 200 in 3.2s (next.js: 796ms, application-code: 2.4s)
 GET / 200 in 2.4s (next.js: 236ms, application-code: 2.2s)
 GET /worker.js 404 in 2.5s (next.js: 829ms, application-code: 1640ms)
 GET / 200 in 2.5s (next.js: 707ms, application-code: 1752ms)
 GET / 200 in 1498ms (next.js: 56ms, application-code: 1442ms)
 GET / 200 in 1233ms (next.js: 80ms, application-code: 1153ms)
 GET / 200 in 656ms (next.js: 16ms, application-code: 641ms)
 GET / 200 in 689ms (next.js: 209ms, application-code: 480ms)
 GET / 200 in 231ms (next.js: 6ms, application-code: 226ms)
 GET / 200 in 232ms (next.js: 65ms, application-code: 167ms)
 GET / 200 in 294ms (next.js: 6ms, application-code: 288ms)
 GET / 200 in 709ms (next.js: 54ms, application-code: 655ms)
 GET / 200 in 620ms (next.js: 8ms, application-code: 612ms)
 GET / 200 in 699ms (next.js: 8ms, application-code: 691ms)
 GET / 200 in 701ms (next.js: 54ms, application-code: 648ms)
 GET / 200 in 701ms (next.js: 90ms, application-code: 612ms)
 GET / 200 in 390ms (next.js: 12ms, application-code: 378ms)
 GET / 200 in 390ms (next.js: 82ms, application-code: 308ms)
 GET / 200 in 267ms (next.js: 15ms, application-code: 252ms)
 GET / 200 in 212ms (next.js: 7ms, application-code: 206ms)
 GET / 200 in 213ms (next.js: 47ms, application-code: 166ms)
 GET /worker.js 404 in 211ms (next.js: 101ms, application-code: 110ms)
 GET /worker.js 404 in 213ms (next.js: 13ms, application-code: 200ms)
 GET /admin 200 in 632ms (next.js: 476ms, application-code: 156ms)
✓ Compiled in 459ms
 GET / 200 in 506ms (next.js: 336ms, application-code: 171ms)
 GET /admin 200 in 491ms (next.js: 336ms, application-code: 155ms)
 GET / 200 in 93ms (next.js: 9ms, application-code: 83ms)
 GET /admin 200 in 116ms (next.js: 13ms, application-code: 104ms)
 GET /worker.js.map 404 in 1314ms (next.js: 481ms, application-code: 833ms)
 GET /worker.js 404 in 158ms (next.js: 11ms, application-code: 147ms)
✓ Compiled in 278ms
 GET / 200 in 537ms (next.js: 180ms, application-code: 357ms)
 GET /admin 200 in 287ms (next.js: 178ms, application-code: 109ms)
✓ Compiled in 402ms
 GET /login?redirect=%2Fadmin 200 in 570ms (next.js: 218ms, application-code: 352ms)
 GET / 200 in 595ms (next.js: 445ms, application-code: 150ms)
 GET /login?redirect=%2Fadmin 200 in 478ms (next.js: 33ms, application-code: 444ms)
 GET /worker.js 404 in 627ms (next.js: 241ms, application-code: 386ms)
✓ Compiled in 504ms
 GET /login?redirect=%2Fadmin 200 in 621ms (next.js: 475ms, application-code: 146ms)
 GET / 200 in 638ms (next.js: 307ms, application-code: 332ms)
 GET / 200 in 115ms (next.js: 15ms, application-code: 99ms)
 GET /admin 200 in 675ms (next.js: 425ms, application-code: 251ms)
 GET /login?redirect=%2Fadmin 200 in 186ms (next.js: 37ms, application-code: 149ms)
 GET /login?redirect=%2Fadmin 200 in 65ms (next.js: 8ms, application-code: 57ms)
 GET /worker.js 404 in 366ms (next.js: 36ms, application-code: 329ms)
✓ Compiled in 272ms
 GET / 200 in 690ms (next.js: 274ms, application-code: 416ms)
 GET /login?redirect=%2Fadmin 200 in 315ms (next.js: 213ms, application-code: 102ms)
✓ Compiled in 271ms
 GET / 200 in 524ms (next.js: 155ms, application-code: 369ms)
 GET /login?redirect=%2Fadmin 200 in 526ms (next.js: 409ms, application-code: 117ms)
✓ Compiled in 564ms
 GET /login?redirect=%2Fadmin 500 in 120ms (next.js: 34ms, application-code: 86ms)
 GET / 500 in 117ms (next.js: 81ms, application-code: 37ms)
[browser] ./app/admin/page.js:814:17
Expression expected
  812 |                     Settings saved successfully.
  813 |                   </div>
> 814 |                 )}
      |                 ^
  815 |                 {settingsError && (
  816 |                   <div className="flex items-center gap-2 text-sm text-red-600 bg-red-50 ...
  817 |                     <AlertCircle size={16} />

Parsing ecmascript source code failed

Import traces:
  Client Component Browser:
    ./app/admin/page.js [Client Component Browser]
    ./app/admin/page.js [Server Component]

  Client Component SSR:
    ./app/admin/page.js [Client Component SSR]
    ./app/admin/page.js [Server Component] 
 GET / 500 in 125ms (next.js: 38ms, application-code: 87ms)
 GET /login?redirect=%2Fadmin 500 in 126ms (next.js: 69ms, application-code: 57ms)
[browser] ./app/admin/page.js:814:17
Expression expected
  812 |                     Settings saved successfully.
  813 |                   </div>
> 814 |                 )}
      |                 ^
  815 |                 {settingsError && (
  816 |                   <div className="flex items-center gap-2 text-sm text-red-600 bg-red-50 ...
  817 |                     <AlertCircle size={16} />

Parsing ecmascript source code failed

Import traces:
  Client Component Browser:
    ./app/admin/page.js [Client Component Browser]
    ./app/admin/page.js [Server Component]

  Client Component SSR:
    ./app/admin/page.js [Client Component SSR]
    ./app/admin/page.js [Server Component] 
[browser] ./app/admin/page.js:814:17
Expression expected
  812 |                     Settings saved successfully.
  813 |                   </div>
> 814 |                 )}
      |                 ^
  815 |                 {settingsError && (
  816 |                   <div className="flex items-center gap-2 text-sm text-red-600 bg-red-50 ...
  817 |                     <AlertCircle size={16} />

Parsing ecmascript source code failed

Import traces:
  Client Component Browser:
    ./app/admin/page.js [Client Component Browser]
    ./app/admin/page.js [Server Component]

  Client Component SSR:
    ./app/admin/page.js [Client Component SSR]
    ./app/admin/page.js [Server Component] 
 GET /login?redirect=%2Fadmin 500 in 92ms (next.js: 36ms, application-code: 55ms)
 GET / 500 in 84ms (next.js: 57ms, application-code: 28ms)
[browser] ./app/admin/page.js:814:17
Expression expected
  812 |                     Settings saved successfully.
  813 |                   </div>
> 814 |                 )}
      |                 ^
  815 |                 {settingsError && (
  816 |                   <div className="flex items-center gap-2 text-sm text-red-600 bg-red-50 ...
  817 |                     <AlertCircle size={16} />

Parsing ecmascript source code failed

Import traces:
  Client Component Browser:
    ./app/admin/page.js [Client Component Browser]
    ./app/admin/page.js [Server Component]

  Client Component SSR:
    ./app/admin/page.js [Client Component SSR]
    ./app/admin/page.js [Server Component] 
 GET /login?redirect=%2Fadmin 500 in 191ms (next.js: 78ms, application-code: 113ms)
[browser] ./app/admin/page.js:814:17
Expression expected
  812 |                     Settings saved successfully.
  813 |                   </div>
> 814 |                 )}
      |                 ^
  815 |                 {settingsError && (
  816 |                   <div className="flex items-center gap-2 text-sm text-red-600 bg-red-50 ...
  817 |                     <AlertCircle size={16} />

Parsing ecmascript source code failed

Import traces:
  Client Component Browser:
    ./app/admin/page.js [Client Component Browser]
    ./app/admin/page.js [Server Component]

  Client Component SSR:
    ./app/admin/page.js [Client Component SSR]
    ./app/admin/page.js [Server Component] 
 GET / 500 in 232ms (next.js: 150ms, application-code: 82ms)
[browser] ./app/admin/page.js:814:17
Expression expected
  812 |                     Settings saved successfully.
  813 |                   </div>
> 814 |                 )}
      |                 ^
  815 |                 {settingsError && (
  816 |                   <div className="flex items-center gap-2 text-sm text-red-600 bg-red-50 ...
  817 |                     <AlertCircle size={16} />

Parsing ecmascript source code failed

Import traces:
  Client Component Browser:
    ./app/admin/page.js [Client Component Browser]
    ./app/admin/page.js [Server Component]

  Client Component SSR:
    ./app/admin/page.js [Client Component SSR]
    ./app/admin/page.js [Server Component] 
[browser] Uncaught Error: ./app/admin/page.js:814:17
Expression expected
  812 |                     Settings saved successfully.
  813 |                   </div>
> 814 |                 )}
      |                 ^
  815 |                 {settingsError && (
  816 |                   <div className="flex items-center gap-2 text-sm text-red-600 bg-red-50 ...
  817 |                     <AlertCircle size={16} />

Parsing ecmascript source code failed

Import traces:
  Client Component Browser:
    ./app/admin/page.js [Client Component Browser]
    ./app/admin/page.js [Server Component]

  Client Component SSR:
    ./app/admin/page.js [Client Component SSR]
    ./app/admin/page.js [Server Component]


    at <unknown> (Error: ./app/admin/page.js:814:17)
    at <unknown> (Error: (./app/admin/page.js:814:17)
[browser] Uncaught Error: ./app/admin/page.js:814:17
Expression expected
  812 |                     Settings saved successfully.
  813 |                   </div>
> 814 |                 )}
      |                 ^
  815 |                 {settingsError && (
  816 |                   <div className="flex items-center gap-2 text-sm text-red-600 bg-red-50 ...
  817 |                     <AlertCircle size={16} />

Parsing ecmascript source code failed

Import traces:
  Client Component Browser:
    ./app/admin/page.js [Client Component Browser]
    ./app/admin/page.js [Server Component]

  Client Component SSR:
    ./app/admin/page.js [Client Component SSR]
    ./app/admin/page.js [Server Component]


    at <unknown> (Error: ./app/admin/page.js:814:17)
    at <unknown> (Error: (./app/admin/page.js:814:17)
[browser] ./app/admin/page.js:814:17
Expression expected
  812 |                     Settings saved successfully.
  813 |                   </div>
> 814 |                 )}
      |                 ^
  815 |                 {settingsError && (
  816 |                   <div className="flex items-center gap-2 text-sm text-red-600 bg-red-50 ...
  817 |                     <AlertCircle size={16} />

Parsing ecmascript source code failed

Import traces:
  Client Component Browser:
    ./app/admin/page.js [Client Component Browser]
    ./app/admin/page.js [Server Component]

  Client Component SSR:
    ./app/admin/page.js [Client Component SSR]
    ./app/admin/page.js [Server Component] 
[browser] ./app/admin/page.js:814:17
Expression expected
  812 |                     Settings saved successfully.
  813 |                   </div>
> 814 |                 )}
      |                 ^
  815 |                 {settingsError && (
  816 |                   <div className="flex items-center gap-2 text-sm text-red-600 bg-red-50 ...
  817 |                     <AlertCircle size={16} />

Parsing ecmascript source code failed

Import traces:
  Client Component Browser:
    ./app/admin/page.js [Client Component Browser]
    ./app/admin/page.js [Server Component]

  Client Component SSR:
    ./app/admin/page.js [Client Component SSR]
    ./app/admin/page.js [Server Component] 
[browser] ./app/admin/page.js:814:17
Expression expected
  812 |                     Settings saved successfully.
  813 |                   </div>
> 814 |                 )}
      |                 ^
  815 |                 {settingsError && (
  816 |                   <div className="flex items-center gap-2 text-sm text-red-600 bg-red-50 ...
  817 |                     <AlertCircle size={16} />

Parsing ecmascript source code failed

Import traces:
  Client Component Browser:
    ./app/admin/page.js [Client Component Browser]
    ./app/admin/page.js [Server Component]

  Client Component SSR:
    ./app/admin/page.js [Client Component SSR]
    ./app/admin/page.js [Server Component] 
 GET /worker.js 500 in 47ms (next.js: 25ms, application-code: 23ms)
[browser] ./app/admin/page.js:814:17
Expression expected
  812 |                     Settings saved successfully.
  813 |                   </div>
> 814 |                 )}
      |                 ^
  815 |                 {settingsError && (
  816 |                   <div className="flex items-center gap-2 text-sm text-red-600 bg-red-50 ...
  817 |                     <AlertCircle size={16} />

Parsing ecmascript source code failed

Import traces:
  Client Component Browser:
    ./app/admin/page.js [Client Component Browser]
    ./app/admin/page.js [Server Component]

  Client Component SSR:
    ./app/admin/page.js [Client Component SSR]
    ./app/admin/page.js [Server Component] 
✓ Compiled in 379ms
 GET / 200 in 907ms (next.js: 176ms, application-code: 731ms)
 GET /login?redirect=%2Fadmin 200 in 1689ms (next.js: 191ms, application-code: 1497ms)
 GET /worker.js 404 in 683ms (next.js: 332ms, application-code: 351ms)
 GET / 200 in 1496ms (next.js: 260ms, application-code: 1236ms)
 GET /login?redirect=%2Fadmin 200 in 933ms (next.js: 12ms, application-code: 921ms)
 GET /login?redirect=%2Fadmin 200 in 746ms (next.js: 59ms, application-code: 687ms)
 GET /login?redirect=%2Fadmin 200 in 746ms (next.js: 137ms, application-code: 609ms)
 GET /login?redirect=%2Fadmin 200 in 732ms (next.js: 347ms, application-code: 385ms)
 GET /worker.js 404 in 183ms (next.js: 10ms, application-code: 173ms)
 GET /worker.js 404 in 178ms (next.js: 12ms, application-code: 167ms)
✓ Compiled in 1207ms
 GET / 200 in 723ms (next.js: 634ms, application-code: 89ms)
 GET / 200 in 2.9s (next.js: 842ms, application-code: 2.0s)
 GET /login?redirect=%2Fadmin 200 in 3.6s (next.js: 1207ms, application-code: 2.4s)
 GET /login?redirect=%2Fadmin 200 in 1670ms (next.js: 99ms, application-code: 1571ms)
 GET /login?redirect=%2Fadmin 200 in 3.8s (next.js: 1089ms, application-code: 2.7s)
 GET / 200 in 2.7s (next.js: 356ms, application-code: 2.4s)
 GET /worker.js 404 in 2.0s (next.js: 810ms, application-code: 1219ms)
 GET /login?redirect=%2Fadmin 200 in 757ms (next.js: 23ms, application-code: 734ms)
 GET /login?redirect=%2Fadmin 200 in 1407ms (next.js: 460ms, application-code: 947ms)
 GET /login?redirect=%2Fadmin 200 in 502ms (next.js: 125ms, application-code: 377ms)
 GET /login?redirect=%2Fadmin 200 in 1089ms (next.js: 36ms, application-code: 1052ms)
 GET /login?redirect=%2Fadmin 200 in 1314ms (next.js: 33ms, application-code: 1281ms)
 GET /login?redirect=%2Fadmin 200 in 995ms (next.js: 16ms, application-code: 979ms)
 GET /login?redirect=%2Fadmin 200 in 1065ms (next.js: 100ms, application-code: 965ms)
 GET /login?redirect=%2Fadmin 200 in 978ms (next.js: 62ms, application-code: 915ms)
 GET /login?redirect=%2Fadmin 200 in 499ms (next.js: 13ms, application-code: 486ms)
 GET /login?redirect=%2Fadmin 200 in 499ms (next.js: 98ms, application-code: 401ms)
 GET /login?redirect=%2Fadmin 200 in 350ms (next.js: 15ms, application-code: 335ms)
 GET /login?redirect=%2Fadmin 200 in 340ms (next.js: 14ms, application-code: 326ms)
 GET /login?redirect=%2Fadmin 200 in 279ms (next.js: 45ms, application-code: 234ms)
 GET /login?redirect=%2Fadmin 200 in 257ms (next.js: 76ms, application-code: 180ms)
 GET /login?redirect=%2Fadmin 200 in 115ms (next.js: 12ms, application-code: 103ms)
 GET /worker.js 404 in 194ms (next.js: 12ms, application-code: 182ms)
 GET /worker.js 404 in 140ms (next.js: 13ms, application-code: 127ms)
 GET / 200 in 103ms (next.js: 10ms, application-code: 94ms)
 GET /login 200 in 103ms (next.js: 15ms, application-code: 87ms)
✓ Compiled in 297ms
 GET / 200 in 646ms (next.js: 189ms, application-code: 457ms)
 GET /login 200 in 645ms (next.js: 453ms, application-code: 192ms)
 GET /worker.js 404 in 1207ms (next.js: 413ms, application-code: 793ms)
 GET / 200 in 99ms (next.js: 12ms, application-code: 87ms)
✓ Compiled in 1483ms
 GET / 200 in 1947ms (next.js: 254ms, application-code: 1693ms)
 GET / 200 in 585ms (next.js: 35ms, application-code: 550ms)
 GET / 200 in 2.3s (next.js: 391ms, application-code: 1909ms)
 GET / 200 in 2.4s (next.js: 471ms, application-code: 1879ms)
 GET / 200 in 996ms (next.js: 137ms, application-code: 858ms)
 GET / 200 in 1711ms (next.js: 30ms, application-code: 1682ms)
 GET / 200 in 1213ms (next.js: 44ms, application-code: 1168ms)
 GET / 200 in 1218ms (next.js: 151ms, application-code: 1067ms)
 GET / 200 in 1812ms (next.js: 96ms, application-code: 1716ms)
 GET / 200 in 2.7s (next.js: 31ms, application-code: 2.6s)
 GET / 200 in 2.3s (next.js: 53ms, application-code: 2.2s)
 GET / 200 in 2.3s (next.js: 293ms, application-code: 1967ms)
 GET / 200 in 555ms (next.js: 202ms, application-code: 353ms)
 GET / 200 in 1772ms (next.js: 38ms, application-code: 1734ms)
 GET / 200 in 1830ms (next.js: 325ms, application-code: 1505ms)
 GET / 200 in 708ms (next.js: 63ms, application-code: 645ms)
 GET / 200 in 537ms (next.js: 17ms, application-code: 520ms)
 GET / 200 in 542ms (next.js: 97ms, application-code: 446ms)
 GET / 200 in 454ms (next.js: 19ms, application-code: 435ms)
 GET / 200 in 494ms (next.js: 20ms, application-code: 473ms)
 GET / 200 in 498ms (next.js: 120ms, application-code: 378ms)
 GET / 200 in 568ms (next.js: 33ms, application-code: 535ms)
 GET / 200 in 478ms (next.js: 13ms, application-code: 465ms)
 GET / 200 in 483ms (next.js: 87ms, application-code: 396ms)
 GET / 200 in 352ms (next.js: 25ms, application-code: 327ms)
 GET / 200 in 306ms (next.js: 42ms, application-code: 264ms)
 GET /worker.js 404 in 902ms (next.js: 249ms, application-code: 653ms)
 GET /login 200 in 375ms (next.js: 250ms, application-code: 125ms)
 GET /register 200 in 432ms (next.js: 315ms, application-code: 117ms)
 GET / 200 in 306ms (next.js: 8ms, application-code: 297ms)
 GET /worker.js 404 in 263ms (next.js: 17ms, application-code: 245ms)
 GET /worker.js 404 in 230ms (next.js: 17ms, application-code: 213ms)
 GET /login 200 in 78ms (next.js: 10ms, application-code: 68ms)
 GET /register 200 in 142ms (next.js: 13ms, application-code: 128ms)
 GET / 200 in 216ms (next.js: 9ms, application-code: 208ms)
 GET /worker.js 404 in 179ms (next.js: 17ms, application-code: 161ms)
 GET /register 200 in 64ms (next.js: 7ms, application-code: 56ms)
 GET / 200 in 282ms (next.js: 11ms, application-code: 272ms)
 GET /worker.js 404 in 414ms (next.js: 19ms, application-code: 395ms)
 GET /worker.js 404 in 158ms (next.js: 24ms, application-code: 134ms)
 GET / 200 in 332ms (next.js: 10ms, application-code: 322ms)
 GET /register 200 in 313ms (next.js: 9ms, application-code: 304ms)
 GET /register 200 in 146ms (next.js: 8ms, application-code: 137ms)
 GET / 200 in 310ms (next.js: 8ms, application-code: 302ms)
 GET /api/settings 404 in 272ms (next.js: 23ms, application-code: 249ms)
 GET / 200 in 378ms (next.js: 16ms, application-code: 362ms)
 GET /login 200 in 103ms (next.js: 16ms, application-code: 86ms)
 GET /worker.js 404 in 230ms (next.js: 20ms, application-code: 210ms)
 GET /register 200 in 91ms (next.js: 9ms, application-code: 82ms)
 GET /lib/base44Client 404 in 227ms (next.js: 16ms, application-code: 211ms)
 GET / 200 in 328ms (next.js: 12ms, application-code: 316ms)
 GET /worker.js 404 in 202ms (next.js: 15ms, application-code: 187ms)
 GET / 200 in 233ms (next.js: 7ms, application-code: 226ms)
 GET /worker.js 404 in 142ms (next.js: 10ms, application-code: 132ms)
 GET /register 200 in 440ms (next.js: 10ms, application-code: 430ms)
 GET /lib/base44Client 404 in 167ms (next.js: 13ms, application-code: 154ms)
 GET /api/settings 404 in 195ms (next.js: 12ms, application-code: 183ms)
 GET / 200 in 208ms (next.js: 6ms, application-code: 202ms)
✓ Compiled in 321ms
 GET / 200 in 462ms (next.js: 251ms, application-code: 211ms)
 GET / 200 in 93ms (next.js: 7ms, application-code: 86ms)
 GET /worker.js 404 in 1119ms (next.js: 398ms, application-code: 721ms)
 GET /register 200 in 567ms (next.js: 214ms, application-code: 353ms)
 GET / 200 in 312ms (next.js: 6ms, application-code: 305ms)
 GET /login 200 in 423ms (next.js: 286ms, application-code: 137ms)
✓ Compiled in 379ms
 GET /login 200 in 785ms (next.js: 334ms, application-code: 451ms)
 GET / 200 in 787ms (next.js: 651ms, application-code: 136ms)
 GET /register 200 in 647ms (next.js: 335ms, application-code: 312ms)
 GET / 200 in 1059ms (next.js: 35ms, application-code: 1023ms)
 GET /worker.js 404 in 585ms (next.js: 218ms, application-code: 367ms)
 GET /worker.js 404 in 209ms (next.js: 58ms, application-code: 151ms)
 GET /worker.js 404 in 217ms (next.js: 10ms, application-code: 207ms)
 GET / 200 in 254ms (next.js: 9ms, application-code: 245ms)
 GET /worker.js 404 in 177ms (next.js: 19ms, application-code: 159ms)
 GET /fast 200 in 486ms (next.js: 347ms, application-code: 138ms)
